ts,machine_id,power_kw,energy_kwh_cumulative,sample_interval_sec
2026-03-01 06:00:00+00:00,DMU50_001,9.371,1000.15618,60.0
2026-03-01 06:01:00+00:00,DMU50_001,9.708,1000.31798,60.0
2026-03-01 06:02:00+00:00,DMU50_001,9.192,1000.47118,60.0
2026-03-01 06:03:00+00:00,DMU50_001,8.641,1000.6152,60.0
2026-03-01 06:04:00+00:00,DMU50_001,9.136,1000.76747,60.0
2026-03-01 06:05:00+00:00,DMU50_001,9.971,1000.93365,60.0
2026-03-01 06:06:00+00:00,DMU50_001,4.22,1001.00398,60.0
2026-03-01 06:07:00+00:00,DMU50_001,4.492,1001.07885,60.0
2026-03-01 06:08:00+00:00,DMU50_001,4.052,1001.14638,60.0
2026-03-01 06:09:00+00:00,DMU50_001,4.192,1001.21625,60.0
2026-03-01 06:10:00+00:00,DMU50_001,8.186,1001.35268,60.0
2026-03-01 06:11:00+00:00,DMU50_001,3.579,1001.41233,60.0
2026-03-01 06:12:00+00:00,DMU50_001,3.347,1001.46811,60.0
2026-03-01 06:13:00+00:00,DMU50_001,4.038,1001.53541,60.0
2026-03-01 06:14:00+00:00,DMU50_001,4.398,1001.60871,60.0
2026-03-01 06:15:00+00:00,DMU50_001,4.438,1001.68268,60.0
2026-03-01 06:16:00+00:00,DMU50_001,4.502,1001.75771,60.0
2026-03-01 06:17:00+00:00,DMU50_001,15.902,1002.02274,60.0
2026-03-01 06:18:00+00:00,DMU50_001,15.067,1002.27386,60.0
2026-03-01 06:19:00+00:00,DMU50_001,14.844,1002.52126,60.0
2026-03-01 06:20:00+00:00,DMU50_001,15.675,1002.78251,60.0
2026-03-01 06:21:00+00:00,DMU50_001,15.357,1003.03846,60.0
2026-03-01 06:22:00+00:00,DMU50_001,14.509,1003.28028,60.0
2026-03-01 06:23:00+00:00,DMU50_001,14.483,1003.52166,60.0
2026-03-01 06:24:00+00:00,DMU50_001,15.246,1003.77576,60.0
2026-03-01 06:25:00+00:00,DMU50_001,14.911,1004.02428,60.0
2026-03-01 06:26:00+00:00,DMU50_001,8.989,1004.1741,60.0
2026-03-01 06:27:00+00:00,DMU50_001,9.429,1004.33125,60.0
2026-03-01 06:28:00+00:00,DMU50_001,9.304,1004.48632,60.0
2026-03-01 06:29:00+00:00,DMU50_001,9.532,1004.64519,60.0
2026-03-01 06:30:00+00:00,DMU50_001,3.114,1004.69709,60.0
2026-03-01 06:31:00+00:00,DMU50_001,3.551,1004.75627,60.0
2026-03-01 06:32:00+00:00,DMU50_001,3.639,1004.81692,60.0
2026-03-01 06:33:00+00:00,DMU50_001,3.195,1004.87017,60.0
2026-03-01 06:34:00+00:00,DMU50_001,3.369,1004.92632,60.0
2026-03-01 06:35:00+00:00,DMU50_001,4.032,1004.99352,60.0
2026-03-01 06:36:00+00:00,DMU50_001,4.204,1005.06359,60.0
2026-03-01 06:37:00+00:00,DMU50_001,4.526,1005.13902,60.0
2026-03-01 06:38:00+00:00,DMU50_001,16.011,1005.40587,60.0
2026-03-01 06:39:00+00:00,DMU50_001,14.593,1005.64909,60.0
2026-03-01 06:40:00+00:00,DMU50_001,15.263,1005.90347,60.0
2026-03-01 06:41:00+00:00,DMU50_001,15.279,1006.15812,60.0
2026-03-01 06:42:00+00:00,DMU50_001,15.194,1006.41135,60.0
2026-03-01 06:43:00+00:00,DMU50_001,15.199,1006.66467,60.0
2026-03-01 06:44:00+00:00,DMU50_001,15.152,1006.9172,60.0
2026-03-01 06:45:00+00:00,DMU50_001,9.675,1007.07845,60.0
2026-03-01 06:46:00+00:00,DMU50_001,9.441,1007.2358,60.0
2026-03-01 06:47:00+00:00,DMU50_001,8.576,1007.37873,60.0
2026-03-01 06:48:00+00:00,DMU50_001,4.359,1007.45138,60.0
2026-03-01 06:49:00+00:00,DMU50_001,4.378,1007.52435,60.0
2026-03-01 06:50:00+00:00,DMU50_001,8.094,1007.65925,60.0
2026-03-01 06:51:00+00:00,DMU50_001,15.566,1007.91868,60.0
2026-03-01 06:52:00+00:00,DMU50_001,15.094,1008.17025,60.0
2026-03-01 06:53:00+00:00,DMU50_001,15.1,1008.42192,60.0
2026-03-01 06:54:00+00:00,DMU50_001,15.061,1008.67294,60.0
2026-03-01 06:55:00+00:00,DMU50_001,13.991,1008.90612,60.0
2026-03-01 06:56:00+00:00,DMU50_001,14.96,1009.15545,60.0
2026-03-01 06:57:00+00:00,DMU50_001,14.666,1009.39988,60.0
2026-03-01 06:58:00+00:00,DMU50_001,14.407,1009.64,60.0
2026-03-01 06:59:00+00:00,DMU50_001,15.717,1009.90195,60.0
2026-03-01 07:00:00+00:00,DMU50_001,9.202,1010.05532,60.0
2026-03-01 07:01:00+00:00,DMU50_001,8.988,1010.20512,60.0
2026-03-01 07:02:00+00:00,DMU50_001,8.774,1010.35135,60.0
2026-03-01 07:03:00+00:00,DMU50_001,3.559,1010.41067,60.0
2026-03-01 07:04:00+00:00,DMU50_001,3.698,1010.4723,60.0
2026-03-01 07:05:00+00:00,DMU50_001,3.335,1010.52788,60.0
2026-03-01 07:06:00+00:00,DMU50_001,4.199,1010.59786,60.0
2026-03-01 07:07:00+00:00,DMU50_001,4.374,1010.67076,60.0
2026-03-01 07:08:00+00:00,DMU50_001,3.813,1010.73431,60.0
2026-03-01 07:09:00+00:00,DMU50_001,4.188,1010.80411,60.0
2026-03-01 07:10:00+00:00,DMU50_001,14.785,1011.05053,60.0
2026-03-01 07:11:00+00:00,DMU50_001,14.933,1011.29941,60.0
2026-03-01 07:12:00+00:00,DMU50_001,14.749,1011.54523,60.0
2026-03-01 07:13:00+00:00,DMU50_001,15.069,1011.79638,60.0
2026-03-01 07:14:00+00:00,DMU50_001,15.962,1012.06241,60.0
2026-03-01 07:15:00+00:00,DMU50_001,14.838,1012.30971,60.0
2026-03-01 07:16:00+00:00,DMU50_001,15.146,1012.56214,60.0
2026-03-01 07:17:00+00:00,DMU50_001,9.798,1012.72544,60.0
2026-03-01 07:18:00+00:00,DMU50_001,8.78,1012.87177,60.0
2026-03-01 07:19:00+00:00,DMU50_001,8.544,1013.01417,60.0
2026-03-01 07:20:00+00:00,DMU50_001,3.501,1013.07252,60.0
2026-03-01 07:21:00+00:00,DMU50_001,3.856,1013.13679,60.0
2026-03-01 07:22:00+00:00,DMU50_001,3.65,1013.19762,60.0
2026-03-01 07:23:00+00:00,DMU50_001,9.123,1013.34967,60.0
2026-03-01 07:24:00+00:00,DMU50_001,8.974,1013.49924,60.0
2026-03-01 07:25:00+00:00,DMU50_001,8.75,1013.64507,60.0
2026-03-01 07:26:00+00:00,DMU50_001,9.03,1013.79557,60.0
2026-03-01 07:27:00+00:00,DMU50_001,9.359,1013.95155,60.0
2026-03-01 07:28:00+00:00,DMU50_001,8.995,1014.10147,60.0
2026-03-01 07:29:00+00:00,DMU50_001,8.873,1014.24935,60.0
2026-03-01 07:30:00+00:00,DMU50_001,8.9,1014.39768,60.0
2026-03-01 07:31:00+00:00,DMU50_001,8.298,1014.53598,60.0
2026-03-01 07:32:00+00:00,DMU50_001,8.368,1014.67545,60.0
2026-03-01 07:33:00+00:00,DMU50_001,4.067,1014.74323,60.0
2026-03-01 07:34:00+00:00,DMU50_001,4.066,1014.811,60.0
2026-03-01 07:35:00+00:00,DMU50_001,4.276,1014.88227,60.0
2026-03-01 07:36:00+00:00,DMU50_001,8.458,1015.02324,60.0
2026-03-01 07:37:00+00:00,DMU50_001,4.429,1015.09706,60.0
2026-03-01 07:38:00+00:00,DMU50_001,3.95,1015.16289,60.0
2026-03-01 07:39:00+00:00,DMU50_001,14.868,1015.41069,60.0
2026-03-01 07:40:00+00:00,DMU50_001,14.535,1015.65294,60.0
2026-03-01 07:41:00+00:00,DMU50_001,14.866,1015.90071,60.0
2026-03-01 07:42:00+00:00,DMU50_001,15.802,1016.16408,60.0
2026-03-01 07:43:00+00:00,DMU50_001,14.289,1016.40223,60.0
2026-03-01 07:44:00+00:00,DMU50_001,14.191,1016.63875,60.0
2026-03-01 07:45:00+00:00,DMU50_001,14.586,1016.88185,60.0
2026-03-01 07:46:00+00:00,DMU50_001,15.144,1017.13425,60.0
2026-03-01 07:47:00+00:00,DMU50_001,15.31,1017.38942,60.0
2026-03-01 07:48:00+00:00,DMU50_001,15.219,1017.64307,60.0
2026-03-01 07:49:00+00:00,DMU50_001,9.47,1017.8009,60.0
2026-03-01 07:50:00+00:00,DMU50_001,8.295,1017.93915,60.0
2026-03-01 07:51:00+00:00,DMU50_001,9.475,1018.09707,60.0
2026-03-01 07:52:00+00:00,DMU50_001,8.875,1018.24499,60.0
2026-03-01 07:53:00+00:00,DMU50_001,8.219,1018.38197,60.0
2026-03-01 07:54:00+00:00,DMU50_001,14.338,1018.62094,60.0
2026-03-01 07:55:00+00:00,DMU50_001,15.002,1018.87097,60.0
2026-03-01 07:56:00+00:00,DMU50_001,15.118,1019.12294,60.0
2026-03-01 07:57:00+00:00,DMU50_001,15.578,1019.38257,60.0
2026-03-01 07:58:00+00:00,DMU50_001,14.207,1019.61935,60.0
2026-03-01 07:59:00+00:00,DMU50_001,15.015,1019.8696,60.0
2026-03-01 08:00:00+00:00,DMU50_001,14.457,1020.11055,60.0
2026-03-01 08:01:00+00:00,DMU50_001,15.253,1020.36477,60.0
2026-03-01 08:02:00+00:00,DMU50_001,15.389,1020.62125,60.0
2026-03-01 08:03:00+00:00,DMU50_001,9.515,1020.77983,60.0
2026-03-01 08:04:00+00:00,DMU50_001,8.786,1020.92626,60.0
2026-03-01 08:05:00+00:00,DMU50_001,9.371,1021.08244,60.0
2026-03-01 08:06:00+00:00,DMU50_001,9.544,1021.24151,60.0
2026-03-01 08:07:00+00:00,DMU50_001,3.871,1021.30603,60.0
2026-03-01 08:08:00+00:00,DMU50_001,4.322,1021.37806,60.0
2026-03-01 08:09:00+00:00,DMU50_001,8.288,1021.51619,60.0
2026-03-01 08:10:00+00:00,DMU50_001,4.148,1021.58532,60.0
2026-03-01 08:11:00+00:00,DMU50_001,3.958,1021.65129,60.0
2026-03-01 08:12:00+00:00,DMU50_001,4.389,1021.72444,60.0
2026-03-01 08:13:00+00:00,DMU50_001,3.96,1021.79044,60.0
2026-03-01 08:14:00+00:00,DMU50_001,14.911,1022.03896,60.0
2026-03-01 08:15:00+00:00,DMU50_001,14.98,1022.28863,60.0
2026-03-01 08:16:00+00:00,DMU50_001,15.358,1022.5446,60.0
2026-03-01 08:17:00+00:00,DMU50_001,14.687,1022.78938,60.0
2026-03-01 08:18:00+00:00,DMU50_001,14.658,1023.03368,60.0
2026-03-01 08:19:00+00:00,DMU50_001,15.049,1023.2845,60.0
2026-03-01 08:20:00+00:00,DMU50_001,15.503,1023.54288,60.0
2026-03-01 08:21:00+00:00,DMU50_001,16.144,1023.81195,60.0
2026-03-01 08:22:00+00:00,DMU50_001,14.246,1024.04938,60.0
2026-03-01 08:23:00+00:00,DMU50_001,9.126,1024.20148,60.0
2026-03-01 08:24:00+00:00,DMU50_001,7.674,1024.32938,60.0
2026-03-01 08:25:00+00:00,DMU50_001,8.306,1024.46781,60.0
2026-03-01 08:26:00+00:00,DMU50_001,14.531,1024.70999,60.0
2026-03-01 08:27:00+00:00,DMU50_001,14.663,1024.95437,60.0
2026-03-01 08:28:00+00:00,DMU50_001,14.705,1025.19945,60.0
2026-03-01 08:29:00+00:00,DMU50_001,14.962,1025.44882,60.0
2026-03-01 08:30:00+00:00,DMU50_001,15.162,1025.70152,60.0
2026-03-01 08:31:00+00:00,DMU50_001,15.242,1025.95555,60.0
2026-03-01 08:32:00+00:00,DMU50_001,14.997,1026.2055,60.0
2026-03-01 08:33:00+00:00,DMU50_001,14.335,1026.44442,60.0
2026-03-01 08:34:00+00:00,DMU50_001,15.364,1026.70049,60.0
2026-03-01 08:35:00+00:00,DMU50_001,8.979,1026.85014,60.0
2026-03-01 08:36:00+00:00,DMU50_001,9.465,1027.00789,60.0
2026-03-01 08:37:00+00:00,DMU50_001,8.717,1027.15317,60.0
2026-03-01 08:38:00+00:00,DMU50_001,8.359,1027.29249,60.0
2026-03-01 08:39:00+00:00,DMU50_001,4.193,1027.36237,60.0
2026-03-01 08:40:00+00:00,DMU50_001,4.459,1027.43669,60.0
2026-03-01 08:41:00+00:00,DMU50_001,4.232,1027.50722,60.0
2026-03-01 08:42:00+00:00,DMU50_001,7.94,1027.63955,60.0
2026-03-01 08:43:00+00:00,DMU50_001,7.739,1027.76853,60.0
2026-03-01 08:44:00+00:00,DMU50_001,15.879,1028.03318,60.0
2026-03-01 08:45:00+00:00,DMU50_001,14.485,1028.2746,60.0
2026-03-01 08:46:00+00:00,DMU50_001,14.637,1028.51855,60.0
2026-03-01 08:47:00+00:00,DMU50_001,15.285,1028.7733,60.0
2026-03-01 08:48:00+00:00,DMU50_001,14.072,1029.00783,60.0
2026-03-01 08:49:00+00:00,DMU50_001,15.637,1029.26845,60.0
2026-03-01 08:50:00+00:00,DMU50_001,15.312,1029.52365,60.0
2026-03-01 08:51:00+00:00,DMU50_001,15.45,1029.78115,60.0
2026-03-01 08:52:00+00:00,DMU50_001,15.279,1030.0358,60.0
2026-03-01 08:53:00+00:00,DMU50_001,14.919,1030.28445,60.0
2026-03-01 08:54:00+00:00,DMU50_001,3.987,1030.3509,60.0
2026-03-01 08:55:00+00:00,DMU50_001,4.172,1030.42043,60.0
2026-03-01 08:56:00+00:00,DMU50_001,8.61,1030.56393,60.0
2026-03-01 08:57:00+00:00,DMU50_001,9.194,1030.71716,60.0
2026-03-01 08:58:00+00:00,DMU50_001,9.323,1030.87254,60.0
2026-03-01 08:59:00+00:00,DMU50_001,9.591,1031.03239,60.0
2026-03-01 09:00:00+00:00,DMU50_001,9.149,1031.18487,60.0
2026-03-01 09:01:00+00:00,DMU50_001,9.37,1031.34104,60.0
2026-03-01 09:02:00+00:00,DMU50_001,8.881,1031.48906,60.0
2026-03-01 09:03:00+00:00,DMU50_001,8.809,1031.63588,60.0
2026-03-01 09:04:00+00:00,DMU50_001,8.142,1031.77158,60.0
2026-03-01 09:05:00+00:00,DMU50_001,4.123,1031.8403,60.0
2026-03-01 09:06:00+00:00,DMU50_001,4.254,1031.9112,60.0
2026-03-01 09:07:00+00:00,DMU50_001,3.988,1031.97767,60.0
2026-03-01 09:08:00+00:00,DMU50_001,7.736,1032.1066,60.0
2026-03-01 09:09:00+00:00,DMU50_001,4.327,1032.17872,60.0
2026-03-01 09:10:00+00:00,DMU50_001,4.377,1032.25167,60.0
2026-03-01 09:11:00+00:00,DMU50_001,4.003,1032.31839,60.0
2026-03-01 09:12:00+00:00,DMU50_001,15.335,1032.57397,60.0
2026-03-01 09:13:00+00:00,DMU50_001,14.734,1032.81954,60.0
2026-03-01 09:14:00+00:00,DMU50_001,15.008,1033.06967,60.0
2026-03-01 09:15:00+00:00,DMU50_001,15.708,1033.33147,60.0
2026-03-01 09:16:00+00:00,DMU50_001,15.404,1033.5882,60.0
2026-03-01 09:17:00+00:00,DMU50_001,15.398,1033.84483,60.0
2026-03-01 09:18:00+00:00,DMU50_001,15.954,1034.11073,60.0
2026-03-01 09:19:00+00:00,DMU50_001,14.648,1034.35486,60.0
2026-03-01 09:20:00+00:00,DMU50_001,14.507,1034.59664,60.0
2026-03-01 09:21:00+00:00,DMU50_001,7.783,1034.72636,60.0
2026-03-01 09:22:00+00:00,DMU50_001,14.873,1034.97424,60.0
2026-03-01 09:23:00+00:00,DMU50_001,13.823,1035.20462,60.0
2026-03-01 09:24:00+00:00,DMU50_001,14.896,1035.45289,60.0
2026-03-01 09:25:00+00:00,DMU50_001,14.728,1035.69836,60.0
2026-03-01 09:26:00+00:00,DMU50_001,15.392,1035.95489,60.0
2026-03-01 09:27:00+00:00,DMU50_001,15.176,1036.20782,60.0
2026-03-01 09:28:00+00:00,DMU50_001,14.7,1036.45282,60.0
2026-03-01 09:29:00+00:00,DMU50_001,9.236,1036.60675,60.0
2026-03-01 09:30:00+00:00,DMU50_001,9.289,1036.76157,60.0
2026-03-01 09:31:00+00:00,DMU50_001,8.693,1036.90645,60.0
2026-03-01 09:32:00+00:00,DMU50_001,8.803,1037.05317,60.0
2026-03-01 09:33:00+00:00,DMU50_001,8.11,1037.18834,60.0
2026-03-01 09:34:00+00:00,DMU50_001,7.673,1037.31622,60.0
2026-03-01 09:35:00+00:00,DMU50_001,8.703,1037.46127,60.0
2026-03-01 09:36:00+00:00,DMU50_001,9.03,1037.61177,60.0
2026-03-01 09:37:00+00:00,DMU50_001,8.622,1037.75547,60.0
2026-03-01 09:38:00+00:00,DMU50_001,8.795,1037.90205,60.0
2026-03-01 09:39:00+00:00,DMU50_001,8.51,1038.04388,60.0
2026-03-01 09:40:00+00:00,DMU50_001,9.068,1038.19501,60.0
2026-03-01 09:41:00+00:00,DMU50_001,9.17,1038.34784,60.0
2026-03-01 09:42:00+00:00,DMU50_001,8.121,1038.48319,60.0
2026-03-01 09:43:00+00:00,DMU50_001,15.006,1038.73329,60.0
2026-03-01 09:44:00+00:00,DMU50_001,14.229,1038.97044,60.0
2026-03-01 09:45:00+00:00,DMU50_001,14.69,1039.21527,60.0
2026-03-01 09:46:00+00:00,DMU50_001,14.796,1039.46187,60.0
2026-03-01 09:47:00+00:00,DMU50_001,14.798,1039.7085,60.0
2026-03-01 09:48:00+00:00,DMU50_001,15.037,1039.95912,60.0
2026-03-01 09:49:00+00:00,DMU50_001,15.713,1040.221,60.0
2026-03-01 09:50:00+00:00,DMU50_001,15.406,1040.47777,60.0
2026-03-01 09:51:00+00:00,DMU50_001,14.506,1040.71954,60.0
2026-03-01 09:52:00+00:00,DMU50_001,9.271,1040.87406,60.0
2026-03-01 09:53:00+00:00,DMU50_001,9.256,1041.02833,60.0
2026-03-01 09:54:00+00:00,DMU50_001,8.678,1041.17296,60.0
2026-03-01 09:55:00+00:00,DMU50_001,9.34,1041.32863,60.0
2026-03-01 09:56:00+00:00,DMU50_001,8.936,1041.47756,60.0
2026-03-01 09:57:00+00:00,DMU50_001,3.218,1041.53119,60.0
2026-03-01 09:58:00+00:00,DMU50_001,3.591,1041.59104,60.0
2026-03-01 09:59:00+00:00,DMU50_001,8.065,1041.72546,60.0
2026-03-01 10:00:00+00:00,DMU50_001,3.454,1041.78303,60.0
2026-03-01 10:01:00+00:00,DMU50_001,3.493,1041.84125,60.0
2026-03-01 10:02:00+00:00,DMU50_001,3.356,1041.89718,60.0
2026-03-01 10:03:00+00:00,DMU50_001,4.322,1041.96921,60.0
2026-03-01 10:04:00+00:00,DMU50_001,4.191,1042.03906,60.0
2026-03-01 10:05:00+00:00,DMU50_001,15.083,1042.29044,60.0
2026-03-01 10:06:00+00:00,DMU50_001,15.179,1042.54342,60.0
2026-03-01 10:07:00+00:00,DMU50_001,14.423,1042.7838,60.0
2026-03-01 10:08:00+00:00,DMU50_001,14.553,1043.02635,60.0
2026-03-01 10:09:00+00:00,DMU50_001,13.895,1043.25793,60.0
2026-03-01 10:10:00+00:00,DMU50_001,15.282,1043.51263,60.0
2026-03-01 10:11:00+00:00,DMU50_001,14.394,1043.75253,60.0
2026-03-01 10:12:00+00:00,DMU50_001,15.066,1044.00363,60.0
2026-03-01 10:13:00+00:00,DMU50_001,9.148,1044.1561,60.0
2026-03-01 10:14:00+00:00,DMU50_001,9.241,1044.31012,60.0
2026-03-01 10:15:00+00:00,DMU50_001,8.518,1044.45209,60.0
2026-03-01 10:16:00+00:00,DMU50_001,8.974,1044.60166,60.0
2026-03-01 10:17:00+00:00,DMU50_001,3.834,1044.66556,60.0
2026-03-01 10:18:00+00:00,DMU50_001,3.843,1044.72961,60.0
2026-03-01 10:19:00+00:00,DMU50_001,15.494,1044.98784,60.0
2026-03-01 10:20:00+00:00,DMU50_001,15.169,1045.24066,60.0
2026-03-01 10:21:00+00:00,DMU50_001,14.497,1045.48228,60.0
2026-03-01 10:22:00+00:00,DMU50_001,15.359,1045.73826,60.0
2026-03-01 10:23:00+00:00,DMU50_001,14.921,1045.98694,60.0
2026-03-01 10:24:00+00:00,DMU50_001,15.28,1046.24161,60.0
2026-03-01 10:25:00+00:00,DMU50_001,14.684,1046.48634,60.0
2026-03-01 10:26:00+00:00,DMU50_001,14.914,1046.73491,60.0
2026-03-01 10:27:00+00:00,DMU50_001,15.082,1046.98628,60.0
2026-03-01 10:28:00+00:00,DMU50_001,9.099,1047.13793,60.0
2026-03-01 10:29:00+00:00,DMU50_001,4.299,1047.20958,60.0
2026-03-01 10:30:00+00:00,DMU50_001,4.084,1047.27765,60.0
2026-03-01 10:31:00+00:00,DMU50_001,7.597,1047.40427,60.0
2026-03-01 10:32:00+00:00,DMU50_001,8.487,1047.54572,60.0
2026-03-01 10:33:00+00:00,DMU50_001,9.996,1047.71232,60.0
2026-03-01 10:34:00+00:00,DMU50_001,9.179,1047.8653,60.0
2026-03-01 10:35:00+00:00,DMU50_001,8.47,1048.00647,60.0
2026-03-01 10:36:00+00:00,DMU50_001,8.691,1048.15132,60.0
2026-03-01 10:37:00+00:00,DMU50_001,9.204,1048.30472,60.0
2026-03-01 10:38:00+00:00,DMU50_001,9.536,1048.46365,60.0
2026-03-01 10:39:00+00:00,DMU50_001,8.515,1048.60557,60.0
2026-03-01 10:40:00+00:00,DMU50_001,8.95,1048.75474,60.0
2026-03-01 10:41:00+00:00,DMU50_001,8.059,1048.88906,60.0
2026-03-01 10:42:00+00:00,DMU50_001,8.259,1049.02671,60.0
2026-03-01 10:43:00+00:00,DMU50_001,14.828,1049.27384,60.0
2026-03-01 10:44:00+00:00,DMU50_001,14.218,1049.51081,60.0
2026-03-01 10:45:00+00:00,DMU50_001,15.311,1049.76599,60.0
2026-03-01 10:46:00+00:00,DMU50_001,15.562,1050.02536,60.0
2026-03-01 10:47:00+00:00,DMU50_001,14.959,1050.27468,60.0
2026-03-01 10:48:00+00:00,DMU50_001,15.203,1050.52806,60.0
2026-03-01 10:49:00+00:00,DMU50_001,14.763,1050.77411,60.0
2026-03-01 10:50:00+00:00,DMU50_001,14.577,1051.01706,60.0
2026-03-01 10:51:00+00:00,DMU50_001,15.513,1051.27561,60.0
2026-03-01 10:52:00+00:00,DMU50_001,9.155,1051.42819,60.0
2026-03-01 10:53:00+00:00,DMU50_001,9.196,1051.58146,60.0
2026-03-01 10:54:00+00:00,DMU50_001,9.601,1051.74148,60.0
2026-03-01 10:55:00+00:00,DMU50_001,3.289,1051.7963,60.0
2026-03-01 10:56:00+00:00,DMU50_001,3.39,1051.8528,60.0
2026-03-01 10:57:00+00:00,DMU50_001,3.532,1051.91167,60.0
2026-03-01 10:58:00+00:00,DMU50_001,14.718,1052.15697,60.0
2026-03-01 10:59:00+00:00,DMU50_001,15.392,1052.4135,60.0
2026-03-01 11:00:00+00:00,DMU50_001,14.906,1052.66193,60.0
2026-03-01 11:01:00+00:00,DMU50_001,14.504,1052.90366,60.0
2026-03-01 11:02:00+00:00,DMU50_001,15.033,1053.15421,60.0
2026-03-01 11:03:00+00:00,DMU50_001,15.085,1053.40563,60.0
2026-03-01 11:04:00+00:00,DMU50_001,9.374,1053.56186,60.0
2026-03-01 11:05:00+00:00,DMU50_001,9.157,1053.71448,60.0
2026-03-01 11:06:00+00:00,DMU50_001,9.184,1053.86755,60.0
2026-03-01 11:07:00+00:00,DMU50_001,9.128,1054.01968,60.0
2026-03-01 11:08:00+00:00,DMU50_001,3.462,1054.07738,60.0
2026-03-01 11:09:00+00:00,DMU50_001,3.357,1054.13333,60.0
2026-03-01 11:10:00+00:00,DMU50_001,3.558,1054.19263,60.0
2026-03-01 11:11:00+00:00,DMU50_001,14.833,1054.43985,60.0
2026-03-01 11:12:00+00:00,DMU50_001,15.845,1054.70393,60.0
2026-03-01 11:13:00+00:00,DMU50_001,15.671,1054.96511,60.0
2026-03-01 11:14:00+00:00,DMU50_001,15.316,1055.22038,60.0
2026-03-01 11:15:00+00:00,DMU50_001,15.189,1055.47353,60.0
2026-03-01 11:16:00+00:00,DMU50_001,14.956,1055.7228,60.0
2026-03-01 11:17:00+00:00,DMU50_001,14.369,1055.96228,60.0
2026-03-01 11:18:00+00:00,DMU50_001,14.892,1056.21048,60.0
2026-03-01 11:19:00+00:00,DMU50_001,15.051,1056.46133,60.0
2026-03-01 11:20:00+00:00,DMU50_001,9.092,1056.61286,60.0
2026-03-01 11:21:00+00:00,DMU50_001,3.594,1056.67276,60.0
2026-03-01 11:22:00+00:00,DMU50_001,3.684,1056.73416,60.0
2026-03-01 11:23:00+00:00,DMU50_001,3.362,1056.79019,60.0
2026-03-01 11:24:00+00:00,DMU50_001,3.363,1056.84624,60.0
2026-03-01 11:25:00+00:00,DMU50_001,3.79,1056.90941,60.0
2026-03-01 11:26:00+00:00,DMU50_001,15.385,1057.16583,60.0
2026-03-01 11:27:00+00:00,DMU50_001,14.805,1057.41258,60.0
2026-03-01 11:28:00+00:00,DMU50_001,14.946,1057.66168,60.0
2026-03-01 11:29:00+00:00,DMU50_001,14.949,1057.91083,60.0
2026-03-01 11:30:00+00:00,DMU50_001,15.016,1058.1611,60.0
2026-03-01 11:31:00+00:00,DMU50_001,15.236,1058.41503,60.0
2026-03-01 11:32:00+00:00,DMU50_001,16.267,1058.68615,60.0
2026-03-01 11:33:00+00:00,DMU50_001,9.076,1058.83742,60.0
2026-03-01 11:34:00+00:00,DMU50_001,9.265,1058.99184,60.0
2026-03-01 11:35:00+00:00,DMU50_001,8.325,1059.13059,60.0
2026-03-01 11:36:00+00:00,DMU50_001,4.103,1059.19897,60.0
2026-03-01 11:37:00+00:00,DMU50_001,4.446,1059.27307,60.0
2026-03-01 11:38:00+00:00,DMU50_001,4.28,1059.3444,60.0
2026-03-01 11:39:00+00:00,DMU50_001,7.244,1059.46513,60.0
2026-03-01 11:40:00+00:00,DMU50_001,9.27,1059.61963,60.0
2026-03-01 11:41:00+00:00,DMU50_001,9.767,1059.78241,60.0
2026-03-01 11:42:00+00:00,DMU50_001,8.202,1059.91911,60.0
2026-03-01 11:43:00+00:00,DMU50_001,9.608,1060.07924,60.0
2026-03-01 11:44:00+00:00,DMU50_001,7.891,1060.21076,60.0
2026-03-01 11:45:00+00:00,DMU50_001,9.375,1060.36701,60.0
2026-03-01 11:46:00+00:00,DMU50_001,8.997,1060.51696,60.0
2026-03-01 11:47:00+00:00,DMU50_001,7.295,1060.63854,60.0
2026-03-01 11:48:00+00:00,DMU50_001,8.134,1060.77411,60.0
2026-03-01 11:49:00+00:00,DMU50_001,9.46,1060.93178,60.0
2026-03-01 11:50:00+00:00,DMU50_001,9.146,1061.08421,60.0
2026-03-01 11:51:00+00:00,DMU50_001,9.234,1061.23811,60.0
2026-03-01 11:52:00+00:00,DMU50_001,8.835,1061.38536,60.0
2026-03-01 11:53:00+00:00,DMU50_001,8.255,1061.52294,60.0
2026-03-01 11:54:00+00:00,DMU50_001,9.277,1061.67756,60.0
2026-03-01 11:55:00+00:00,DMU50_001,9.7,1061.83923,60.0
2026-03-01 11:56:00+00:00,DMU50_001,9.452,1061.99676,60.0
2026-03-01 11:57:00+00:00,DMU50_001,7.404,1062.12016,60.0
2026-03-01 11:58:00+00:00,DMU50_001,7.546,1062.24593,60.0
2026-03-01 11:59:00+00:00,DMU50_001,4.031,1062.31311,60.0
2026-03-01 12:00:00+00:00,DMU50_001,3.881,1062.37779,60.0
2026-03-01 12:01:00+00:00,DMU50_001,3.509,1062.43627,60.0
2026-03-01 12:02:00+00:00,DMU50_001,3.579,1062.49592,60.0
2026-03-01 12:03:00+00:00,DMU50_001,14.285,1062.734,60.0
2026-03-01 12:04:00+00:00,DMU50_001,15.389,1062.99048,60.0
2026-03-01 12:05:00+00:00,DMU50_001,15.301,1063.2455,60.0
2026-03-01 12:06:00+00:00,DMU50_001,14.726,1063.49093,60.0
2026-03-01 12:07:00+00:00,DMU50_001,14.914,1063.7395,60.0
2026-03-01 12:08:00+00:00,DMU50_001,14.025,1063.97325,60.0
2026-03-01 12:09:00+00:00,DMU50_001,14.834,1064.22048,60.0
2026-03-01 12:10:00+00:00,DMU50_001,9.003,1064.37053,60.0
2026-03-01 12:11:00+00:00,DMU50_001,4.234,1064.4411,60.0
2026-03-01 12:12:00+00:00,DMU50_001,4.276,1064.51237,60.0
2026-03-01 12:13:00+00:00,DMU50_001,9.098,1064.664,60.0
2026-03-01 12:14:00+00:00,DMU50_001,8.894,1064.81223,60.0
2026-03-01 12:15:00+00:00,DMU50_001,9.114,1064.96413,60.0
2026-03-01 12:16:00+00:00,DMU50_001,9.401,1065.12081,60.0
2026-03-01 12:17:00+00:00,DMU50_001,8.962,1065.27018,60.0
2026-03-01 12:18:00+00:00,DMU50_001,9.127,1065.4223,60.0
2026-03-01 12:19:00+00:00,DMU50_001,8.926,1065.57107,60.0
2026-03-01 12:20:00+00:00,DMU50_001,3.371,1065.62725,60.0
2026-03-01 12:21:00+00:00,DMU50_001,3.605,1065.68733,60.0
2026-03-01 12:22:00+00:00,DMU50_001,3.389,1065.74381,60.0
2026-03-01 12:23:00+00:00,DMU50_001,3.577,1065.80343,60.0
2026-03-01 12:24:00+00:00,DMU50_001,3.506,1065.86186,60.0
2026-03-01 12:25:00+00:00,DMU50_001,14.848,1066.10933,60.0
2026-03-01 12:26:00+00:00,DMU50_001,14.836,1066.3566,60.0
2026-03-01 12:27:00+00:00,DMU50_001,14.746,1066.60237,60.0
2026-03-01 12:28:00+00:00,DMU50_001,14.177,1066.83865,60.0
2026-03-01 12:29:00+00:00,DMU50_001,15.191,1067.09183,60.0
2026-03-01 12:30:00+00:00,DMU50_001,15.116,1067.34376,60.0
2026-03-01 12:31:00+00:00,DMU50_001,15.425,1067.60084,60.0
2026-03-01 12:32:00+00:00,DMU50_001,14.734,1067.84641,60.0
2026-03-01 12:33:00+00:00,DMU50_001,15.948,1068.11221,60.0
2026-03-01 12:34:00+00:00,DMU50_001,14.81,1068.35904,60.0
2026-03-01 12:35:00+00:00,DMU50_001,3.325,1068.41446,60.0
2026-03-01 12:36:00+00:00,DMU50_001,3.301,1068.46948,60.0
2026-03-01 12:37:00+00:00,DMU50_001,3.853,1068.5337,60.0
2026-03-01 12:38:00+00:00,DMU50_001,4.507,1068.60882,60.0
2026-03-01 12:39:00+00:00,DMU50_001,15.686,1068.87025,60.0
2026-03-01 12:40:00+00:00,DMU50_001,15.3,1069.12525,60.0
2026-03-01 12:41:00+00:00,DMU50_001,14.552,1069.36778,60.0
2026-03-01 12:42:00+00:00,DMU50_001,15.906,1069.63288,60.0
2026-03-01 12:43:00+00:00,DMU50_001,14.824,1069.87995,60.0
2026-03-01 12:44:00+00:00,DMU50_001,14.865,1070.1277,60.0
2026-03-01 12:45:00+00:00,DMU50_001,15.719,1070.38968,60.0
2026-03-01 12:46:00+00:00,DMU50_001,15.329,1070.64516,60.0
2026-03-01 12:47:00+00:00,DMU50_001,16.101,1070.91351,60.0
2026-03-01 12:48:00+00:00,DMU50_001,9.099,1071.06516,60.0
2026-03-01 12:49:00+00:00,DMU50_001,8.841,1071.21251,60.0
2026-03-01 12:50:00+00:00,DMU50_001,8.755,1071.35843,60.0
2026-03-01 12:51:00+00:00,DMU50_001,3.831,1071.42228,60.0
2026-03-01 12:52:00+00:00,DMU50_001,4.144,1071.49135,60.0
2026-03-01 12:53:00+00:00,DMU50_001,4.429,1071.56517,60.0
2026-03-01 12:54:00+00:00,DMU50_001,15.299,1071.82015,60.0
2026-03-01 12:55:00+00:00,DMU50_001,15.01,1072.07032,60.0
2026-03-01 12:56:00+00:00,DMU50_001,14.503,1072.31204,60.0
2026-03-01 12:57:00+00:00,DMU50_001,15.113,1072.56392,60.0
2026-03-01 12:58:00+00:00,DMU50_001,15.506,1072.82235,60.0
2026-03-01 12:59:00+00:00,DMU50_001,15.215,1073.07593,60.0
2026-03-01 13:00:00+00:00,DMU50_001,15.083,1073.32731,60.0
2026-03-01 13:01:00+00:00,DMU50_001,14.602,1073.57068,60.0
2026-03-01 13:02:00+00:00,DMU50_001,15.434,1073.82791,60.0
2026-03-01 13:03:00+00:00,DMU50_001,7.747,1073.95703,60.0
2026-03-01 13:04:00+00:00,DMU50_001,9.153,1074.10958,60.0
2026-03-01 13:05:00+00:00,DMU50_001,8.771,1074.25576,60.0
2026-03-01 13:06:00+00:00,DMU50_001,3.198,1074.30906,60.0
2026-03-01 13:07:00+00:00,DMU50_001,3.452,1074.36659,60.0
2026-03-01 13:08:00+00:00,DMU50_001,3.498,1074.42489,60.0
2026-03-01 13:09:00+00:00,DMU50_001,8.815,1074.57181,60.0
2026-03-01 13:10:00+00:00,DMU50_001,9.415,1074.72873,60.0
2026-03-01 13:11:00+00:00,DMU50_001,9.189,1074.88188,60.0
2026-03-01 13:12:00+00:00,DMU50_001,9.061,1075.0329,60.0
2026-03-01 13:13:00+00:00,DMU50_001,9.319,1075.18822,60.0
2026-03-01 13:14:00+00:00,DMU50_001,9.007,1075.33834,60.0
2026-03-01 13:15:00+00:00,DMU50_001,4.836,1075.41894,60.0
2026-03-01 13:16:00+00:00,DMU50_001,4.23,1075.48944,60.0
2026-03-01 13:17:00+00:00,DMU50_001,15.098,1075.74107,60.0
2026-03-01 13:18:00+00:00,DMU50_001,14.145,1075.97682,60.0
2026-03-01 13:19:00+00:00,DMU50_001,14.728,1076.22229,60.0
2026-03-01 13:20:00+00:00,DMU50_001,15.574,1076.48186,60.0
2026-03-01 13:21:00+00:00,DMU50_001,14.332,1076.72073,60.0
2026-03-01 13:22:00+00:00,DMU50_001,13.921,1076.95275,60.0
2026-03-01 13:23:00+00:00,DMU50_001,15.016,1077.20302,60.0
2026-03-01 13:24:00+00:00,DMU50_001,15.685,1077.46444,60.0
2026-03-01 13:25:00+00:00,DMU50_001,15.021,1077.71479,60.0
2026-03-01 13:26:00+00:00,DMU50_001,8.866,1077.86256,60.0
2026-03-01 13:27:00+00:00,DMU50_001,8.257,1078.00018,60.0
2026-03-01 13:28:00+00:00,DMU50_001,9.181,1078.1532,60.0
2026-03-01 13:29:00+00:00,DMU50_001,4.332,1078.2254,60.0
2026-03-01 13:30:00+00:00,DMU50_001,3.844,1078.28947,60.0
2026-03-01 13:31:00+00:00,DMU50_001,15.567,1078.54892,60.0
2026-03-01 13:32:00+00:00,DMU50_001,15.383,1078.8053,60.0
2026-03-01 13:33:00+00:00,DMU50_001,15.566,1079.06473,60.0
2026-03-01 13:34:00+00:00,DMU50_001,15.292,1079.3196,60.0
2026-03-01 13:35:00+00:00,DMU50_001,15.327,1079.57505,60.0
2026-03-01 13:36:00+00:00,DMU50_001,15.26,1079.82938,60.0
2026-03-01 13:37:00+00:00,DMU50_001,9.347,1079.98516,60.0
2026-03-01 13:38:00+00:00,DMU50_001,8.272,1080.12303,60.0
2026-03-01 13:39:00+00:00,DMU50_001,3.9,1080.18803,60.0
2026-03-01 13:40:00+00:00,DMU50_001,4.053,1080.25558,60.0
2026-03-01 13:41:00+00:00,DMU50_001,3.474,1080.31348,60.0
2026-03-01 13:42:00+00:00,DMU50_001,3.578,1080.37311,60.0
2026-03-01 13:43:00+00:00,DMU50_001,3.565,1080.43253,60.0
2026-03-01 13:44:00+00:00,DMU50_001,15.559,1080.69185,60.0
2026-03-01 13:45:00+00:00,DMU50_001,15.574,1080.95142,60.0
2026-03-01 13:46:00+00:00,DMU50_001,14.564,1081.19415,60.0
2026-03-01 13:47:00+00:00,DMU50_001,15.119,1081.44613,60.0
2026-03-01 13:48:00+00:00,DMU50_001,14.576,1081.68906,60.0
2026-03-01 13:49:00+00:00,DMU50_001,14.906,1081.93749,60.0
2026-03-01 13:50:00+00:00,DMU50_001,15.161,1082.19017,60.0
2026-03-01 13:51:00+00:00,DMU50_001,13.296,1082.41177,60.0
2026-03-01 13:52:00+00:00,DMU50_001,9.964,1082.57784,60.0
2026-03-01 13:53:00+00:00,DMU50_001,9.227,1082.73162,60.0
2026-03-01 13:54:00+00:00,DMU50_001,7.821,1082.86197,60.0
2026-03-01 13:55:00+00:00,DMU50_001,8.578,1083.00494,60.0
2026-03-01 13:56:00+00:00,DMU50_001,14.826,1083.25204,60.0
2026-03-01 13:57:00+00:00,DMU50_001,15.066,1083.50314,60.0
2026-03-01 13:58:00+00:00,DMU50_001,14.756,1083.74907,60.0
2026-03-01 13:59:00+00:00,DMU50_001,15.826,1084.01284,60.0
2026-03-01 14:00:00+00:00,DMU50_001,14.948,1084.26197,60.0
2026-03-01 14:01:00+00:00,DMU50_001,15.075,1084.51322,60.0
2026-03-01 14:02:00+00:00,DMU50_001,9.482,1084.67125,60.0
2026-03-01 14:03:00+00:00,DMU50_001,8.176,1084.80752,60.0
2026-03-01 14:04:00+00:00,DMU50_001,7.984,1084.94059,60.0
2026-03-01 14:05:00+00:00,DMU50_001,15.555,1085.19984,60.0
2026-03-01 14:06:00+00:00,DMU50_001,16.269,1085.47099,60.0
2026-03-01 14:07:00+00:00,DMU50_001,15.159,1085.72364,60.0
2026-03-01 14:08:00+00:00,DMU50_001,15.058,1085.97461,60.0
2026-03-01 14:09:00+00:00,DMU50_001,15.085,1086.22603,60.0
2026-03-01 14:10:00+00:00,DMU50_001,15.655,1086.48695,60.0
2026-03-01 14:11:00+00:00,DMU50_001,14.7,1086.73195,60.0
2026-03-01 14:12:00+00:00,DMU50_001,14.861,1086.97963,60.0
2026-03-01 14:13:00+00:00,DMU50_001,14.231,1087.21681,60.0
2026-03-01 14:14:00+00:00,DMU50_001,8.526,1087.35891,60.0
2026-03-01 14:15:00+00:00,DMU50_001,8.793,1087.50546,60.0
2026-03-01 14:16:00+00:00,DMU50_001,4.189,1087.57528,60.0
2026-03-01 14:17:00+00:00,DMU50_001,4.554,1087.65118,60.0
2026-03-01 14:18:00+00:00,DMU50_001,8.161,1087.7872,60.0
2026-03-01 14:19:00+00:00,DMU50_001,7.726,1087.91597,60.0
2026-03-01 14:20:00+00:00,DMU50_001,14.636,1088.1599,60.0
2026-03-01 14:21:00+00:00,DMU50_001,15.687,1088.42135,60.0
2026-03-01 14:22:00+00:00,DMU50_001,15.563,1088.68073,60.0
2026-03-01 14:23:00+00:00,DMU50_001,15.014,1088.93096,60.0
2026-03-01 14:24:00+00:00,DMU50_001,14.779,1089.17728,60.0
2026-03-01 14:25:00+00:00,DMU50_001,15.562,1089.43665,60.0
2026-03-01 14:26:00+00:00,DMU50_001,8.603,1089.58003,60.0
2026-03-01 14:27:00+00:00,DMU50_001,9.157,1089.73265,60.0
2026-03-01 14:28:00+00:00,DMU50_001,9.909,1089.8978,60.0
2026-03-01 14:29:00+00:00,DMU50_001,3.541,1089.95682,60.0
2026-03-01 14:30:00+00:00,DMU50_001,3.345,1090.01257,60.0
2026-03-01 14:31:00+00:00,DMU50_001,15.205,1090.26599,60.0
2026-03-01 14:32:00+00:00,DMU50_001,14.765,1090.51207,60.0
2026-03-01 14:33:00+00:00,DMU50_001,14.303,1090.75045,60.0
2026-03-01 14:34:00+00:00,DMU50_001,15.351,1091.0063,60.0
2026-03-01 14:35:00+00:00,DMU50_001,15.559,1091.26562,60.0
2026-03-01 14:36:00+00:00,DMU50_001,14.845,1091.51304,60.0
2026-03-01 14:37:00+00:00,DMU50_001,14.811,1091.75989,60.0
2026-03-01 14:38:00+00:00,DMU50_001,14.519,1092.00187,60.0
2026-03-01 14:39:00+00:00,DMU50_001,8.94,1092.15087,60.0
2026-03-01 14:40:00+00:00,DMU50_001,8.775,1092.29712,60.0
2026-03-01 14:41:00+00:00,DMU50_001,8.596,1092.44039,60.0
2026-03-01 14:42:00+00:00,DMU50_001,9.757,1092.60301,60.0
2026-03-01 14:43:00+00:00,DMU50_001,9.187,1092.75613,60.0
2026-03-01 14:44:00+00:00,DMU50_001,9.229,1092.90995,60.0
2026-03-01 14:45:00+00:00,DMU50_001,8.265,1093.0477,60.0
2026-03-01 14:46:00+00:00,DMU50_001,3.654,1093.1086,60.0
2026-03-01 14:47:00+00:00,DMU50_001,3.417,1093.16555,60.0
2026-03-01 14:48:00+00:00,DMU50_001,3.555,1093.2248,60.0
2026-03-01 14:49:00+00:00,DMU50_001,3.446,1093.28223,60.0
2026-03-01 14:50:00+00:00,DMU50_001,15.219,1093.53588,60.0
2026-03-01 14:51:00+00:00,DMU50_001,15.171,1093.78873,60.0
2026-03-01 14:52:00+00:00,DMU50_001,14.809,1094.03555,60.0
2026-03-01 14:53:00+00:00,DMU50_001,14.335,1094.27447,60.0
2026-03-01 14:54:00+00:00,DMU50_001,15.073,1094.52569,60.0
2026-03-01 14:55:00+00:00,DMU50_001,14.898,1094.77399,60.0
2026-03-01 14:56:00+00:00,DMU50_001,8.244,1094.91139,60.0
2026-03-01 14:57:00+00:00,DMU50_001,9.203,1095.06477,60.0
2026-03-01 14:58:00+00:00,DMU50_001,8.29,1095.20294,60.0
2026-03-01 14:59:00+00:00,DMU50_001,8.759,1095.34892,60.0
2026-03-01 15:00:00+00:00,DMU50_001,8.844,1095.49632,60.0
2026-03-01 15:01:00+00:00,DMU50_001,8.785,1095.64274,60.0
2026-03-01 15:02:00+00:00,DMU50_001,8.556,1095.78534,60.0
2026-03-01 15:03:00+00:00,DMU50_001,9.083,1095.93672,60.0
2026-03-01 15:04:00+00:00,DMU50_001,9.081,1096.08807,60.0
2026-03-01 15:05:00+00:00,DMU50_001,8.675,1096.23265,60.0
2026-03-01 15:06:00+00:00,DMU50_001,3.465,1096.2904,60.0
2026-03-01 15:07:00+00:00,DMU50_001,3.104,1096.34213,60.0
2026-03-01 15:08:00+00:00,DMU50_001,4.385,1096.41521,60.0
2026-03-01 15:09:00+00:00,DMU50_001,4.046,1096.48264,60.0
2026-03-01 15:10:00+00:00,DMU50_001,4.193,1096.55252,60.0
2026-03-01 15:11:00+00:00,DMU50_001,14.287,1096.79064,60.0
2026-03-01 15:12:00+00:00,DMU50_001,14.709,1097.03579,60.0
2026-03-01 15:13:00+00:00,DMU50_001,14.86,1097.28346,60.0
2026-03-01 15:14:00+00:00,DMU50_001,14.994,1097.53336,60.0
2026-03-01 15:15:00+00:00,DMU50_001,15.24,1097.78736,60.0
2026-03-01 15:16:00+00:00,DMU50_001,15.72,1098.04936,60.0
2026-03-01 15:17:00+00:00,DMU50_001,15.366,1098.30546,60.0
2026-03-01 15:18:00+00:00,DMU50_001,15.481,1098.56348,60.0
2026-03-01 15:19:00+00:00,DMU50_001,15.723,1098.82553,60.0
2026-03-01 15:20:00+00:00,DMU50_001,15.285,1099.08028,60.0
2026-03-01 15:21:00+00:00,DMU50_001,8.985,1099.23003,60.0
2026-03-01 15:22:00+00:00,DMU50_001,4.402,1099.3034,60.0
2026-03-01 15:23:00+00:00,DMU50_001,4.415,1099.37698,60.0
2026-03-01 15:24:00+00:00,DMU50_001,4.33,1099.44915,60.0
2026-03-01 15:25:00+00:00,DMU50_001,3.909,1099.5143,60.0
2026-03-01 15:26:00+00:00,DMU50_001,14.579,1099.75728,60.0
2026-03-01 15:27:00+00:00,DMU50_001,14.863,1100.005,60.0
2026-03-01 15:28:00+00:00,DMU50_001,15.39,1100.2615,60.0
2026-03-01 15:29:00+00:00,DMU50_001,14.989,1100.51132,60.0
2026-03-01 15:30:00+00:00,DMU50_001,15.568,1100.77079,60.0
2026-03-01 15:31:00+00:00,DMU50_001,15.658,1101.03176,60.0
2026-03-01 15:32:00+00:00,DMU50_001,15.6,1101.29176,60.0
2026-03-01 15:33:00+00:00,DMU50_001,15.603,1101.55181,60.0
2026-03-01 15:34:00+00:00,DMU50_001,14.482,1101.79318,60.0
2026-03-01 15:35:00+00:00,DMU50_001,8.145,1101.92893,60.0
2026-03-01 15:36:00+00:00,DMU50_001,7.818,1102.05923,60.0
2026-03-01 15:37:00+00:00,DMU50_001,3.87,1102.12373,60.0
2026-03-01 15:38:00+00:00,DMU50_001,4.143,1102.19278,60.0
2026-03-01 15:39:00+00:00,DMU50_001,4.465,1102.2672,60.0
2026-03-01 15:40:00+00:00,DMU50_001,4.292,1102.33873,60.0
2026-03-01 15:41:00+00:00,DMU50_001,16.009,1102.60555,60.0
2026-03-01 15:42:00+00:00,DMU50_001,15.089,1102.85703,60.0
2026-03-01 15:43:00+00:00,DMU50_001,16.224,1103.12743,60.0
2026-03-01 15:44:00+00:00,DMU50_001,15.089,1103.37891,60.0
2026-03-01 15:45:00+00:00,DMU50_001,15.011,1103.62909,60.0
2026-03-01 15:46:00+00:00,DMU50_001,14.36,1103.86842,60.0
2026-03-01 15:47:00+00:00,DMU50_001,15.555,1104.12767,60.0
2026-03-01 15:48:00+00:00,DMU50_001,14.749,1104.37349,60.0
2026-03-01 15:49:00+00:00,DMU50_001,14.676,1104.61809,60.0
2026-03-01 15:50:00+00:00,DMU50_001,15.641,1104.87877,60.0
2026-03-01 15:51:00+00:00,DMU50_001,9.463,1105.03649,60.0
2026-03-01 15:52:00+00:00,DMU50_001,8.34,1105.17549,60.0
2026-03-01 15:53:00+00:00,DMU50_001,7.891,1105.30701,60.0
2026-03-01 15:54:00+00:00,DMU50_001,14.975,1105.55659,60.0
2026-03-01 15:55:00+00:00,DMU50_001,14.97,1105.80609,60.0
2026-03-01 15:56:00+00:00,DMU50_001,15.391,1106.06261,60.0
2026-03-01 15:57:00+00:00,DMU50_001,15.777,1106.32556,60.0
2026-03-01 15:58:00+00:00,DMU50_001,15.184,1106.57863,60.0
2026-03-01 15:59:00+00:00,DMU50_001,15.987,1106.84508,60.0
2026-03-01 16:00:00+00:00,DMU50_001,15.449,1107.10256,60.0
2026-03-01 16:01:00+00:00,DMU50_001,14.883,1107.35061,60.0
2026-03-01 16:02:00+00:00,DMU50_001,9.331,1107.50613,60.0
2026-03-01 16:03:00+00:00,DMU50_001,9.682,1107.6675,60.0
2026-03-01 16:04:00+00:00,DMU50_001,9.799,1107.83082,60.0
2026-03-01 16:05:00+00:00,DMU50_001,9.475,1107.98874,60.0
2026-03-01 16:06:00+00:00,DMU50_001,9.01,1108.13891,60.0
2026-03-01 16:07:00+00:00,DMU50_001,7.935,1108.27116,60.0
2026-03-01 16:08:00+00:00,DMU50_001,8.173,1108.40738,60.0
2026-03-01 16:09:00+00:00,DMU50_001,15.837,1108.67133,60.0
2026-03-01 16:10:00+00:00,DMU50_001,15.217,1108.92495,60.0
2026-03-01 16:11:00+00:00,DMU50_001,15.227,1109.17873,60.0
2026-03-01 16:12:00+00:00,DMU50_001,15.026,1109.42916,60.0
2026-03-01 16:13:00+00:00,DMU50_001,14.836,1109.67643,60.0
2026-03-01 16:14:00+00:00,DMU50_001,14.919,1109.92508,60.0
2026-03-01 16:15:00+00:00,DMU50_001,15.068,1110.17621,60.0
2026-03-01 16:16:00+00:00,DMU50_001,15.859,1110.44053,60.0
2026-03-01 16:17:00+00:00,DMU50_001,14.88,1110.68853,60.0
2026-03-01 16:18:00+00:00,DMU50_001,9.021,1110.83888,60.0
2026-03-01 16:19:00+00:00,DMU50_001,8.654,1110.98311,60.0
2026-03-01 16:20:00+00:00,DMU50_001,9.287,1111.13789,60.0
2026-03-01 16:21:00+00:00,DMU50_001,9.547,1111.29701,60.0
2026-03-01 16:22:00+00:00,DMU50_001,4.525,1111.37243,60.0
2026-03-01 16:23:00+00:00,DMU50_001,4.241,1111.44311,60.0
2026-03-01 16:24:00+00:00,DMU50_001,9.23,1111.59694,60.0
2026-03-01 16:25:00+00:00,DMU50_001,8.939,1111.74592,60.0
2026-03-01 16:26:00+00:00,DMU50_001,9.211,1111.89944,60.0
2026-03-01 16:27:00+00:00,DMU50_001,9.126,1112.05154,60.0
2026-03-01 16:28:00+00:00,DMU50_001,9.023,1112.20192,60.0
2026-03-01 16:29:00+00:00,DMU50_001,9.055,1112.35284,60.0
2026-03-01 16:30:00+00:00,DMU50_001,9.181,1112.50586,60.0
2026-03-01 16:31:00+00:00,DMU50_001,8.882,1112.65389,60.0
2026-03-01 16:32:00+00:00,DMU50_001,3.452,1112.71142,60.0
2026-03-01 16:33:00+00:00,DMU50_001,3.841,1112.77544,60.0
2026-03-01 16:34:00+00:00,DMU50_001,4.042,1112.84281,60.0
2026-03-01 16:35:00+00:00,DMU50_001,3.259,1112.89713,60.0
2026-03-01 16:36:00+00:00,DMU50_001,8.496,1113.03873,60.0
2026-03-01 16:37:00+00:00,DMU50_001,8.617,1113.18235,60.0
2026-03-01 16:38:00+00:00,DMU50_001,8.959,1113.33167,60.0
2026-03-01 16:39:00+00:00,DMU50_001,9.358,1113.48764,60.0
2026-03-01 16:40:00+00:00,DMU50_001,9.237,1113.64159,60.0
2026-03-01 16:41:00+00:00,DMU50_001,9.069,1113.79274,60.0
2026-03-01 16:42:00+00:00,DMU50_001,9.212,1113.94627,60.0
2026-03-01 16:43:00+00:00,DMU50_001,7.792,1114.07614,60.0
2026-03-01 16:44:00+00:00,DMU50_001,7.927,1114.20826,60.0
2026-03-01 16:45:00+00:00,DMU50_001,14.99,1114.45809,60.0
2026-03-01 16:46:00+00:00,DMU50_001,14.208,1114.69489,60.0
2026-03-01 16:47:00+00:00,DMU50_001,14.419,1114.93521,60.0
2026-03-01 16:48:00+00:00,DMU50_001,14.439,1115.17586,60.0
2026-03-01 16:49:00+00:00,DMU50_001,15.382,1115.43223,60.0
2026-03-01 16:50:00+00:00,DMU50_001,15.123,1115.68428,60.0
2026-03-01 16:51:00+00:00,DMU50_001,15.306,1115.93938,60.0
2026-03-01 16:52:00+00:00,DMU50_001,14.08,1116.17405,60.0
2026-03-01 16:53:00+00:00,DMU50_001,14.258,1116.41168,60.0
2026-03-01 16:54:00+00:00,DMU50_001,4.333,1116.4839,60.0
2026-03-01 16:55:00+00:00,DMU50_001,3.644,1116.54463,60.0
2026-03-01 16:56:00+00:00,DMU50_001,4.445,1116.61871,60.0
2026-03-01 16:57:00+00:00,DMU50_001,3.835,1116.68263,60.0
2026-03-01 16:58:00+00:00,DMU50_001,15.422,1116.93966,60.0
2026-03-01 16:59:00+00:00,DMU50_001,14.556,1117.18226,60.0
2026-03-01 17:00:00+00:00,DMU50_001,15.524,1117.44099,60.0
2026-03-01 17:01:00+00:00,DMU50_001,16.604,1117.71772,60.0
2026-03-01 17:02:00+00:00,DMU50_001,13.863,1117.94877,60.0
2026-03-01 17:03:00+00:00,DMU50_001,15.348,1118.20457,60.0
2026-03-01 17:04:00+00:00,DMU50_001,14.096,1118.4395,60.0
2026-03-01 17:05:00+00:00,DMU50_001,15.213,1118.69305,60.0
2026-03-01 17:06:00+00:00,DMU50_001,8.917,1118.84167,60.0
2026-03-01 17:07:00+00:00,DMU50_001,9.052,1118.99254,60.0
2026-03-01 17:08:00+00:00,DMU50_001,8.635,1119.13646,60.0
2026-03-01 17:09:00+00:00,DMU50_001,9.312,1119.29166,60.0
2026-03-01 17:10:00+00:00,DMU50_001,8.421,1119.43201,60.0
2026-03-01 17:11:00+00:00,DMU50_001,4.448,1119.50614,60.0
2026-03-01 17:12:00+00:00,DMU50_001,4.118,1119.57477,60.0
2026-03-01 17:13:00+00:00,DMU50_001,3.219,1119.62842,60.0
2026-03-01 17:14:00+00:00,DMU50_001,3.819,1119.69207,60.0
2026-03-01 17:15:00+00:00,DMU50_001,14.966,1119.9415,60.0
2026-03-01 17:16:00+00:00,DMU50_001,15.954,1120.2074,60.0
2026-03-01 17:17:00+00:00,DMU50_001,15.611,1120.46758,60.0
2026-03-01 17:18:00+00:00,DMU50_001,14.601,1120.71093,60.0
2026-03-01 17:19:00+00:00,DMU50_001,14.958,1120.96023,60.0
2026-03-01 17:20:00+00:00,DMU50_001,15.061,1121.21125,60.0
2026-03-01 17:21:00+00:00,DMU50_001,15.763,1121.47397,60.0
2026-03-01 17:22:00+00:00,DMU50_001,15.219,1121.72762,60.0
2026-03-01 17:23:00+00:00,DMU50_001,15.088,1121.97909,60.0
2026-03-01 17:24:00+00:00,DMU50_001,8.92,1122.12776,60.0
2026-03-01 17:25:00+00:00,DMU50_001,8.98,1122.27743,60.0
2026-03-01 17:26:00+00:00,DMU50_001,9.522,1122.43613,60.0
2026-03-01 17:27:00+00:00,DMU50_001,9.001,1122.58615,60.0
2026-03-01 17:28:00+00:00,DMU50_001,3.421,1122.64317,60.0
2026-03-01 17:29:00+00:00,DMU50_001,3.387,1122.69962,60.0
2026-03-01 17:30:00+00:00,DMU50_001,3.389,1122.7561,60.0
2026-03-01 17:31:00+00:00,DMU50_001,3.22,1122.80977,60.0
2026-03-01 17:32:00+00:00,DMU50_001,3.35,1122.8656,60.0
2026-03-01 17:33:00+00:00,DMU50_001,4.5,1122.9406,60.0
2026-03-01 17:34:00+00:00,DMU50_001,4.159,1123.00992,60.0
2026-03-01 17:35:00+00:00,DMU50_001,4.341,1123.08227,60.0
2026-03-01 17:36:00+00:00,DMU50_001,7.256,1123.2032,60.0
2026-03-01 17:37:00+00:00,DMU50_001,8.17,1123.33937,60.0
2026-03-01 17:38:00+00:00,DMU50_001,4.168,1123.40884,60.0
2026-03-01 17:39:00+00:00,DMU50_001,4.104,1123.47724,60.0
2026-03-01 17:40:00+00:00,DMU50_001,4.236,1123.54784,60.0
2026-03-01 17:41:00+00:00,DMU50_001,4.101,1123.61619,60.0
2026-03-01 17:42:00+00:00,DMU50_001,8.15,1123.75202,60.0
2026-03-01 17:43:00+00:00,DMU50_001,9.369,1123.90817,60.0
2026-03-01 17:44:00+00:00,DMU50_001,9.097,1124.05979,60.0
2026-03-01 17:45:00+00:00,DMU50_001,8.874,1124.20769,60.0
2026-03-01 17:46:00+00:00,DMU50_001,8.614,1124.35126,60.0
2026-03-01 17:47:00+00:00,DMU50_001,8.412,1124.49146,60.0
2026-03-01 17:48:00+00:00,DMU50_001,9.09,1124.64296,60.0
2026-03-01 17:49:00+00:00,DMU50_001,4.523,1124.71834,60.0
2026-03-01 17:50:00+00:00,DMU50_001,4.241,1124.78902,60.0
2026-03-01 17:51:00+00:00,DMU50_001,3.923,1124.8544,60.0
2026-03-01 17:52:00+00:00,DMU50_001,4.245,1124.92515,60.0
2026-03-01 17:53:00+00:00,DMU50_001,14.973,1125.1747,60.0
2026-03-01 17:54:00+00:00,DMU50_001,15.432,1125.4319,60.0
2026-03-01 17:55:00+00:00,DMU50_001,15.303,1125.68695,60.0
2026-03-01 17:56:00+00:00,DMU50_001,13.507,1125.91207,60.0
2026-03-01 17:57:00+00:00,DMU50_001,15.273,1126.16662,60.0
2026-03-01 17:58:00+00:00,DMU50_001,14.498,1126.40825,60.0
2026-03-01 17:59:00+00:00,DMU50_001,14.289,1126.6464,60.0
2026-03-01 18:00:00+00:00,DMU50_001,14.906,1126.89483,60.0
2026-03-01 18:01:00+00:00,DMU50_001,9.164,1127.04756,60.0
2026-03-01 18:02:00+00:00,DMU50_001,8.344,1127.18663,60.0
2026-03-01 18:03:00+00:00,DMU50_001,8.211,1127.32348,60.0
2026-03-01 18:04:00+00:00,DMU50_001,15.382,1127.57985,60.0
2026-03-01 18:05:00+00:00,DMU50_001,15.023,1127.83023,60.0
2026-03-01 18:06:00+00:00,DMU50_001,14.566,1128.073,60.0
2026-03-01 18:07:00+00:00,DMU50_001,14.51,1128.31483,60.0
2026-03-01 18:08:00+00:00,DMU50_001,15.513,1128.57338,60.0
2026-03-01 18:09:00+00:00,DMU50_001,14.244,1128.81078,60.0
2026-03-01 18:10:00+00:00,DMU50_001,15.532,1129.06965,60.0
2026-03-01 18:11:00+00:00,DMU50_001,8.934,1129.21855,60.0
2026-03-01 18:12:00+00:00,DMU50_001,7.971,1129.3514,60.0
2026-03-01 18:13:00+00:00,DMU50_001,3.158,1129.40403,60.0
2026-03-01 18:14:00+00:00,DMU50_001,3.471,1129.46188,60.0
2026-03-01 18:15:00+00:00,DMU50_001,3.623,1129.52226,60.0
2026-03-01 18:16:00+00:00,DMU50_001,14.332,1129.76113,60.0
2026-03-01 18:17:00+00:00,DMU50_001,15.249,1130.01528,60.0
2026-03-01 18:18:00+00:00,DMU50_001,15.045,1130.26603,60.0
2026-03-01 18:19:00+00:00,DMU50_001,14.678,1130.51066,60.0
2026-03-01 18:20:00+00:00,DMU50_001,15.427,1130.76778,60.0
2026-03-01 18:21:00+00:00,DMU50_001,13.899,1130.99943,60.0
2026-03-01 18:22:00+00:00,DMU50_001,15.173,1131.25231,60.0
2026-03-01 18:23:00+00:00,DMU50_001,15.81,1131.51581,60.0
2026-03-01 18:24:00+00:00,DMU50_001,9.576,1131.67541,60.0
2026-03-01 18:25:00+00:00,DMU50_001,9.156,1131.82801,60.0
2026-03-01 18:26:00+00:00,DMU50_001,8.879,1131.97599,60.0
2026-03-01 18:27:00+00:00,DMU50_001,8.746,1132.12176,60.0
2026-03-01 18:28:00+00:00,DMU50_001,4.139,1132.19074,60.0
2026-03-01 18:29:00+00:00,DMU50_001,4.309,1132.26256,60.0
2026-03-01 18:30:00+00:00,DMU50_001,7.758,1132.39186,60.0
2026-03-01 18:31:00+00:00,DMU50_001,15.379,1132.64818,60.0
2026-03-01 18:32:00+00:00,DMU50_001,16.067,1132.91596,60.0
2026-03-01 18:33:00+00:00,DMU50_001,14.969,1133.16544,60.0
2026-03-01 18:34:00+00:00,DMU50_001,14.328,1133.40424,60.0
2026-03-01 18:35:00+00:00,DMU50_001,14.328,1133.64304,60.0
2026-03-01 18:36:00+00:00,DMU50_001,15.388,1133.89951,60.0
2026-03-01 18:37:00+00:00,DMU50_001,14.97,1134.14901,60.0
2026-03-01 18:38:00+00:00,DMU50_001,9.351,1134.30486,60.0
2026-03-01 18:39:00+00:00,DMU50_001,8.787,1134.45131,60.0
2026-03-01 18:40:00+00:00,DMU50_001,9.332,1134.60684,60.0
2026-03-01 18:41:00+00:00,DMU50_001,8.937,1134.75579,60.0
2026-03-01 18:42:00+00:00,DMU50_001,8.707,1134.90091,60.0
2026-03-01 18:43:00+00:00,DMU50_001,8.84,1135.04824,60.0
2026-03-01 18:44:00+00:00,DMU50_001,7.641,1135.17559,60.0
2026-03-01 18:45:00+00:00,DMU50_001,9.796,1135.33886,60.0
2026-03-01 18:46:00+00:00,DMU50_001,8.961,1135.48821,60.0
2026-03-01 18:47:00+00:00,DMU50_001,9.258,1135.64251,60.0
2026-03-01 18:48:00+00:00,DMU50_001,8.785,1135.78893,60.0
2026-03-01 18:49:00+00:00,DMU50_001,8.579,1135.93191,60.0
2026-03-01 18:50:00+00:00,DMU50_001,8.906,1136.08034,60.0
2026-03-01 18:51:00+00:00,DMU50_001,9.44,1136.23767,60.0
2026-03-01 18:52:00+00:00,DMU50_001,8.792,1136.3842,60.0
2026-03-01 18:53:00+00:00,DMU50_001,7.739,1136.51318,60.0
2026-03-01 18:54:00+00:00,DMU50_001,8.047,1136.6473,60.0
2026-03-01 18:55:00+00:00,DMU50_001,15.25,1136.90147,60.0
2026-03-01 18:56:00+00:00,DMU50_001,15.821,1137.16515,60.0
2026-03-01 18:57:00+00:00,DMU50_001,15.177,1137.4181,60.0
2026-03-01 18:58:00+00:00,DMU50_001,15.322,1137.67347,60.0
2026-03-01 18:59:00+00:00,DMU50_001,15.36,1137.92947,60.0
2026-03-01 19:00:00+00:00,DMU50_001,14.423,1138.16985,60.0
2026-03-01 19:01:00+00:00,DMU50_001,14.518,1138.41182,60.0
2026-03-01 19:02:00+00:00,DMU50_001,14.458,1138.65279,60.0
2026-03-01 19:03:00+00:00,DMU50_001,14.334,1138.89169,60.0
2026-03-01 19:04:00+00:00,DMU50_001,9.318,1139.04699,60.0
2026-03-01 19:05:00+00:00,DMU50_001,9.116,1139.19892,60.0
2026-03-01 19:06:00+00:00,DMU50_001,9.032,1139.34945,60.0
2026-03-01 19:07:00+00:00,DMU50_001,7.963,1139.48217,60.0
2026-03-01 19:08:00+00:00,DMU50_001,8.617,1139.62579,60.0
2026-03-01 19:09:00+00:00,DMU50_001,7.732,1139.75466,60.0
2026-03-01 19:10:00+00:00,DMU50_001,9.821,1139.91834,60.0
2026-03-01 19:11:00+00:00,DMU50_001,8.42,1140.05867,60.0
2026-03-01 19:12:00+00:00,DMU50_001,8.675,1140.20325,60.0
2026-03-01 19:13:00+00:00,DMU50_001,8.119,1140.33857,60.0
2026-03-01 19:14:00+00:00,DMU50_001,9.145,1140.49099,60.0
2026-03-01 19:15:00+00:00,DMU50_001,8.559,1140.63364,60.0
2026-03-01 19:16:00+00:00,DMU50_001,3.285,1140.68839,60.0
2026-03-01 19:17:00+00:00,DMU50_001,3.225,1140.74214,60.0
2026-03-01 19:18:00+00:00,DMU50_001,3.655,1140.80306,60.0
2026-03-01 19:19:00+00:00,DMU50_001,3.642,1140.86376,60.0
2026-03-01 19:20:00+00:00,DMU50_001,4.562,1140.93979,60.0
2026-03-01 19:21:00+00:00,DMU50_001,4.063,1141.00751,60.0
2026-03-01 19:22:00+00:00,DMU50_001,15.109,1141.25933,60.0
2026-03-01 19:23:00+00:00,DMU50_001,14.355,1141.49858,60.0
2026-03-01 19:24:00+00:00,DMU50_001,14.832,1141.74578,60.0
2026-03-01 19:25:00+00:00,DMU50_001,14.741,1141.99146,60.0
2026-03-01 19:26:00+00:00,DMU50_001,15.232,1142.24533,60.0
2026-03-01 19:27:00+00:00,DMU50_001,15.509,1142.50381,60.0
2026-03-01 19:28:00+00:00,DMU50_001,15.496,1142.76208,60.0
2026-03-01 19:29:00+00:00,DMU50_001,14.579,1143.00506,60.0
2026-03-01 19:30:00+00:00,DMU50_001,15.499,1143.26338,60.0
2026-03-01 19:31:00+00:00,DMU50_001,8.982,1143.41308,60.0
2026-03-01 19:32:00+00:00,DMU50_001,4.135,1143.482,60.0
2026-03-01 19:33:00+00:00,DMU50_001,4.058,1143.54963,60.0
2026-03-01 19:34:00+00:00,DMU50_001,4.088,1143.61776,60.0
2026-03-01 19:35:00+00:00,DMU50_001,4.548,1143.69356,60.0
2026-03-01 19:36:00+00:00,DMU50_001,3.561,1143.75291,60.0
2026-03-01 19:37:00+00:00,DMU50_001,3.535,1143.81183,60.0
2026-03-01 19:38:00+00:00,DMU50_001,14.869,1144.05965,60.0
2026-03-01 19:39:00+00:00,DMU50_001,16.223,1144.33003,60.0
2026-03-01 19:40:00+00:00,DMU50_001,15.653,1144.59091,60.0
2026-03-01 19:41:00+00:00,DMU50_001,14.639,1144.83489,60.0
2026-03-01 19:42:00+00:00,DMU50_001,14.863,1145.08261,60.0
2026-03-01 19:43:00+00:00,DMU50_001,14.893,1145.33083,60.0
2026-03-01 19:44:00+00:00,DMU50_001,9.058,1145.4818,60.0
2026-03-01 19:45:00+00:00,DMU50_001,8.72,1145.62713,60.0
2026-03-01 19:46:00+00:00,DMU50_001,8.132,1145.76266,60.0
2026-03-01 19:47:00+00:00,DMU50_001,9.581,1145.92234,60.0
2026-03-01 19:48:00+00:00,DMU50_001,8.475,1146.06359,60.0
2026-03-01 19:49:00+00:00,DMU50_001,8.549,1146.20607,60.0
2026-03-01 19:50:00+00:00,DMU50_001,8.807,1146.35285,60.0
2026-03-01 19:51:00+00:00,DMU50_001,8.825,1146.49993,60.0
2026-03-01 19:52:00+00:00,DMU50_001,9.799,1146.66325,60.0
2026-03-01 19:53:00+00:00,DMU50_001,9.401,1146.81993,60.0
2026-03-01 19:54:00+00:00,DMU50_001,4.389,1146.89308,60.0
2026-03-01 19:55:00+00:00,DMU50_001,4.147,1146.9622,60.0
2026-03-01 19:56:00+00:00,DMU50_001,4.143,1147.03125,60.0
2026-03-01 19:57:00+00:00,DMU50_001,3.91,1147.09642,60.0
2026-03-01 19:58:00+00:00,DMU50_001,15.391,1147.35294,60.0
2026-03-01 19:59:00+00:00,DMU50_001,15.246,1147.60704,60.0
2026-03-01 20:00:00+00:00,DMU50_001,15.643,1147.86776,60.0
2026-03-01 20:01:00+00:00,DMU50_001,14.895,1148.11601,60.0
2026-03-01 20:02:00+00:00,DMU50_001,14.929,1148.36483,60.0
2026-03-01 20:03:00+00:00,DMU50_001,15.085,1148.61625,60.0
2026-03-01 20:04:00+00:00,DMU50_001,15.446,1148.87368,60.0
2026-03-01 20:05:00+00:00,DMU50_001,14.265,1149.11143,60.0
2026-03-01 20:06:00+00:00,DMU50_001,15.368,1149.36756,60.0
2026-03-01 20:07:00+00:00,DMU50_001,14.99,1149.61739,60.0
2026-03-01 20:08:00+00:00,DMU50_001,8.577,1149.76034,60.0
2026-03-01 20:09:00+00:00,DMU50_001,8.166,1149.89644,60.0
2026-03-01 20:10:00+00:00,DMU50_001,8.945,1150.04552,60.0
2026-03-01 20:11:00+00:00,DMU50_001,3.79,1150.10869,60.0
2026-03-01 20:12:00+00:00,DMU50_001,3.835,1150.17261,60.0
2026-03-01 20:13:00+00:00,DMU50_001,3.571,1150.23213,60.0
2026-03-01 20:14:00+00:00,DMU50_001,3.892,1150.297,60.0
2026-03-01 20:15:00+00:00,DMU50_001,3.491,1150.35518,60.0
2026-03-01 20:16:00+00:00,DMU50_001,9.381,1150.51153,60.0
2026-03-01 20:17:00+00:00,DMU50_001,8.82,1150.65853,60.0
2026-03-01 20:18:00+00:00,DMU50_001,8.794,1150.8051,60.0
2026-03-01 20:19:00+00:00,DMU50_001,8.729,1150.95058,60.0
2026-03-01 20:20:00+00:00,DMU50_001,8.176,1151.08685,60.0
2026-03-01 20:21:00+00:00,DMU50_001,9.515,1151.24543,60.0
2026-03-01 20:22:00+00:00,DMU50_001,8.743,1151.39115,60.0
2026-03-01 20:23:00+00:00,DMU50_001,7.76,1151.52048,60.0
2026-03-01 20:24:00+00:00,DMU50_001,7.646,1151.64791,60.0
2026-03-01 20:25:00+00:00,DMU50_001,4.159,1151.71723,60.0
2026-03-01 20:26:00+00:00,DMU50_001,4.553,1151.79311,60.0
2026-03-01 20:27:00+00:00,DMU50_001,4.619,1151.87009,60.0
2026-03-01 20:28:00+00:00,DMU50_001,7.502,1151.99512,60.0
2026-03-01 20:29:00+00:00,DMU50_001,7.894,1152.12669,60.0
2026-03-01 20:30:00+00:00,DMU50_001,3.993,1152.19324,60.0
2026-03-01 20:31:00+00:00,DMU50_001,4.398,1152.26654,60.0
2026-03-01 20:32:00+00:00,DMU50_001,4.257,1152.33749,60.0
2026-03-01 20:33:00+00:00,DMU50_001,14.682,1152.58219,60.0
2026-03-01 20:34:00+00:00,DMU50_001,15.036,1152.83279,60.0
2026-03-01 20:35:00+00:00,DMU50_001,14.761,1153.07881,60.0
2026-03-01 20:36:00+00:00,DMU50_001,15.807,1153.34226,60.0
2026-03-01 20:37:00+00:00,DMU50_001,15.273,1153.59681,60.0
2026-03-01 20:38:00+00:00,DMU50_001,15.335,1153.85239,60.0
2026-03-01 20:39:00+00:00,DMU50_001,13.667,1154.08017,60.0
2026-03-01 20:40:00+00:00,DMU50_001,14.967,1154.32962,60.0
2026-03-01 20:41:00+00:00,DMU50_001,16.042,1154.59699,60.0
2026-03-01 20:42:00+00:00,DMU50_001,9.53,1154.75582,60.0
2026-03-01 20:43:00+00:00,DMU50_001,8.261,1154.8935,60.0
2026-03-01 20:44:00+00:00,DMU50_001,8.875,1155.04142,60.0
2026-03-01 20:45:00+00:00,DMU50_001,8.519,1155.1834,60.0
2026-03-01 20:46:00+00:00,DMU50_001,3.842,1155.24743,60.0
2026-03-01 20:47:00+00:00,DMU50_001,3.549,1155.30658,60.0
2026-03-01 20:48:00+00:00,DMU50_001,3.346,1155.36235,60.0
2026-03-01 20:49:00+00:00,DMU50_001,15.017,1155.61263,60.0
2026-03-01 20:50:00+00:00,DMU50_001,13.696,1155.8409,60.0
2026-03-01 20:51:00+00:00,DMU50_001,14.458,1156.08187,60.0
2026-03-01 20:52:00+00:00,DMU50_001,15.018,1156.33217,60.0
2026-03-01 20:53:00+00:00,DMU50_001,15.423,1156.58922,60.0
2026-03-01 20:54:00+00:00,DMU50_001,14.029,1156.82304,60.0
2026-03-01 20:55:00+00:00,DMU50_001,14.809,1157.06986,60.0
2026-03-01 20:56:00+00:00,DMU50_001,9.404,1157.22659,60.0
2026-03-01 20:57:00+00:00,DMU50_001,8.419,1157.36691,60.0
2026-03-01 20:58:00+00:00,DMU50_001,9.092,1157.51844,60.0
2026-03-01 20:59:00+00:00,DMU50_001,9.026,1157.66887,60.0
2026-03-01 21:00:00+00:00,DMU50_001,9.686,1157.8303,60.0
2026-03-01 21:01:00+00:00,DMU50_001,7.931,1157.96248,60.0
2026-03-01 21:02:00+00:00,DMU50_001,14.914,1158.21105,60.0
2026-03-01 21:03:00+00:00,DMU50_001,15.427,1158.46817,60.0
2026-03-01 21:04:00+00:00,DMU50_001,14.337,1158.70712,60.0
2026-03-01 21:05:00+00:00,DMU50_001,14.89,1158.95529,60.0
2026-03-01 21:06:00+00:00,DMU50_001,14.772,1159.20149,60.0
2026-03-01 21:07:00+00:00,DMU50_001,14.931,1159.45034,60.0
2026-03-01 21:08:00+00:00,DMU50_001,15.424,1159.70741,60.0
2026-03-01 21:09:00+00:00,DMU50_001,15.277,1159.96203,60.0
2026-03-01 21:10:00+00:00,DMU50_001,14.626,1160.2058,60.0
2026-03-01 21:11:00+00:00,DMU50_001,9.055,1160.35672,60.0
2026-03-01 21:12:00+00:00,DMU50_001,9.596,1160.51665,60.0
2026-03-01 21:13:00+00:00,DMU50_001,8.667,1160.6611,60.0
2026-03-01 21:14:00+00:00,DMU50_001,9.058,1160.81207,60.0
2026-03-01 21:15:00+00:00,DMU50_001,8.923,1160.96079,60.0
2026-03-01 21:16:00+00:00,DMU50_001,4.187,1161.03057,60.0
2026-03-01 21:17:00+00:00,DMU50_001,3.874,1161.09514,60.0
2026-03-01 21:18:00+00:00,DMU50_001,4.482,1161.16984,60.0
2026-03-01 21:19:00+00:00,DMU50_001,4.045,1161.23726,60.0
2026-03-01 21:20:00+00:00,DMU50_001,15.513,1161.49581,60.0
2026-03-01 21:21:00+00:00,DMU50_001,14.689,1161.74063,60.0
2026-03-01 21:22:00+00:00,DMU50_001,14.687,1161.98541,60.0
2026-03-01 21:23:00+00:00,DMU50_001,15.607,1162.24553,60.0
2026-03-01 21:24:00+00:00,DMU50_001,15.497,1162.50381,60.0
2026-03-01 21:25:00+00:00,DMU50_001,15.104,1162.75554,60.0
2026-03-01 21:26:00+00:00,DMU50_001,15.381,1163.01189,60.0
2026-03-01 21:27:00+00:00,DMU50_001,3.442,1163.06926,60.0
2026-03-01 21:28:00+00:00,DMU50_001,3.498,1163.12756,60.0
2026-03-01 21:29:00+00:00,DMU50_001,3.368,1163.18369,60.0
2026-03-01 21:30:00+00:00,DMU50_001,8.271,1163.32154,60.0
2026-03-01 21:31:00+00:00,DMU50_001,7.792,1163.45141,60.0
2026-03-01 21:32:00+00:00,DMU50_001,15.743,1163.71379,60.0
2026-03-01 21:33:00+00:00,DMU50_001,14.842,1163.96116,60.0
2026-03-01 21:34:00+00:00,DMU50_001,15.01,1164.21133,60.0
2026-03-01 21:35:00+00:00,DMU50_001,15.379,1164.46765,60.0
2026-03-01 21:36:00+00:00,DMU50_001,15.012,1164.71785,60.0
2026-03-01 21:37:00+00:00,DMU50_001,14.851,1164.96537,60.0
2026-03-01 21:38:00+00:00,DMU50_001,14.985,1165.21512,60.0
2026-03-01 21:39:00+00:00,DMU50_001,15.447,1165.47257,60.0
2026-03-01 21:40:00+00:00,DMU50_001,8.735,1165.61815,60.0
2026-03-01 21:41:00+00:00,DMU50_001,8.95,1165.76732,60.0
2026-03-01 21:42:00+00:00,DMU50_001,9.004,1165.91739,60.0
2026-03-01 21:43:00+00:00,DMU50_001,9.346,1166.07316,60.0
2026-03-01 21:44:00+00:00,DMU50_001,8.96,1166.22249,60.0
2026-03-01 21:45:00+00:00,DMU50_001,9.723,1166.38454,60.0
2026-03-01 21:46:00+00:00,DMU50_001,4.169,1166.45402,60.0
2026-03-01 21:47:00+00:00,DMU50_001,4.152,1166.52322,60.0
2026-03-01 21:48:00+00:00,DMU50_001,4.166,1166.59265,60.0
2026-03-01 21:49:00+00:00,DMU50_001,3.937,1166.65827,60.0
2026-03-01 21:50:00+00:00,DMU50_001,14.482,1166.89964,60.0
2026-03-01 21:51:00+00:00,DMU50_001,14.735,1167.14522,60.0
2026-03-01 21:52:00+00:00,DMU50_001,15.568,1167.40469,60.0
2026-03-01 21:53:00+00:00,DMU50_001,14.983,1167.65441,60.0
2026-03-01 21:54:00+00:00,DMU50_001,14.758,1167.90038,60.0
2026-03-01 21:55:00+00:00,DMU50_001,15.613,1168.1606,60.0
2026-03-01 21:56:00+00:00,DMU50_001,15.776,1168.42353,60.0
2026-03-01 21:57:00+00:00,DMU50_001,9.502,1168.5819,60.0
2026-03-01 21:58:00+00:00,DMU50_001,8.659,1168.72622,60.0
2026-03-01 21:59:00+00:00,DMU50_001,8.802,1168.87292,60.0
2026-03-01 22:00:00+00:00,DMU50_001,9.725,1169.035,60.0
2026-03-01 22:01:00+00:00,DMU50_001,8.072,1169.16953,60.0
2026-03-01 22:02:00+00:00,DMU50_001,7.92,1169.30153,60.0
2026-03-01 22:03:00+00:00,DMU50_001,9.287,1169.45631,60.0
2026-03-01 22:04:00+00:00,DMU50_001,9.403,1169.61303,60.0
2026-03-01 22:05:00+00:00,DMU50_001,8.771,1169.75921,60.0
2026-03-01 22:06:00+00:00,DMU50_001,9.088,1169.91068,60.0
2026-03-01 22:07:00+00:00,DMU50_001,9.371,1170.06686,60.0
2026-03-01 22:08:00+00:00,DMU50_001,8.536,1170.20913,60.0
2026-03-01 22:09:00+00:00,DMU50_001,4.202,1170.27916,60.0
2026-03-01 22:10:00+00:00,DMU50_001,3.977,1170.34544,60.0
2026-03-01 22:11:00+00:00,DMU50_001,4.003,1170.41216,60.0
2026-03-01 22:12:00+00:00,DMU50_001,8.775,1170.55841,60.0
2026-03-01 22:13:00+00:00,DMU50_001,9.191,1170.71159,60.0
2026-03-01 22:14:00+00:00,DMU50_001,8.871,1170.85944,60.0
2026-03-01 22:15:00+00:00,DMU50_001,8.741,1171.00512,60.0
2026-03-01 22:16:00+00:00,DMU50_001,9.021,1171.15547,60.0
2026-03-01 22:17:00+00:00,DMU50_001,8.541,1171.29782,60.0
2026-03-01 22:18:00+00:00,DMU50_001,9.172,1171.45069,60.0
2026-03-01 22:19:00+00:00,DMU50_001,9.453,1171.60824,60.0
2026-03-01 22:20:00+00:00,DMU50_001,3.484,1171.66631,60.0
2026-03-01 22:21:00+00:00,DMU50_001,3.459,1171.72396,60.0
2026-03-01 22:22:00+00:00,DMU50_001,3.575,1171.78354,60.0
2026-03-01 22:23:00+00:00,DMU50_001,3.094,1171.83511,60.0
2026-03-01 22:24:00+00:00,DMU50_001,15.268,1172.08958,60.0
2026-03-01 22:25:00+00:00,DMU50_001,16.551,1172.36543,60.0
2026-03-01 22:26:00+00:00,DMU50_001,14.939,1172.61441,60.0
2026-03-01 22:27:00+00:00,DMU50_001,14.94,1172.86341,60.0
2026-03-01 22:28:00+00:00,DMU50_001,15.372,1173.11961,60.0
2026-03-01 22:29:00+00:00,DMU50_001,15.823,1173.38333,60.0
2026-03-01 22:30:00+00:00,DMU50_001,15.487,1173.64145,60.0
2026-03-01 22:31:00+00:00,DMU50_001,8.138,1173.77708,60.0
2026-03-01 22:32:00+00:00,DMU50_001,9.225,1173.93083,60.0
2026-03-01 22:33:00+00:00,DMU50_001,10.029,1174.09798,60.0
2026-03-01 22:34:00+00:00,DMU50_001,9.249,1174.25213,60.0
2026-03-01 22:35:00+00:00,DMU50_001,8.538,1174.39443,60.0
2026-03-01 22:36:00+00:00,DMU50_001,9.113,1174.54631,60.0
2026-03-01 22:37:00+00:00,DMU50_001,3.244,1174.60038,60.0
2026-03-01 22:38:00+00:00,DMU50_001,3.747,1174.66283,60.0
2026-03-01 22:39:00+00:00,DMU50_001,14.522,1174.90486,60.0
2026-03-01 22:40:00+00:00,DMU50_001,15.037,1175.15548,60.0
2026-03-01 22:41:00+00:00,DMU50_001,14.571,1175.39833,60.0
2026-03-01 22:42:00+00:00,DMU50_001,14.727,1175.64378,60.0
2026-03-01 22:43:00+00:00,DMU50_001,15.743,1175.90616,60.0
2026-03-01 22:44:00+00:00,DMU50_001,15.052,1176.15703,60.0
2026-03-01 22:45:00+00:00,DMU50_001,14.72,1176.40236,60.0
2026-03-01 22:46:00+00:00,DMU50_001,14.427,1176.64281,60.0
2026-03-01 22:47:00+00:00,DMU50_001,8.251,1176.78033,60.0
2026-03-01 22:48:00+00:00,DMU50_001,8.499,1176.92198,60.0
2026-03-01 22:49:00+00:00,DMU50_001,9.045,1177.07273,60.0
2026-03-01 22:50:00+00:00,DMU50_001,9.392,1177.22926,60.0
2026-03-01 22:51:00+00:00,DMU50_001,8.776,1177.37553,60.0
2026-03-01 22:52:00+00:00,DMU50_001,4.514,1177.45076,60.0
2026-03-01 22:53:00+00:00,DMU50_001,4.056,1177.51836,60.0
2026-03-01 22:54:00+00:00,DMU50_001,3.452,1177.57589,60.0
2026-03-01 22:55:00+00:00,DMU50_001,3.284,1177.63062,60.0
2026-03-01 22:56:00+00:00,DMU50_001,8.297,1177.7689,60.0
2026-03-01 22:57:00+00:00,DMU50_001,16.049,1178.03638,60.0
2026-03-01 22:58:00+00:00,DMU50_001,14.119,1178.2717,60.0
2026-03-01 22:59:00+00:00,DMU50_001,14.827,1178.51882,60.0
2026-03-01 23:00:00+00:00,DMU50_001,15.632,1178.77935,60.0
2026-03-01 23:01:00+00:00,DMU50_001,14.277,1179.0173,60.0
2026-03-01 23:02:00+00:00,DMU50_001,15.283,1179.27202,60.0
2026-03-01 23:03:00+00:00,DMU50_001,15.611,1179.5322,60.0
2026-03-01 23:04:00+00:00,DMU50_001,9.031,1179.68272,60.0
2026-03-01 23:05:00+00:00,DMU50_001,9.22,1179.83639,60.0
2026-03-01 23:06:00+00:00,DMU50_001,9.704,1179.99812,60.0
2026-03-01 23:07:00+00:00,DMU50_001,9.779,1180.1611,60.0
2026-03-01 23:08:00+00:00,DMU50_001,4.188,1180.2309,60.0
2026-03-01 23:09:00+00:00,DMU50_001,4.094,1180.29913,60.0
2026-03-01 23:10:00+00:00,DMU50_001,4.016,1180.36606,60.0
2026-03-01 23:11:00+00:00,DMU50_001,4.395,1180.43931,60.0
2026-03-01 23:12:00+00:00,DMU50_001,8.451,1180.58016,60.0
2026-03-01 23:13:00+00:00,DMU50_001,8.899,1180.72848,60.0
2026-03-01 23:14:00+00:00,DMU50_001,9.041,1180.87916,60.0
2026-03-01 23:15:00+00:00,DMU50_001,8.799,1181.02581,60.0
2026-03-01 23:16:00+00:00,DMU50_001,9.112,1181.17768,60.0
2026-03-01 23:17:00+00:00,DMU50_001,10.026,1181.34478,60.0
2026-03-01 23:18:00+00:00,DMU50_001,4.176,1181.41438,60.0
2026-03-01 23:19:00+00:00,DMU50_001,4.113,1181.48293,60.0
2026-03-01 23:20:00+00:00,DMU50_001,4.403,1181.55631,60.0
2026-03-01 23:21:00+00:00,DMU50_001,4.248,1181.62711,60.0
2026-03-01 23:22:00+00:00,DMU50_001,3.788,1181.69024,60.0
2026-03-01 23:23:00+00:00,DMU50_001,3.533,1181.74912,60.0
2026-03-01 23:24:00+00:00,DMU50_001,7.925,1181.8812,60.0
2026-03-01 23:25:00+00:00,DMU50_001,7.465,1182.00562,60.0
2026-03-01 23:26:00+00:00,DMU50_001,8.352,1182.14482,60.0
2026-03-01 23:27:00+00:00,DMU50_001,8.266,1182.28259,60.0
2026-03-01 23:28:00+00:00,DMU50_001,9.152,1182.43512,60.0
2026-03-01 23:29:00+00:00,DMU50_001,8.455,1182.57604,60.0
2026-03-01 23:30:00+00:00,DMU50_001,9.502,1182.73441,60.0
2026-03-01 23:31:00+00:00,DMU50_001,9.012,1182.88461,60.0
2026-03-01 23:32:00+00:00,DMU50_001,7.927,1183.01673,60.0
2026-03-01 23:33:00+00:00,DMU50_001,7.747,1183.14585,60.0
2026-03-01 23:34:00+00:00,DMU50_001,15.311,1183.40103,60.0
2026-03-01 23:35:00+00:00,DMU50_001,14.598,1183.64433,60.0
2026-03-01 23:36:00+00:00,DMU50_001,14.507,1183.88611,60.0
2026-03-01 23:37:00+00:00,DMU50_001,15.594,1184.14601,60.0
2026-03-01 23:38:00+00:00,DMU50_001,15.177,1184.39896,60.0
2026-03-01 23:39:00+00:00,DMU50_001,14.883,1184.64701,60.0
2026-03-01 23:40:00+00:00,DMU50_001,9.257,1184.80129,60.0
2026-03-01 23:41:00+00:00,DMU50_001,9.004,1184.95136,60.0
2026-03-01 23:42:00+00:00,DMU50_001,9.153,1185.10391,60.0
2026-03-01 23:43:00+00:00,DMU50_001,8.673,1185.24846,60.0
2026-03-01 23:44:00+00:00,DMU50_001,9.828,1185.41226,60.0
2026-03-01 23:45:00+00:00,DMU50_001,8.768,1185.55839,60.0
2026-03-01 23:46:00+00:00,DMU50_001,9.622,1185.71876,60.0
2026-03-01 23:47:00+00:00,DMU50_001,4.162,1185.78813,60.0
2026-03-01 23:48:00+00:00,DMU50_001,4.361,1185.86081,60.0
2026-03-01 23:49:00+00:00,DMU50_001,3.647,1185.92159,60.0
2026-03-01 23:50:00+00:00,DMU50_001,3.729,1185.98374,60.0
2026-03-01 23:51:00+00:00,DMU50_001,4.032,1186.05094,60.0
2026-03-01 23:52:00+00:00,DMU50_001,4.415,1186.12452,60.0
2026-03-01 23:53:00+00:00,DMU50_001,4.569,1186.20067,60.0
2026-03-01 23:54:00+00:00,DMU50_001,4.148,1186.2698,60.0
2026-03-01 23:55:00+00:00,DMU50_001,15.017,1186.52008,60.0
2026-03-01 23:56:00+00:00,DMU50_001,14.738,1186.76571,60.0
2026-03-01 23:57:00+00:00,DMU50_001,14.827,1187.01283,60.0
2026-03-01 23:58:00+00:00,DMU50_001,15.856,1187.2771,60.0
2026-03-01 23:59:00+00:00,DMU50_001,14.498,1187.51873,60.0
2026-03-02 00:00:00+00:00,DMU50_001,14.529,1187.76088,60.0
2026-03-02 00:01:00+00:00,DMU50_001,15.805,1188.0243,60.0
2026-03-02 00:02:00+00:00,DMU50_001,15.312,1188.2795,60.0
2026-03-02 00:03:00+00:00,DMU50_001,16.06,1188.54717,60.0
2026-03-02 00:04:00+00:00,DMU50_001,8.82,1188.69417,60.0
2026-03-02 00:05:00+00:00,DMU50_001,9.051,1188.84502,60.0
2026-03-02 00:06:00+00:00,DMU50_001,8.736,1188.99062,60.0
2026-03-02 00:07:00+00:00,DMU50_001,8.043,1189.12467,60.0
2026-03-02 00:08:00+00:00,DMU50_001,7.468,1189.24914,60.0
2026-03-02 00:09:00+00:00,DMU50_001,4.337,1189.32142,60.0
2026-03-02 00:10:00+00:00,DMU50_001,4.265,1189.3925,60.0
2026-03-02 00:11:00+00:00,DMU50_001,4.188,1189.4623,60.0
2026-03-02 00:12:00+00:00,DMU50_001,14.805,1189.70905,60.0
2026-03-02 00:13:00+00:00,DMU50_001,14.553,1189.9516,60.0
2026-03-02 00:14:00+00:00,DMU50_001,15.364,1190.20767,60.0
2026-03-02 00:15:00+00:00,DMU50_001,14.414,1190.4479,60.0
2026-03-02 00:16:00+00:00,DMU50_001,15.256,1190.70217,60.0
2026-03-02 00:17:00+00:00,DMU50_001,16.037,1190.96945,60.0
2026-03-02 00:18:00+00:00,DMU50_001,15.743,1191.23183,60.0
2026-03-02 00:19:00+00:00,DMU50_001,8.398,1191.3718,60.0
2026-03-02 00:20:00+00:00,DMU50_001,8.785,1191.51822,60.0
2026-03-02 00:21:00+00:00,DMU50_001,9.169,1191.67104,60.0
2026-03-02 00:22:00+00:00,DMU50_001,8.972,1191.82057,60.0
2026-03-02 00:23:00+00:00,DMU50_001,8.44,1191.96124,60.0
2026-03-02 00:24:00+00:00,DMU50_001,9.154,1192.11381,60.0
2026-03-02 00:25:00+00:00,DMU50_001,7.997,1192.24709,60.0
2026-03-02 00:26:00+00:00,DMU50_001,8.574,1192.38999,60.0
2026-03-02 00:27:00+00:00,DMU50_001,3.449,1192.44747,60.0
2026-03-02 00:28:00+00:00,DMU50_001,3.734,1192.5097,60.0
2026-03-02 00:29:00+00:00,DMU50_001,3.247,1192.56382,60.0
2026-03-02 00:30:00+00:00,DMU50_001,3.294,1192.61872,60.0
2026-03-02 00:31:00+00:00,DMU50_001,15.361,1192.87474,60.0
2026-03-02 00:32:00+00:00,DMU50_001,15.542,1193.13377,60.0
2026-03-02 00:33:00+00:00,DMU50_001,14.521,1193.37579,60.0
2026-03-02 00:34:00+00:00,DMU50_001,15.012,1193.62599,60.0
2026-03-02 00:35:00+00:00,DMU50_001,14.309,1193.86447,60.0
2026-03-02 00:36:00+00:00,DMU50_001,14.909,1194.11295,60.0
2026-03-02 00:37:00+00:00,DMU50_001,15.418,1194.36992,60.0
2026-03-02 00:38:00+00:00,DMU50_001,14.783,1194.6163,60.0
2026-03-02 00:39:00+00:00,DMU50_001,14.875,1194.86422,60.0
2026-03-02 00:40:00+00:00,DMU50_001,8.548,1195.00669,60.0
2026-03-02 00:41:00+00:00,DMU50_001,8.741,1195.15237,60.0
2026-03-02 00:42:00+00:00,DMU50_001,8.527,1195.29449,60.0
2026-03-02 00:43:00+00:00,DMU50_001,4.215,1195.36474,60.0
2026-03-02 00:44:00+00:00,DMU50_001,4.0,1195.43141,60.0
2026-03-02 00:45:00+00:00,DMU50_001,7.906,1195.56318,60.0
2026-03-02 00:46:00+00:00,DMU50_001,14.201,1195.79986,60.0
2026-03-02 00:47:00+00:00,DMU50_001,14.493,1196.04141,60.0
2026-03-02 00:48:00+00:00,DMU50_001,15.68,1196.30274,60.0
2026-03-02 00:49:00+00:00,DMU50_001,14.929,1196.55156,60.0
2026-03-02 00:50:00+00:00,DMU50_001,15.945,1196.81731,60.0
2026-03-02 00:51:00+00:00,DMU50_001,14.952,1197.06651,60.0
2026-03-02 00:52:00+00:00,DMU50_001,14.982,1197.31621,60.0
2026-03-02 00:53:00+00:00,DMU50_001,3.628,1197.37668,60.0
2026-03-02 00:54:00+00:00,DMU50_001,2.965,1197.4261,60.0
2026-03-02 00:55:00+00:00,DMU50_001,3.541,1197.48512,60.0
2026-03-02 00:56:00+00:00,DMU50_001,3.49,1197.54329,60.0
2026-03-02 00:57:00+00:00,DMU50_001,4.497,1197.61824,60.0
2026-03-02 00:58:00+00:00,DMU50_001,4.393,1197.69146,60.0
2026-03-02 00:59:00+00:00,DMU50_001,3.973,1197.75768,60.0
2026-03-02 01:00:00+00:00,DMU50_001,8.373,1197.89723,60.0
2026-03-02 01:01:00+00:00,DMU50_001,7.921,1198.02925,60.0
2026-03-02 01:02:00+00:00,DMU50_001,14.548,1198.27172,60.0
2026-03-02 01:03:00+00:00,DMU50_001,15.099,1198.52337,60.0
2026-03-02 01:04:00+00:00,DMU50_001,14.899,1198.77169,60.0
2026-03-02 01:05:00+00:00,DMU50_001,15.769,1199.03451,60.0
2026-03-02 01:06:00+00:00,DMU50_001,15.17,1199.28734,60.0
2026-03-02 01:07:00+00:00,DMU50_001,15.103,1199.53906,60.0
2026-03-02 01:08:00+00:00,DMU50_001,15.45,1199.79656,60.0
2026-03-02 01:09:00+00:00,DMU50_001,15.546,1200.05566,60.0
2026-03-02 01:10:00+00:00,DMU50_001,15.392,1200.31219,60.0
2026-03-02 01:11:00+00:00,DMU50_001,9.568,1200.47166,60.0
2026-03-02 01:12:00+00:00,DMU50_001,9.243,1200.62571,60.0
2026-03-02 01:13:00+00:00,DMU50_001,3.534,1200.68461,60.0
2026-03-02 01:14:00+00:00,DMU50_001,3.748,1200.74708,60.0
2026-03-02 01:15:00+00:00,DMU50_001,3.482,1200.80511,60.0
2026-03-02 01:16:00+00:00,DMU50_001,3.507,1200.86356,60.0
2026-03-02 01:17:00+00:00,DMU50_001,15.861,1201.12791,60.0
2026-03-02 01:18:00+00:00,DMU50_001,15.811,1201.39143,60.0
2026-03-02 01:19:00+00:00,DMU50_001,14.996,1201.64136,60.0
2026-03-02 01:20:00+00:00,DMU50_001,14.773,1201.88758,60.0
2026-03-02 01:21:00+00:00,DMU50_001,15.732,1202.14978,60.0
2026-03-02 01:22:00+00:00,DMU50_001,15.4,1202.40645,60.0
2026-03-02 01:23:00+00:00,DMU50_001,9.126,1202.55855,60.0
2026-03-02 01:24:00+00:00,DMU50_001,8.871,1202.7064,60.0
2026-03-02 01:25:00+00:00,DMU50_001,8.1,1202.8414,60.0
2026-03-02 01:26:00+00:00,DMU50_001,3.496,1202.89967,60.0
2026-03-02 01:27:00+00:00,DMU50_001,3.367,1202.95579,60.0
2026-03-02 01:28:00+00:00,DMU50_001,3.526,1203.01456,60.0
2026-03-02 01:29:00+00:00,DMU50_001,3.553,1203.07378,60.0
2026-03-02 01:30:00+00:00,DMU50_001,14.812,1203.32065,60.0
2026-03-02 01:31:00+00:00,DMU50_001,15.452,1203.57818,60.0
2026-03-02 01:32:00+00:00,DMU50_001,15.644,1203.83891,60.0
2026-03-02 01:33:00+00:00,DMU50_001,15.485,1204.09699,60.0
2026-03-02 01:34:00+00:00,DMU50_001,14.862,1204.34469,60.0
2026-03-02 01:35:00+00:00,DMU50_001,15.378,1204.60099,60.0
2026-03-02 01:36:00+00:00,DMU50_001,15.039,1204.85164,60.0
2026-03-02 01:37:00+00:00,DMU50_001,14.382,1205.09134,60.0
2026-03-02 01:38:00+00:00,DMU50_001,15.336,1205.34694,60.0
2026-03-02 01:39:00+00:00,DMU50_001,9.058,1205.49791,60.0
2026-03-02 01:40:00+00:00,DMU50_001,8.778,1205.64421,60.0
2026-03-02 01:41:00+00:00,DMU50_001,8.437,1205.78483,60.0
2026-03-02 01:42:00+00:00,DMU50_001,15.356,1206.04076,60.0
2026-03-02 01:43:00+00:00,DMU50_001,15.125,1206.29284,60.0
2026-03-02 01:44:00+00:00,DMU50_001,15.082,1206.54421,60.0
2026-03-02 01:45:00+00:00,DMU50_001,14.498,1206.78584,60.0
2026-03-02 01:46:00+00:00,DMU50_001,14.131,1207.02136,60.0
2026-03-02 01:47:00+00:00,DMU50_001,14.564,1207.26409,60.0
2026-03-02 01:48:00+00:00,DMU50_001,8.981,1207.41377,60.0
2026-03-02 01:49:00+00:00,DMU50_001,7.368,1207.53657,60.0
2026-03-02 01:50:00+00:00,DMU50_001,14.728,1207.78204,60.0
2026-03-02 01:51:00+00:00,DMU50_001,14.876,1208.02997,60.0
2026-03-02 01:52:00+00:00,DMU50_001,14.892,1208.27817,60.0
2026-03-02 01:53:00+00:00,DMU50_001,14.669,1208.52265,60.0
2026-03-02 01:54:00+00:00,DMU50_001,14.829,1208.7698,60.0
2026-03-02 01:55:00+00:00,DMU50_001,15.862,1209.03417,60.0
2026-03-02 01:56:00+00:00,DMU50_001,15.331,1209.28969,60.0
2026-03-02 01:57:00+00:00,DMU50_001,14.72,1209.53502,60.0
2026-03-02 01:58:00+00:00,DMU50_001,7.979,1209.668,60.0
2026-03-02 01:59:00+00:00,DMU50_001,7.992,1209.8012,60.0
2026-03-02 02:00:00+00:00,DMU50_001,14.616,1210.0448,60.0
2026-03-02 02:01:00+00:00,DMU50_001,14.615,1210.28838,60.0
2026-03-02 02:02:00+00:00,DMU50_001,15.505,1210.5468,60.0
2026-03-02 02:03:00+00:00,DMU50_001,14.79,1210.7933,60.0
2026-03-02 02:04:00+00:00,DMU50_001,14.453,1211.03418,60.0
2026-03-02 02:05:00+00:00,DMU50_001,14.978,1211.28381,60.0
2026-03-02 02:06:00+00:00,DMU50_001,15.059,1211.53479,60.0
2026-03-02 02:07:00+00:00,DMU50_001,8.211,1211.67164,60.0
2026-03-02 02:08:00+00:00,DMU50_001,8.984,1211.82137,60.0
2026-03-02 02:09:00+00:00,DMU50_001,9.347,1211.97715,60.0
2026-03-02 02:10:00+00:00,DMU50_001,9.18,1212.13015,60.0
2026-03-02 02:11:00+00:00,DMU50_001,9.892,1212.29502,60.0
2026-03-02 02:12:00+00:00,DMU50_001,9.5,1212.45335,60.0
2026-03-02 02:13:00+00:00,DMU50_001,9.58,1212.61302,60.0
2026-03-02 02:14:00+00:00,DMU50_001,8.84,1212.76035,60.0
2026-03-02 02:15:00+00:00,DMU50_001,8.227,1212.89747,60.0
2026-03-02 02:16:00+00:00,DMU50_001,4.233,1212.96802,60.0
2026-03-02 02:17:00+00:00,DMU50_001,4.395,1213.04127,60.0
2026-03-02 02:18:00+00:00,DMU50_001,14.72,1213.2866,60.0
2026-03-02 02:19:00+00:00,DMU50_001,15.054,1213.5375,60.0
2026-03-02 02:20:00+00:00,DMU50_001,14.676,1213.7821,60.0
2026-03-02 02:21:00+00:00,DMU50_001,15.199,1214.03542,60.0
2026-03-02 02:22:00+00:00,DMU50_001,14.674,1214.27999,60.0
2026-03-02 02:23:00+00:00,DMU50_001,14.657,1214.52427,60.0
2026-03-02 02:24:00+00:00,DMU50_001,15.207,1214.77772,60.0
2026-03-02 02:25:00+00:00,DMU50_001,14.931,1215.02657,60.0
2026-03-02 02:26:00+00:00,DMU50_001,14.036,1215.2605,60.0
2026-03-02 02:27:00+00:00,DMU50_001,8.418,1215.4008,60.0
2026-03-02 02:28:00+00:00,DMU50_001,8.541,1215.54315,60.0
2026-03-02 02:29:00+00:00,DMU50_001,8.647,1215.68727,60.0
2026-03-02 02:30:00+00:00,DMU50_001,9.166,1215.84004,60.0
2026-03-02 02:31:00+00:00,DMU50_001,9.088,1215.99151,60.0
2026-03-02 02:32:00+00:00,DMU50_001,4.413,1216.06506,60.0
2026-03-02 02:33:00+00:00,DMU50_001,4.351,1216.13758,60.0
2026-03-02 02:34:00+00:00,DMU50_001,15.536,1216.39651,60.0
2026-03-02 02:35:00+00:00,DMU50_001,15.304,1216.65158,60.0
2026-03-02 02:36:00+00:00,DMU50_001,15.105,1216.90333,60.0
2026-03-02 02:37:00+00:00,DMU50_001,15.55,1217.1625,60.0
2026-03-02 02:38:00+00:00,DMU50_001,15.46,1217.42017,60.0
2026-03-02 02:39:00+00:00,DMU50_001,15.188,1217.6733,60.0
2026-03-02 02:40:00+00:00,DMU50_001,15.636,1217.9339,60.0
2026-03-02 02:41:00+00:00,DMU50_001,8.062,1218.06827,60.0
2026-03-02 02:42:00+00:00,DMU50_001,4.142,1218.1373,60.0
2026-03-02 02:43:00+00:00,DMU50_001,4.139,1218.20628,60.0
2026-03-02 02:44:00+00:00,DMU50_001,4.431,1218.28013,60.0
2026-03-02 02:45:00+00:00,DMU50_001,4.514,1218.35536,60.0
2026-03-02 02:46:00+00:00,DMU50_001,8.42,1218.49569,60.0
2026-03-02 02:47:00+00:00,DMU50_001,9.564,1218.65509,60.0
2026-03-02 02:48:00+00:00,DMU50_001,8.531,1218.79727,60.0
2026-03-02 02:49:00+00:00,DMU50_001,8.544,1218.93967,60.0
2026-03-02 02:50:00+00:00,DMU50_001,8.906,1219.0881,60.0
2026-03-02 02:51:00+00:00,DMU50_001,8.873,1219.23598,60.0
2026-03-02 02:52:00+00:00,DMU50_001,7.532,1219.36151,60.0
2026-03-02 02:53:00+00:00,DMU50_001,8.195,1219.49809,60.0
2026-03-02 02:54:00+00:00,DMU50_001,4.336,1219.57036,60.0
2026-03-02 02:55:00+00:00,DMU50_001,4.411,1219.64388,60.0
2026-03-02 02:56:00+00:00,DMU50_001,14.783,1219.89026,60.0
2026-03-02 02:57:00+00:00,DMU50_001,14.98,1220.13993,60.0
2026-03-02 02:58:00+00:00,DMU50_001,14.985,1220.38968,60.0
2026-03-02 02:59:00+00:00,DMU50_001,15.844,1220.65375,60.0
2026-03-02 03:00:00+00:00,DMU50_001,13.583,1220.88013,60.0
2026-03-02 03:01:00+00:00,DMU50_001,14.522,1221.12216,60.0
2026-03-02 03:02:00+00:00,DMU50_001,15.003,1221.37221,60.0
2026-03-02 03:03:00+00:00,DMU50_001,14.457,1221.61316,60.0
2026-03-02 03:04:00+00:00,DMU50_001,14.871,1221.86101,60.0
2026-03-02 03:05:00+00:00,DMU50_001,14.937,1222.10996,60.0
2026-03-02 03:06:00+00:00,DMU50_001,8.737,1222.25558,60.0
2026-03-02 03:07:00+00:00,DMU50_001,9.026,1222.40601,60.0
2026-03-02 03:08:00+00:00,DMU50_001,8.188,1222.54248,60.0
2026-03-02 03:09:00+00:00,DMU50_001,14.882,1222.79051,60.0
2026-03-02 03:10:00+00:00,DMU50_001,14.773,1223.03673,60.0
2026-03-02 03:11:00+00:00,DMU50_001,14.917,1223.28535,60.0
2026-03-02 03:12:00+00:00,DMU50_001,14.996,1223.53528,60.0
2026-03-02 03:13:00+00:00,DMU50_001,14.13,1223.77078,60.0
2026-03-02 03:14:00+00:00,DMU50_001,15.231,1224.02463,60.0
2026-03-02 03:15:00+00:00,DMU50_001,14.774,1224.27086,60.0
2026-03-02 03:16:00+00:00,DMU50_001,15.631,1224.53138,60.0
2026-03-02 03:17:00+00:00,DMU50_001,9.236,1224.68531,60.0
2026-03-02 03:18:00+00:00,DMU50_001,9.468,1224.84311,60.0
2026-03-02 03:19:00+00:00,DMU50_001,3.298,1224.89808,60.0
2026-03-02 03:20:00+00:00,DMU50_001,3.426,1224.95518,60.0
2026-03-02 03:21:00+00:00,DMU50_001,3.252,1225.00938,60.0
2026-03-02 03:22:00+00:00,DMU50_001,4.059,1225.07703,60.0
2026-03-02 03:23:00+00:00,DMU50_001,4.45,1225.1512,60.0
2026-03-02 03:24:00+00:00,DMU50_001,4.497,1225.22615,60.0
2026-03-02 03:25:00+00:00,DMU50_001,7.656,1225.35375,60.0
2026-03-02 03:26:00+00:00,DMU50_001,14.771,1225.59993,60.0
2026-03-02 03:27:00+00:00,DMU50_001,14.962,1225.8493,60.0
2026-03-02 03:28:00+00:00,DMU50_001,15.293,1226.10418,60.0
2026-03-02 03:29:00+00:00,DMU50_001,14.12,1226.33951,60.0
2026-03-02 03:30:00+00:00,DMU50_001,14.198,1226.57614,60.0
2026-03-02 03:31:00+00:00,DMU50_001,15.245,1226.83022,60.0
2026-03-02 03:32:00+00:00,DMU50_001,14.025,1227.06397,60.0
2026-03-02 03:33:00+00:00,DMU50_001,14.777,1227.31025,60.0
2026-03-02 03:34:00+00:00,DMU50_001,15.081,1227.5616,60.0
2026-03-02 03:35:00+00:00,DMU50_001,15.208,1227.81507,60.0
2026-03-02 03:36:00+00:00,DMU50_001,8.943,1227.96412,60.0
2026-03-02 03:37:00+00:00,DMU50_001,8.854,1228.11169,60.0
2026-03-02 03:38:00+00:00,DMU50_001,9.338,1228.26732,60.0
2026-03-02 03:39:00+00:00,DMU50_001,9.114,1228.41922,60.0
2026-03-02 03:40:00+00:00,DMU50_001,4.071,1228.48707,60.0
2026-03-02 03:41:00+00:00,DMU50_001,4.208,1228.5572,60.0
2026-03-02 03:42:00+00:00,DMU50_001,4.277,1228.62848,60.0
2026-03-02 03:43:00+00:00,DMU50_001,3.844,1228.69255,60.0
2026-03-02 03:44:00+00:00,DMU50_001,3.657,1228.7535,60.0
2026-03-02 03:45:00+00:00,DMU50_001,3.743,1228.81588,60.0
2026-03-02 03:46:00+00:00,DMU50_001,3.378,1228.87218,60.0
2026-03-02 03:47:00+00:00,DMU50_001,3.395,1228.92876,60.0
2026-03-02 03:48:00+00:00,DMU50_001,4.153,1228.99798,60.0
2026-03-02 03:49:00+00:00,DMU50_001,4.171,1229.0675,60.0
2026-03-02 03:50:00+00:00,DMU50_001,3.998,1229.13413,60.0
2026-03-02 03:51:00+00:00,DMU50_001,3.753,1229.19668,60.0
2026-03-02 03:52:00+00:00,DMU50_001,3.677,1229.25796,60.0
2026-03-02 03:53:00+00:00,DMU50_001,3.439,1229.31528,60.0
2026-03-02 03:54:00+00:00,DMU50_001,3.628,1229.37575,60.0
2026-03-02 03:55:00+00:00,DMU50_001,9.089,1229.52723,60.0
2026-03-02 03:56:00+00:00,DMU50_001,9.288,1229.68203,60.0
2026-03-02 03:57:00+00:00,DMU50_001,8.462,1229.82306,60.0
2026-03-02 03:58:00+00:00,DMU50_001,8.942,1229.97209,60.0
2026-03-02 03:59:00+00:00,DMU50_001,8.977,1230.12171,60.0
2026-03-02 04:00:00+00:00,DMU50_001,9.249,1230.27586,60.0
2026-03-02 04:01:00+00:00,DMU50_001,8.749,1230.42168,60.0
2026-03-02 04:02:00+00:00,DMU50_001,3.7,1230.48335,60.0
2026-03-02 04:03:00+00:00,DMU50_001,3.984,1230.54975,60.0
2026-03-02 04:04:00+00:00,DMU50_001,14.969,1230.79923,60.0
2026-03-02 04:05:00+00:00,DMU50_001,15.032,1231.04976,60.0
2026-03-02 04:06:00+00:00,DMU50_001,15.842,1231.31379,60.0
2026-03-02 04:07:00+00:00,DMU50_001,15.291,1231.56864,60.0
2026-03-02 04:08:00+00:00,DMU50_001,15.041,1231.81932,60.0
2026-03-02 04:09:00+00:00,DMU50_001,14.984,1232.06905,60.0
2026-03-02 04:10:00+00:00,DMU50_001,15.552,1232.32825,60.0
2026-03-02 04:11:00+00:00,DMU50_001,14.705,1232.57333,60.0
2026-03-02 04:12:00+00:00,DMU50_001,14.93,1232.82216,60.0
2026-03-02 04:13:00+00:00,DMU50_001,3.282,1232.87686,60.0
2026-03-02 04:14:00+00:00,DMU50_001,3.784,1232.93993,60.0
2026-03-02 04:15:00+00:00,DMU50_001,3.578,1232.99956,60.0
2026-03-02 04:16:00+00:00,DMU50_001,3.358,1233.05553,60.0
2026-03-02 04:17:00+00:00,DMU50_001,3.477,1233.11348,60.0
2026-03-02 04:18:00+00:00,DMU50_001,9.204,1233.26688,60.0
2026-03-02 04:19:00+00:00,DMU50_001,8.9,1233.41521,60.0
2026-03-02 04:20:00+00:00,DMU50_001,8.786,1233.56164,60.0
2026-03-02 04:21:00+00:00,DMU50_001,8.738,1233.70727,60.0
2026-03-02 04:22:00+00:00,DMU50_001,9.136,1233.85954,60.0
2026-03-02 04:23:00+00:00,DMU50_001,8.857,1234.00716,60.0
2026-03-02 04:24:00+00:00,DMU50_001,4.109,1234.07564,60.0
2026-03-02 04:25:00+00:00,DMU50_001,3.933,1234.14119,60.0
2026-03-02 04:26:00+00:00,DMU50_001,4.216,1234.21146,60.0
2026-03-02 04:27:00+00:00,DMU50_001,4.164,1234.28086,60.0
2026-03-02 04:28:00+00:00,DMU50_001,7.904,1234.41259,60.0
2026-03-02 04:29:00+00:00,DMU50_001,8.06,1234.54692,60.0
2026-03-02 04:30:00+00:00,DMU50_001,4.35,1234.61942,60.0
2026-03-02 04:31:00+00:00,DMU50_001,4.34,1234.69175,60.0
2026-03-02 04:32:00+00:00,DMU50_001,4.311,1234.7636,60.0
2026-03-02 04:33:00+00:00,DMU50_001,8.904,1234.912,60.0
2026-03-02 04:34:00+00:00,DMU50_001,8.773,1235.05822,60.0
2026-03-02 04:35:00+00:00,DMU50_001,8.582,1235.20125,60.0
2026-03-02 04:36:00+00:00,DMU50_001,8.763,1235.3473,60.0
2026-03-02 04:37:00+00:00,DMU50_001,9.008,1235.49743,60.0
2026-03-02 04:38:00+00:00,DMU50_001,8.685,1235.64218,60.0
2026-03-02 04:39:00+00:00,DMU50_001,4.219,1235.7125,60.0
2026-03-02 04:40:00+00:00,DMU50_001,4.007,1235.77928,60.0
2026-03-02 04:41:00+00:00,DMU50_001,14.17,1236.01545,60.0
2026-03-02 04:42:00+00:00,DMU50_001,15.41,1236.27228,60.0
2026-03-02 04:43:00+00:00,DMU50_001,14.763,1236.51833,60.0
2026-03-02 04:44:00+00:00,DMU50_001,14.581,1236.76135,60.0
2026-03-02 04:45:00+00:00,DMU50_001,14.453,1237.00223,60.0
2026-03-02 04:46:00+00:00,DMU50_001,15.212,1237.25576,60.0
2026-03-02 04:47:00+00:00,DMU50_001,15.687,1237.51721,60.0
2026-03-02 04:48:00+00:00,DMU50_001,14.798,1237.76384,60.0
2026-03-02 04:49:00+00:00,DMU50_001,14.892,1238.01204,60.0
2026-03-02 04:50:00+00:00,DMU50_001,9.429,1238.16919,60.0
2026-03-02 04:51:00+00:00,DMU50_001,3.138,1238.22149,60.0
2026-03-02 04:52:00+00:00,DMU50_001,3.893,1238.28637,60.0
2026-03-02 04:53:00+00:00,DMU50_001,3.989,1238.35285,60.0
2026-03-02 04:54:00+00:00,DMU50_001,3.659,1238.41383,60.0
2026-03-02 04:55:00+00:00,DMU50_001,4.18,1238.4835,60.0
2026-03-02 04:56:00+00:00,DMU50_001,4.056,1238.5511,60.0
2026-03-02 04:57:00+00:00,DMU50_001,14.868,1238.7989,60.0
2026-03-02 04:58:00+00:00,DMU50_001,14.791,1239.04542,60.0
2026-03-02 04:59:00+00:00,DMU50_001,15.406,1239.30219,60.0
2026-03-02 05:00:00+00:00,DMU50_001,14.944,1239.55126,60.0
2026-03-02 05:01:00+00:00,DMU50_001,14.545,1239.79368,60.0
2026-03-02 05:02:00+00:00,DMU50_001,14.914,1240.04225,60.0
2026-03-02 05:03:00+00:00,DMU50_001,15.257,1240.29653,60.0
2026-03-02 05:04:00+00:00,DMU50_001,8.527,1240.43865,60.0
2026-03-02 05:05:00+00:00,DMU50_001,8.342,1240.57768,60.0
2026-03-02 05:06:00+00:00,DMU50_001,9.797,1240.74096,60.0
2026-03-02 05:07:00+00:00,DMU50_001,8.743,1240.88668,60.0
2026-03-02 05:08:00+00:00,DMU50_001,3.473,1240.94456,60.0
2026-03-02 05:09:00+00:00,DMU50_001,3.42,1241.00156,60.0
2026-03-02 05:10:00+00:00,DMU50_001,3.61,1241.06173,60.0
2026-03-02 05:11:00+00:00,DMU50_001,8.532,1241.20393,60.0
2026-03-02 05:12:00+00:00,DMU50_001,9.232,1241.3578,60.0
2026-03-02 05:13:00+00:00,DMU50_001,8.393,1241.49768,60.0
2026-03-02 05:14:00+00:00,DMU50_001,8.446,1241.63845,60.0
2026-03-02 05:15:00+00:00,DMU50_001,8.84,1241.78578,60.0
2026-03-02 05:16:00+00:00,DMU50_001,8.893,1241.934,60.0
2026-03-02 05:17:00+00:00,DMU50_001,8.311,1242.07252,60.0
2026-03-02 05:18:00+00:00,DMU50_001,9.328,1242.22799,60.0
2026-03-02 05:19:00+00:00,DMU50_001,3.283,1242.28271,60.0
2026-03-02 05:20:00+00:00,DMU50_001,3.799,1242.34603,60.0
2026-03-02 05:21:00+00:00,DMU50_001,3.864,1242.41043,60.0
2026-03-02 05:22:00+00:00,DMU50_001,3.45,1242.46793,60.0
2026-03-02 05:23:00+00:00,DMU50_001,15.219,1242.72158,60.0
2026-03-02 05:24:00+00:00,DMU50_001,14.384,1242.96131,60.0
2026-03-02 05:25:00+00:00,DMU50_001,15.312,1243.21651,60.0
2026-03-02 05:26:00+00:00,DMU50_001,14.751,1243.46236,60.0
2026-03-02 05:27:00+00:00,DMU50_001,14.456,1243.70329,60.0
2026-03-02 05:28:00+00:00,DMU50_001,14.855,1243.95087,60.0
2026-03-02 05:29:00+00:00,DMU50_001,14.767,1244.19699,60.0
2026-03-02 05:30:00+00:00,DMU50_001,14.837,1244.44427,60.0
2026-03-02 05:31:00+00:00,DMU50_001,15.475,1244.70219,60.0
2026-03-02 05:32:00+00:00,DMU50_001,8.686,1244.84696,60.0
2026-03-02 05:33:00+00:00,DMU50_001,8.521,1244.98898,60.0
2026-03-02 05:34:00+00:00,DMU50_001,7.602,1245.11568,60.0
2026-03-02 05:35:00+00:00,DMU50_001,3.823,1245.1794,60.0
2026-03-02 05:36:00+00:00,DMU50_001,3.297,1245.23435,60.0
2026-03-02 05:37:00+00:00,DMU50_001,3.5,1245.29268,60.0
2026-03-02 05:38:00+00:00,DMU50_001,3.402,1245.34938,60.0
2026-03-02 05:39:00+00:00,DMU50_001,7.897,1245.481,60.0
2026-03-02 05:40:00+00:00,DMU50_001,8.24,1245.61833,60.0
2026-03-02 05:41:00+00:00,DMU50_001,4.5,1245.69333,60.0
2026-03-02 05:42:00+00:00,DMU50_001,4.438,1245.7673,60.0
2026-03-02 05:43:00+00:00,DMU50_001,4.119,1245.83595,60.0
2026-03-02 05:44:00+00:00,DMU50_001,3.537,1245.8949,60.0
2026-03-02 05:45:00+00:00,DMU50_001,3.344,1245.95063,60.0
2026-03-02 05:46:00+00:00,DMU50_001,3.302,1246.00566,60.0
2026-03-02 05:47:00+00:00,DMU50_001,3.271,1246.06018,60.0
2026-03-02 05:48:00+00:00,DMU50_001,4.112,1246.12871,60.0
2026-03-02 05:49:00+00:00,DMU50_001,4.25,1246.19954,60.0
2026-03-02 05:50:00+00:00,DMU50_001,3.818,1246.26317,60.0
2026-03-02 05:51:00+00:00,DMU50_001,4.191,1246.33302,60.0
2026-03-02 05:52:00+00:00,DMU50_001,15.758,1246.59565,60.0
2026-03-02 05:53:00+00:00,DMU50_001,15.561,1246.855,60.0
2026-03-02 05:54:00+00:00,DMU50_001,14.707,1247.10012,60.0
2026-03-02 05:55:00+00:00,DMU50_001,14.302,1247.33849,60.0
2026-03-02 05:56:00+00:00,DMU50_001,15.23,1247.59232,60.0
2026-03-02 05:57:00+00:00,DMU50_001,13.841,1247.823,60.0
2026-03-02 05:58:00+00:00,DMU50_001,15.555,1248.08225,60.0
2026-03-02 05:59:00+00:00,DMU50_001,14.893,1248.33047,60.0
2026-03-02 06:00:00+00:00,DMU50_001,15.916,1248.59574,60.0
2026-03-02 06:01:00+00:00,DMU50_001,8.309,1248.73422,60.0
2026-03-02 06:02:00+00:00,DMU50_001,8.275,1248.87214,60.0
2026-03-02 06:03:00+00:00,DMU50_001,7.97,1249.00497,60.0
2026-03-02 06:04:00+00:00,DMU50_001,3.434,1249.0622,60.0
2026-03-02 06:05:00+00:00,DMU50_001,3.226,1249.11597,60.0
2026-03-02 06:06:00+00:00,DMU50_001,15.298,1249.37094,60.0
2026-03-02 06:07:00+00:00,DMU50_001,15.338,1249.62657,60.0
2026-03-02 06:08:00+00:00,DMU50_001,15.893,1249.89145,60.0
2026-03-02 06:09:00+00:00,DMU50_001,15.504,1250.14985,60.0
2026-03-02 06:10:00+00:00,DMU50_001,14.703,1250.3949,60.0
2026-03-02 06:11:00+00:00,DMU50_001,14.498,1250.63653,60.0
2026-03-02 06:12:00+00:00,DMU50_001,14.316,1250.87513,60.0
2026-03-02 06:13:00+00:00,DMU50_001,15.737,1251.13741,60.0
2026-03-02 06:14:00+00:00,DMU50_001,14.611,1251.38093,60.0
2026-03-02 06:15:00+00:00,DMU50_001,15.74,1251.64326,60.0
2026-03-02 06:16:00+00:00,DMU50_001,9.21,1251.79676,60.0
2026-03-02 06:17:00+00:00,DMU50_001,9.132,1251.94896,60.0
2026-03-02 06:18:00+00:00,DMU50_001,8.877,1252.09691,60.0
2026-03-02 06:19:00+00:00,DMU50_001,9.264,1252.25131,60.0
2026-03-02 06:20:00+00:00,DMU50_001,7.995,1252.38456,60.0
2026-03-02 06:21:00+00:00,DMU50_001,7.889,1252.51604,60.0
2026-03-02 06:22:00+00:00,DMU50_001,15.348,1252.77184,60.0
2026-03-02 06:23:00+00:00,DMU50_001,14.928,1253.02064,60.0
2026-03-02 06:24:00+00:00,DMU50_001,14.601,1253.26399,60.0
2026-03-02 06:25:00+00:00,DMU50_001,15.3,1253.51899,60.0
2026-03-02 06:26:00+00:00,DMU50_001,14.968,1253.76846,60.0
2026-03-02 06:27:00+00:00,DMU50_001,15.244,1254.02253,60.0
2026-03-02 06:28:00+00:00,DMU50_001,14.773,1254.26875,60.0
2026-03-02 06:29:00+00:00,DMU50_001,14.395,1254.50867,60.0
2026-03-02 06:30:00+00:00,DMU50_001,15.868,1254.77314,60.0
2026-03-02 06:31:00+00:00,DMU50_001,9.619,1254.93346,60.0
2026-03-02 06:32:00+00:00,DMU50_001,9.354,1255.08936,60.0
2026-03-02 06:33:00+00:00,DMU50_001,8.845,1255.23678,60.0
2026-03-02 06:34:00+00:00,DMU50_001,4.14,1255.30578,60.0
2026-03-02 06:35:00+00:00,DMU50_001,4.476,1255.38038,60.0
2026-03-02 06:36:00+00:00,DMU50_001,4.129,1255.4492,60.0
2026-03-02 06:37:00+00:00,DMU50_001,4.073,1255.51708,60.0
2026-03-02 06:38:00+00:00,DMU50_001,3.874,1255.58165,60.0
2026-03-02 06:39:00+00:00,DMU50_001,3.49,1255.63982,60.0
2026-03-02 06:40:00+00:00,DMU50_001,3.854,1255.70405,60.0
2026-03-02 06:41:00+00:00,DMU50_001,8.441,1255.84473,60.0
2026-03-02 06:42:00+00:00,DMU50_001,9.207,1255.99818,60.0
2026-03-02 06:43:00+00:00,DMU50_001,9.828,1256.16198,60.0
2026-03-02 06:44:00+00:00,DMU50_001,9.012,1256.31218,60.0
2026-03-02 06:45:00+00:00,DMU50_001,8.894,1256.46041,60.0
2026-03-02 06:46:00+00:00,DMU50_001,8.533,1256.60263,60.0
2026-03-02 06:47:00+00:00,DMU50_001,9.433,1256.75985,60.0
2026-03-02 06:48:00+00:00,DMU50_001,8.692,1256.90472,60.0
2026-03-02 06:49:00+00:00,DMU50_001,4.181,1256.9744,60.0
2026-03-02 06:50:00+00:00,DMU50_001,3.953,1257.04028,60.0
2026-03-02 06:51:00+00:00,DMU50_001,4.511,1257.11546,60.0
2026-03-02 06:52:00+00:00,DMU50_001,4.431,1257.18931,60.0
2026-03-02 06:53:00+00:00,DMU50_001,14.984,1257.43904,60.0
2026-03-02 06:54:00+00:00,DMU50_001,14.423,1257.67942,60.0
2026-03-02 06:55:00+00:00,DMU50_001,15.768,1257.94222,60.0
2026-03-02 06:56:00+00:00,DMU50_001,14.817,1258.18917,60.0
2026-03-02 06:57:00+00:00,DMU50_001,14.447,1258.42995,60.0
2026-03-02 06:58:00+00:00,DMU50_001,14.119,1258.66527,60.0
2026-03-02 06:59:00+00:00,DMU50_001,8.742,1258.81097,60.0
2026-03-02 07:00:00+00:00,DMU50_001,3.909,1258.87612,60.0
2026-03-02 07:01:00+00:00,DMU50_001,4.075,1258.94404,60.0
2026-03-02 07:02:00+00:00,DMU50_001,4.349,1259.01652,60.0
2026-03-02 07:03:00+00:00,DMU50_001,3.425,1259.0736,60.0
2026-03-02 07:04:00+00:00,DMU50_001,3.571,1259.13312,60.0
2026-03-02 07:05:00+00:00,DMU50_001,3.355,1259.18904,60.0
2026-03-02 07:06:00+00:00,DMU50_001,15.033,1259.43959,60.0
2026-03-02 07:07:00+00:00,DMU50_001,15.96,1259.70559,60.0
2026-03-02 07:08:00+00:00,DMU50_001,14.826,1259.95269,60.0
2026-03-02 07:09:00+00:00,DMU50_001,15.192,1260.20589,60.0
2026-03-02 07:10:00+00:00,DMU50_001,14.217,1260.44284,60.0
2026-03-02 07:11:00+00:00,DMU50_001,15.76,1260.70551,60.0
2026-03-02 07:12:00+00:00,DMU50_001,14.761,1260.95153,60.0
2026-03-02 07:13:00+00:00,DMU50_001,15.525,1261.21028,60.0
2026-03-02 07:14:00+00:00,DMU50_001,14.938,1261.45925,60.0
2026-03-02 07:15:00+00:00,DMU50_001,9.245,1261.61333,60.0
2026-03-02 07:16:00+00:00,DMU50_001,9.268,1261.7678,60.0
2026-03-02 07:17:00+00:00,DMU50_001,8.819,1261.91478,60.0
2026-03-02 07:18:00+00:00,DMU50_001,9.437,1262.07206,60.0
2026-03-02 07:19:00+00:00,DMU50_001,7.772,1262.20159,60.0
2026-03-02 07:20:00+00:00,DMU50_001,8.233,1262.33881,60.0
2026-03-02 07:21:00+00:00,DMU50_001,4.122,1262.40751,60.0
2026-03-02 07:22:00+00:00,DMU50_001,4.27,1262.47868,60.0
2026-03-02 07:23:00+00:00,DMU50_001,4.108,1262.54715,60.0
2026-03-02 07:24:00+00:00,DMU50_001,4.21,1262.61732,60.0
2026-03-02 07:25:00+00:00,DMU50_001,7.678,1262.74529,60.0
2026-03-02 07:26:00+00:00,DMU50_001,15.124,1262.99736,60.0
2026-03-02 07:27:00+00:00,DMU50_001,15.022,1263.24773,60.0
2026-03-02 07:28:00+00:00,DMU50_001,14.73,1263.49323,60.0
2026-03-02 07:29:00+00:00,DMU50_001,14.972,1263.74276,60.0
2026-03-02 07:30:00+00:00,DMU50_001,15.067,1263.99388,60.0
2026-03-02 07:31:00+00:00,DMU50_001,14.692,1264.23875,60.0
2026-03-02 07:32:00+00:00,DMU50_001,14.936,1264.48768,60.0
2026-03-02 07:33:00+00:00,DMU50_001,8.598,1264.63098,60.0
2026-03-02 07:34:00+00:00,DMU50_001,9.938,1264.79661,60.0
2026-03-02 07:35:00+00:00,DMU50_001,9.424,1264.95368,60.0
2026-03-02 07:36:00+00:00,DMU50_001,9.109,1265.1055,60.0
2026-03-02 07:37:00+00:00,DMU50_001,9.469,1265.26332,60.0
2026-03-02 07:38:00+00:00,DMU50_001,8.208,1265.40012,60.0
2026-03-02 07:39:00+00:00,DMU50_001,7.233,1265.52067,60.0
2026-03-02 07:40:00+00:00,DMU50_001,14.8,1265.76734,60.0
2026-03-02 07:41:00+00:00,DMU50_001,14.311,1266.00586,60.0
2026-03-02 07:42:00+00:00,DMU50_001,14.882,1266.25389,60.0
2026-03-02 07:43:00+00:00,DMU50_001,15.103,1266.50561,60.0
2026-03-02 07:44:00+00:00,DMU50_001,15.46,1266.76328,60.0
2026-03-02 07:45:00+00:00,DMU50_001,14.431,1267.0038,60.0
2026-03-02 07:46:00+00:00,DMU50_001,15.2,1267.25713,60.0
2026-03-02 07:47:00+00:00,DMU50_001,15.007,1267.50725,60.0
2026-03-02 07:48:00+00:00,DMU50_001,15.174,1267.76015,60.0
2026-03-02 07:49:00+00:00,DMU50_001,8.792,1267.90668,60.0
2026-03-02 07:50:00+00:00,DMU50_001,9.553,1268.0659,60.0
2026-03-02 07:51:00+00:00,DMU50_001,8.959,1268.21522,60.0
2026-03-02 07:52:00+00:00,DMU50_001,9.71,1268.37705,60.0
2026-03-02 07:53:00+00:00,DMU50_001,7.763,1268.50643,60.0
2026-03-02 07:54:00+00:00,DMU50_001,8.223,1268.64348,60.0
2026-03-02 07:55:00+00:00,DMU50_001,8.976,1268.79308,60.0
2026-03-02 07:56:00+00:00,DMU50_001,8.869,1268.9409,60.0
2026-03-02 07:57:00+00:00,DMU50_001,9.253,1269.09512,60.0
2026-03-02 07:58:00+00:00,DMU50_001,8.88,1269.24312,60.0
2026-03-02 07:59:00+00:00,DMU50_001,7.935,1269.37537,60.0
2026-03-02 08:00:00+00:00,DMU50_001,7.775,1269.50495,60.0
2026-03-02 08:01:00+00:00,DMU50_001,4.454,1269.57918,60.0
2026-03-02 08:02:00+00:00,DMU50_001,4.446,1269.65328,60.0
2026-03-02 08:03:00+00:00,DMU50_001,4.577,1269.72956,60.0
2026-03-02 08:04:00+00:00,DMU50_001,14.991,1269.97941,60.0
2026-03-02 08:05:00+00:00,DMU50_001,14.354,1270.21864,60.0
2026-03-02 08:06:00+00:00,DMU50_001,14.79,1270.46514,60.0
2026-03-02 08:07:00+00:00,DMU50_001,15.006,1270.71524,60.0
2026-03-02 08:08:00+00:00,DMU50_001,14.496,1270.95684,60.0
2026-03-02 08:09:00+00:00,DMU50_001,15.824,1271.22057,60.0
2026-03-02 08:10:00+00:00,DMU50_001,16.12,1271.48924,60.0
2026-03-02 08:11:00+00:00,DMU50_001,15.239,1271.74322,60.0
2026-03-02 08:12:00+00:00,DMU50_001,8.996,1271.89315,60.0
2026-03-02 08:13:00+00:00,DMU50_001,8.482,1272.03452,60.0
2026-03-02 08:14:00+00:00,DMU50_001,9.619,1272.19484,60.0
2026-03-02 08:15:00+00:00,DMU50_001,9.031,1272.34536,60.0
2026-03-02 08:16:00+00:00,DMU50_001,4.142,1272.41439,60.0
2026-03-02 08:17:00+00:00,DMU50_001,4.296,1272.48599,60.0
2026-03-02 08:18:00+00:00,DMU50_001,4.083,1272.55404,60.0
2026-03-02 08:19:00+00:00,DMU50_001,9.059,1272.70502,60.0
2026-03-02 08:20:00+00:00,DMU50_001,8.423,1272.8454,60.0
2026-03-02 08:21:00+00:00,DMU50_001,9.435,1273.00265,60.0
2026-03-02 08:22:00+00:00,DMU50_001,8.958,1273.15195,60.0
2026-03-02 08:23:00+00:00,DMU50_001,9.464,1273.30968,60.0
2026-03-02 08:24:00+00:00,DMU50_001,8.92,1273.45835,60.0
2026-03-02 08:25:00+00:00,DMU50_001,8.946,1273.60745,60.0
2026-03-02 08:26:00+00:00,DMU50_001,8.515,1273.74937,60.0
2026-03-02 08:27:00+00:00,DMU50_001,9.304,1273.90444,60.0
2026-03-02 08:28:00+00:00,DMU50_001,4.025,1273.97152,60.0
2026-03-02 08:29:00+00:00,DMU50_001,4.103,1274.0399,60.0
2026-03-02 08:30:00+00:00,DMU50_001,4.2,1274.1099,60.0
2026-03-02 08:31:00+00:00,DMU50_001,4.224,1274.1803,60.0
2026-03-02 08:32:00+00:00,DMU50_001,14.147,1274.41608,60.0
2026-03-02 08:33:00+00:00,DMU50_001,14.885,1274.66416,60.0
2026-03-02 08:34:00+00:00,DMU50_001,15.398,1274.92079,60.0
2026-03-02 08:35:00+00:00,DMU50_001,14.811,1275.16764,60.0
2026-03-02 08:36:00+00:00,DMU50_001,14.888,1275.41577,60.0
2026-03-02 08:37:00+00:00,DMU50_001,15.081,1275.66712,60.0
2026-03-02 08:38:00+00:00,DMU50_001,8.95,1275.81629,60.0
2026-03-02 08:39:00+00:00,DMU50_001,7.691,1275.94447,60.0
2026-03-02 08:40:00+00:00,DMU50_001,3.493,1276.00269,60.0
2026-03-02 08:41:00+00:00,DMU50_001,3.699,1276.06434,60.0
2026-03-02 08:42:00+00:00,DMU50_001,3.29,1276.11917,60.0
2026-03-02 08:43:00+00:00,DMU50_001,3.425,1276.17625,60.0
2026-03-02 08:44:00+00:00,DMU50_001,3.224,1276.22998,60.0
2026-03-02 08:45:00+00:00,DMU50_001,15.471,1276.48783,60.0
2026-03-02 08:46:00+00:00,DMU50_001,14.954,1276.73706,60.0
2026-03-02 08:47:00+00:00,DMU50_001,14.575,1276.97998,60.0
2026-03-02 08:48:00+00:00,DMU50_001,15.046,1277.23075,60.0
2026-03-02 08:49:00+00:00,DMU50_001,14.398,1277.47072,60.0
2026-03-02 08:50:00+00:00,DMU50_001,14.483,1277.7121,60.0
2026-03-02 08:51:00+00:00,DMU50_001,14.27,1277.94993,60.0
2026-03-02 08:52:00+00:00,DMU50_001,14.467,1278.19105,60.0
2026-03-02 08:53:00+00:00,DMU50_001,15.679,1278.45237,60.0
2026-03-02 08:54:00+00:00,DMU50_001,8.707,1278.59749,60.0
2026-03-02 08:55:00+00:00,DMU50_001,9.186,1278.75059,60.0
2026-03-02 08:56:00+00:00,DMU50_001,8.665,1278.89501,60.0
2026-03-02 08:57:00+00:00,DMU50_001,3.652,1278.95588,60.0
2026-03-02 08:58:00+00:00,DMU50_001,3.295,1279.0108,60.0
2026-03-02 08:59:00+00:00,DMU50_001,3.508,1279.06927,60.0
2026-03-02 09:00:00+00:00,DMU50_001,8.016,1279.20287,60.0
2026-03-02 09:01:00+00:00,DMU50_001,8.698,1279.34784,60.0
2026-03-02 09:02:00+00:00,DMU50_001,15.315,1279.60309,60.0
2026-03-02 09:03:00+00:00,DMU50_001,14.704,1279.84816,60.0
2026-03-02 09:04:00+00:00,DMU50_001,15.343,1280.10388,60.0
2026-03-02 09:05:00+00:00,DMU50_001,16.069,1280.3717,60.0
2026-03-02 09:06:00+00:00,DMU50_001,14.185,1280.60812,60.0
2026-03-02 09:07:00+00:00,DMU50_001,14.579,1280.8511,60.0
2026-03-02 09:08:00+00:00,DMU50_001,8.905,1280.99952,60.0
2026-03-02 09:09:00+00:00,DMU50_001,8.833,1281.14674,60.0
2026-03-02 09:10:00+00:00,DMU50_001,8.867,1281.29452,60.0
2026-03-02 09:11:00+00:00,DMU50_001,8.478,1281.43582,60.0
2026-03-02 09:12:00+00:00,DMU50_001,9.562,1281.59519,60.0
2026-03-02 09:13:00+00:00,DMU50_001,3.215,1281.64877,60.0
2026-03-02 09:14:00+00:00,DMU50_001,3.46,1281.70644,60.0
2026-03-02 09:15:00+00:00,DMU50_001,15.523,1281.96516,60.0
2026-03-02 09:16:00+00:00,DMU50_001,14.985,1282.21491,60.0
2026-03-02 09:17:00+00:00,DMU50_001,14.51,1282.45674,60.0
2026-03-02 09:18:00+00:00,DMU50_001,14.326,1282.69551,60.0
2026-03-02 09:19:00+00:00,DMU50_001,14.885,1282.94359,60.0
2026-03-02 09:20:00+00:00,DMU50_001,14.621,1283.18727,60.0
2026-03-02 09:21:00+00:00,DMU50_001,15.103,1283.43899,60.0
2026-03-02 09:22:00+00:00,DMU50_001,14.299,1283.67731,60.0
2026-03-02 09:23:00+00:00,DMU50_001,9.325,1283.83273,60.0
2026-03-02 09:24:00+00:00,DMU50_001,9.046,1283.9835,60.0
2026-03-02 09:25:00+00:00,DMU50_001,8.057,1284.11778,60.0
2026-03-02 09:26:00+00:00,DMU50_001,8.432,1284.25831,60.0
2026-03-02 09:27:00+00:00,DMU50_001,14.781,1284.50466,60.0
2026-03-02 09:28:00+00:00,DMU50_001,14.637,1284.74861,60.0
2026-03-02 09:29:00+00:00,DMU50_001,14.726,1284.99404,60.0
2026-03-02 09:30:00+00:00,DMU50_001,14.904,1285.24244,60.0
2026-03-02 09:31:00+00:00,DMU50_001,14.955,1285.49169,60.0
2026-03-02 09:32:00+00:00,DMU50_001,14.585,1285.73477,60.0
2026-03-02 09:33:00+00:00,DMU50_001,13.988,1285.9679,60.0
2026-03-02 09:34:00+00:00,DMU50_001,8.776,1286.11417,60.0
2026-03-02 09:35:00+00:00,DMU50_001,9.144,1286.26657,60.0
2026-03-02 09:36:00+00:00,DMU50_001,3.527,1286.32535,60.0
2026-03-02 09:37:00+00:00,DMU50_001,3.74,1286.38768,60.0
2026-03-02 09:38:00+00:00,DMU50_001,3.891,1286.45253,60.0
2026-03-02 09:39:00+00:00,DMU50_001,3.652,1286.5134,60.0
2026-03-02 09:40:00+00:00,DMU50_001,3.777,1286.57635,60.0
2026-03-02 09:41:00+00:00,DMU50_001,15.383,1286.83273,60.0
2026-03-02 09:42:00+00:00,DMU50_001,15.855,1287.09698,60.0
2026-03-02 09:43:00+00:00,DMU50_001,15.925,1287.3624,60.0
2026-03-02 09:44:00+00:00,DMU50_001,15.476,1287.62033,60.0
2026-03-02 09:45:00+00:00,DMU50_001,15.353,1287.87621,60.0
2026-03-02 09:46:00+00:00,DMU50_001,14.897,1288.12449,60.0
2026-03-02 09:47:00+00:00,DMU50_001,14.979,1288.37414,60.0
2026-03-02 09:48:00+00:00,DMU50_001,14.831,1288.62132,60.0
2026-03-02 09:49:00+00:00,DMU50_001,9.249,1288.77547,60.0
2026-03-02 09:50:00+00:00,DMU50_001,8.712,1288.92067,60.0
2026-03-02 09:51:00+00:00,DMU50_001,8.924,1289.0694,60.0
2026-03-02 09:52:00+00:00,DMU50_001,8.058,1289.2037,60.0
2026-03-02 09:53:00+00:00,DMU50_001,4.545,1289.27945,60.0
2026-03-02 09:54:00+00:00,DMU50_001,4.156,1289.34872,60.0
2026-03-02 09:55:00+00:00,DMU50_001,4.291,1289.42024,60.0
2026-03-02 09:56:00+00:00,DMU50_001,15.729,1289.68239,60.0
2026-03-02 09:57:00+00:00,DMU50_001,15.15,1289.93489,60.0
2026-03-02 09:58:00+00:00,DMU50_001,15.722,1290.19692,60.0
2026-03-02 09:59:00+00:00,DMU50_001,14.379,1290.43657,60.0
2026-03-02 10:00:00+00:00,DMU50_001,16.199,1290.70655,60.0
2026-03-02 10:01:00+00:00,DMU50_001,15.544,1290.96562,60.0
2026-03-02 10:02:00+00:00,DMU50_001,15.105,1291.21737,60.0
2026-03-02 10:03:00+00:00,DMU50_001,9.57,1291.37687,60.0
2026-03-02 10:04:00+00:00,DMU50_001,3.266,1291.4313,60.0
2026-03-02 10:05:00+00:00,DMU50_001,3.442,1291.48867,60.0
2026-03-02 10:06:00+00:00,DMU50_001,3.789,1291.55182,60.0
2026-03-02 10:07:00+00:00,DMU50_001,7.44,1291.67582,60.0
2026-03-02 10:08:00+00:00,DMU50_001,8.168,1291.81195,60.0
2026-03-02 10:09:00+00:00,DMU50_001,15.266,1292.06638,60.0
2026-03-02 10:10:00+00:00,DMU50_001,15.985,1292.3328,60.0
2026-03-02 10:11:00+00:00,DMU50_001,14.209,1292.56962,60.0
2026-03-02 10:12:00+00:00,DMU50_001,15.805,1292.83304,60.0
2026-03-02 10:13:00+00:00,DMU50_001,14.72,1293.07837,60.0
2026-03-02 10:14:00+00:00,DMU50_001,14.776,1293.32464,60.0
2026-03-02 10:15:00+00:00,DMU50_001,14.389,1293.56446,60.0
2026-03-02 10:16:00+00:00,DMU50_001,14.456,1293.80539,60.0
2026-03-02 10:17:00+00:00,DMU50_001,9.161,1293.95807,60.0
2026-03-02 10:18:00+00:00,DMU50_001,8.555,1294.10065,60.0
2026-03-02 10:19:00+00:00,DMU50_001,9.296,1294.25558,60.0
2026-03-02 10:20:00+00:00,DMU50_001,4.067,1294.32336,60.0
2026-03-02 10:21:00+00:00,DMU50_001,3.957,1294.38931,60.0
2026-03-02 10:22:00+00:00,DMU50_001,4.094,1294.45754,60.0
2026-03-02 10:23:00+00:00,DMU50_001,9.135,1294.60979,60.0
2026-03-02 10:24:00+00:00,DMU50_001,8.889,1294.75794,60.0
2026-03-02 10:25:00+00:00,DMU50_001,9.014,1294.90817,60.0
2026-03-02 10:26:00+00:00,DMU50_001,9.278,1295.0628,60.0
2026-03-02 10:27:00+00:00,DMU50_001,9.433,1295.22002,60.0
2026-03-02 10:28:00+00:00,DMU50_001,8.876,1295.36795,60.0
2026-03-02 10:29:00+00:00,DMU50_001,3.991,1295.43447,60.0
2026-03-02 10:30:00+00:00,DMU50_001,4.215,1295.50472,60.0
2026-03-02 10:31:00+00:00,DMU50_001,4.294,1295.57629,60.0
2026-03-02 10:32:00+00:00,DMU50_001,14.27,1295.81412,60.0
2026-03-02 10:33:00+00:00,DMU50_001,14.555,1296.0567,60.0
2026-03-02 10:34:00+00:00,DMU50_001,14.64,1296.3007,60.0
2026-03-02 10:35:00+00:00,DMU50_001,14.896,1296.54897,60.0
2026-03-02 10:36:00+00:00,DMU50_001,14.619,1296.79262,60.0
2026-03-02 10:37:00+00:00,DMU50_001,15.354,1297.04852,60.0
2026-03-02 10:38:00+00:00,DMU50_001,14.197,1297.28514,60.0
2026-03-02 10:39:00+00:00,DMU50_001,14.21,1297.52197,60.0
2026-03-02 10:40:00+00:00,DMU50_001,8.866,1297.66974,60.0
2026-03-02 10:41:00+00:00,DMU50_001,8.93,1297.81857,60.0
2026-03-02 10:42:00+00:00,DMU50_001,8.418,1297.95887,60.0
2026-03-02 10:43:00+00:00,DMU50_001,8.757,1298.10482,60.0
2026-03-02 10:44:00+00:00,DMU50_001,8.84,1298.25215,60.0
2026-03-02 10:45:00+00:00,DMU50_001,3.421,1298.30917,60.0
2026-03-02 10:46:00+00:00,DMU50_001,3.53,1298.368,60.0
2026-03-02 10:47:00+00:00,DMU50_001,3.368,1298.42413,60.0
2026-03-02 10:48:00+00:00,DMU50_001,8.443,1298.56485,60.0
2026-03-02 10:49:00+00:00,DMU50_001,3.598,1298.62482,60.0
2026-03-02 10:50:00+00:00,DMU50_001,3.339,1298.68047,60.0
2026-03-02 10:51:00+00:00,DMU50_001,3.519,1298.73912,60.0
2026-03-02 10:52:00+00:00,DMU50_001,3.525,1298.79787,60.0
2026-03-02 10:53:00+00:00,DMU50_001,3.743,1298.86025,60.0
2026-03-02 10:54:00+00:00,DMU50_001,4.08,1298.92825,60.0
2026-03-02 10:55:00+00:00,DMU50_001,4.353,1299.0008,60.0
2026-03-02 10:56:00+00:00,DMU50_001,4.208,1299.07093,60.0
2026-03-02 10:57:00+00:00,DMU50_001,9.597,1299.23088,60.0
2026-03-02 10:58:00+00:00,DMU50_001,9.516,1299.38948,60.0
2026-03-02 10:59:00+00:00,DMU50_001,9.079,1299.5408,60.0
2026-03-02 11:00:00+00:00,DMU50_001,8.895,1299.68905,60.0
2026-03-02 11:01:00+00:00,DMU50_001,9.203,1299.84243,60.0
2026-03-02 11:02:00+00:00,DMU50_001,8.928,1299.99123,60.0
2026-03-02 11:03:00+00:00,DMU50_001,9.672,1300.15243,60.0
2026-03-02 11:04:00+00:00,DMU50_001,8.024,1300.28616,60.0
2026-03-02 11:05:00+00:00,DMU50_001,14.797,1300.53278,60.0
2026-03-02 11:06:00+00:00,DMU50_001,14.77,1300.77895,60.0
2026-03-02 11:07:00+00:00,DMU50_001,14.393,1301.01883,60.0
2026-03-02 11:08:00+00:00,DMU50_001,15.278,1301.27346,60.0
2026-03-02 11:09:00+00:00,DMU50_001,14.59,1301.51663,60.0
2026-03-02 11:10:00+00:00,DMU50_001,15.549,1301.77578,60.0
2026-03-02 11:11:00+00:00,DMU50_001,14.354,1302.01501,60.0
2026-03-02 11:12:00+00:00,DMU50_001,9.051,1302.16586,60.0
2026-03-02 11:13:00+00:00,DMU50_001,9.46,1302.32353,60.0
2026-03-02 11:14:00+00:00,DMU50_001,8.139,1302.45918,60.0
2026-03-02 11:15:00+00:00,DMU50_001,9.807,1302.62263,60.0
2026-03-02 11:16:00+00:00,DMU50_001,8.83,1302.7698,60.0
2026-03-02 11:17:00+00:00,DMU50_001,9.056,1302.92073,60.0
2026-03-02 11:18:00+00:00,DMU50_001,9.229,1303.07455,60.0
2026-03-02 11:19:00+00:00,DMU50_001,3.645,1303.1353,60.0
2026-03-02 11:20:00+00:00,DMU50_001,3.555,1303.19455,60.0
2026-03-02 11:21:00+00:00,DMU50_001,3.699,1303.2562,60.0
2026-03-02 11:22:00+00:00,DMU50_001,3.604,1303.31627,60.0
2026-03-02 11:23:00+00:00,DMU50_001,9.704,1303.478,60.0
2026-03-02 11:24:00+00:00,DMU50_001,9.209,1303.63148,60.0
2026-03-02 11:25:00+00:00,DMU50_001,9.786,1303.79458,60.0
2026-03-02 11:26:00+00:00,DMU50_001,9.36,1303.95058,60.0
2026-03-02 11:27:00+00:00,DMU50_001,8.278,1304.08855,60.0
2026-03-02 11:28:00+00:00,DMU50_001,10.044,1304.25595,60.0
2026-03-02 11:29:00+00:00,DMU50_001,7.828,1304.38642,60.0
2026-03-02 11:30:00+00:00,DMU50_001,9.598,1304.54639,60.0
2026-03-02 11:31:00+00:00,DMU50_001,9.011,1304.69657,60.0
2026-03-02 11:32:00+00:00,DMU50_001,9.424,1304.85364,60.0
2026-03-02 11:33:00+00:00,DMU50_001,8.725,1304.99906,60.0
2026-03-02 11:34:00+00:00,DMU50_001,9.25,1305.15323,60.0
2026-03-02 11:35:00+00:00,DMU50_001,8.899,1305.30155,60.0
2026-03-02 11:36:00+00:00,DMU50_001,9.632,1305.46208,60.0
2026-03-02 11:37:00+00:00,DMU50_001,4.288,1305.53355,60.0
2026-03-02 11:38:00+00:00,DMU50_001,4.387,1305.60667,60.0
2026-03-02 11:39:00+00:00,DMU50_001,13.918,1305.83864,60.0
2026-03-02 11:40:00+00:00,DMU50_001,14.957,1306.08792,60.0
2026-03-02 11:41:00+00:00,DMU50_001,15.205,1306.34134,60.0
2026-03-02 11:42:00+00:00,DMU50_001,15.112,1306.59321,60.0
2026-03-02 11:43:00+00:00,DMU50_001,15.481,1306.85123,60.0
2026-03-02 11:44:00+00:00,DMU50_001,14.817,1307.09818,60.0
2026-03-02 11:45:00+00:00,DMU50_001,4.21,1307.16835,60.0
2026-03-02 11:46:00+00:00,DMU50_001,4.436,1307.24228,60.0
2026-03-02 11:47:00+00:00,DMU50_001,3.744,1307.30468,60.0
2026-03-02 11:48:00+00:00,DMU50_001,15.295,1307.5596,60.0
2026-03-02 11:49:00+00:00,DMU50_001,14.833,1307.80682,60.0
2026-03-02 11:50:00+00:00,DMU50_001,14.544,1308.04922,60.0
2026-03-02 11:51:00+00:00,DMU50_001,15.168,1308.30202,60.0
2026-03-02 11:52:00+00:00,DMU50_001,15.614,1308.56225,60.0
2026-03-02 11:53:00+00:00,DMU50_001,15.52,1308.82092,60.0
2026-03-02 11:54:00+00:00,DMU50_001,14.932,1309.06979,60.0
2026-03-02 11:55:00+00:00,DMU50_001,15.438,1309.32709,60.0
2026-03-02 11:56:00+00:00,DMU50_001,15.434,1309.58432,60.0
2026-03-02 11:57:00+00:00,DMU50_001,8.965,1309.73374,60.0
2026-03-02 11:58:00+00:00,DMU50_001,8.723,1309.87912,60.0
2026-03-02 11:59:00+00:00,DMU50_001,8.746,1310.02489,60.0
2026-03-02 12:00:00+00:00,DMU50_001,9.335,1310.18047,60.0
2026-03-02 12:01:00+00:00,DMU50_001,7.987,1310.31359,60.0
2026-03-02 12:02:00+00:00,DMU50_001,14.477,1310.55487,60.0
2026-03-02 12:03:00+00:00,DMU50_001,14.158,1310.79084,60.0
2026-03-02 12:04:00+00:00,DMU50_001,15.416,1311.04777,60.0
2026-03-02 12:05:00+00:00,DMU50_001,14.727,1311.29322,60.0
2026-03-02 12:06:00+00:00,DMU50_001,15.165,1311.54597,60.0
2026-03-02 12:07:00+00:00,DMU50_001,15.62,1311.8063,60.0
2026-03-02 12:08:00+00:00,DMU50_001,14.346,1312.0454,60.0
2026-03-02 12:09:00+00:00,DMU50_001,8.982,1312.1951,60.0
2026-03-02 12:10:00+00:00,DMU50_001,3.466,1312.25287,60.0
2026-03-02 12:11:00+00:00,DMU50_001,3.576,1312.31247,60.0
2026-03-02 12:12:00+00:00,DMU50_001,3.748,1312.37494,60.0
2026-03-02 12:13:00+00:00,DMU50_001,8.468,1312.51607,60.0
2026-03-02 12:14:00+00:00,DMU50_001,9.228,1312.66987,60.0
2026-03-02 12:15:00+00:00,DMU50_001,9.413,1312.82675,60.0
2026-03-02 12:16:00+00:00,DMU50_001,8.925,1312.9755,60.0
2026-03-02 12:17:00+00:00,DMU50_001,8.945,1313.12458,60.0
2026-03-02 12:18:00+00:00,DMU50_001,9.167,1313.27736,60.0
2026-03-02 12:19:00+00:00,DMU50_001,8.103,1313.41241,60.0
2026-03-02 12:20:00+00:00,DMU50_001,9.233,1313.56629,60.0
2026-03-02 12:21:00+00:00,DMU50_001,9.225,1313.72004,60.0
2026-03-02 12:22:00+00:00,DMU50_001,8.607,1313.86349,60.0
2026-03-02 12:23:00+00:00,DMU50_001,9.396,1314.02009,60.0
2026-03-02 12:24:00+00:00,DMU50_001,9.467,1314.17787,60.0
2026-03-02 12:25:00+00:00,DMU50_001,9.074,1314.3291,60.0
2026-03-02 12:26:00+00:00,DMU50_001,8.402,1314.46913,60.0
2026-03-02 12:27:00+00:00,DMU50_001,3.477,1314.52708,60.0
2026-03-02 12:28:00+00:00,DMU50_001,3.539,1314.58606,60.0
2026-03-02 12:29:00+00:00,DMU50_001,8.542,1314.72843,60.0
2026-03-02 12:30:00+00:00,DMU50_001,8.856,1314.87603,60.0
2026-03-02 12:31:00+00:00,DMU50_001,8.436,1315.01663,60.0
2026-03-02 12:32:00+00:00,DMU50_001,9.243,1315.17068,60.0
2026-03-02 12:33:00+00:00,DMU50_001,9.066,1315.32178,60.0
2026-03-02 12:34:00+00:00,DMU50_001,8.342,1315.46081,60.0
2026-03-02 12:35:00+00:00,DMU50_001,8.105,1315.59589,60.0
2026-03-02 12:36:00+00:00,DMU50_001,8.977,1315.74551,60.0
2026-03-02 12:37:00+00:00,DMU50_001,9.207,1315.89896,60.0
2026-03-02 12:38:00+00:00,DMU50_001,8.843,1316.04634,60.0
2026-03-02 12:39:00+00:00,DMU50_001,8.679,1316.19099,60.0
2026-03-02 12:40:00+00:00,DMU50_001,8.692,1316.33586,60.0
2026-03-02 12:41:00+00:00,DMU50_001,8.785,1316.48228,60.0
2026-03-02 12:42:00+00:00,DMU50_001,9.008,1316.63241,60.0
2026-03-02 12:43:00+00:00,DMU50_001,9.059,1316.78339,60.0
2026-03-02 12:44:00+00:00,DMU50_001,4.162,1316.85276,60.0
2026-03-02 12:45:00+00:00,DMU50_001,4.115,1316.92134,60.0
2026-03-02 12:46:00+00:00,DMU50_001,4.13,1316.99017,60.0
2026-03-02 12:47:00+00:00,DMU50_001,8.752,1317.13604,60.0
2026-03-02 12:48:00+00:00,DMU50_001,14.615,1317.37962,60.0
2026-03-02 12:49:00+00:00,DMU50_001,14.721,1317.62497,60.0
2026-03-02 12:50:00+00:00,DMU50_001,16.647,1317.90242,60.0
2026-03-02 12:51:00+00:00,DMU50_001,15.211,1318.15594,60.0
2026-03-02 12:52:00+00:00,DMU50_001,14.31,1318.39444,60.0
2026-03-02 12:53:00+00:00,DMU50_001,15.421,1318.65146,60.0
2026-03-02 12:54:00+00:00,DMU50_001,14.545,1318.89388,60.0
2026-03-02 12:55:00+00:00,DMU50_001,15.455,1319.15146,60.0
2026-03-02 12:56:00+00:00,DMU50_001,8.916,1319.30006,60.0
2026-03-02 12:57:00+00:00,DMU50_001,8.824,1319.44713,60.0
2026-03-02 12:58:00+00:00,DMU50_001,9.644,1319.60786,60.0
2026-03-02 12:59:00+00:00,DMU50_001,9.227,1319.76164,60.0
2026-03-02 13:00:00+00:00,DMU50_001,9.389,1319.91812,60.0
2026-03-02 13:01:00+00:00,DMU50_001,9.174,1320.07102,60.0
2026-03-02 13:02:00+00:00,DMU50_001,4.111,1320.13954,60.0
2026-03-02 13:03:00+00:00,DMU50_001,4.322,1320.21157,60.0
2026-03-02 13:04:00+00:00,DMU50_001,4.442,1320.2856,60.0
2026-03-02 13:05:00+00:00,DMU50_001,4.227,1320.35605,60.0
2026-03-02 13:06:00+00:00,DMU50_001,15.901,1320.62107,60.0
2026-03-02 13:07:00+00:00,DMU50_001,15.425,1320.87815,60.0
2026-03-02 13:08:00+00:00,DMU50_001,15.106,1321.12992,60.0
2026-03-02 13:09:00+00:00,DMU50_001,15.126,1321.38202,60.0
2026-03-02 13:10:00+00:00,DMU50_001,15.069,1321.63317,60.0
2026-03-02 13:11:00+00:00,DMU50_001,14.374,1321.87274,60.0
2026-03-02 13:12:00+00:00,DMU50_001,14.955,1322.12199,60.0
2026-03-02 13:13:00+00:00,DMU50_001,9.088,1322.27346,60.0
2026-03-02 13:14:00+00:00,DMU50_001,7.875,1322.40471,60.0
2026-03-02 13:15:00+00:00,DMU50_001,8.101,1322.53973,60.0
2026-03-02 13:16:00+00:00,DMU50_001,3.504,1322.59813,60.0
2026-03-02 13:17:00+00:00,DMU50_001,3.655,1322.65905,60.0
2026-03-02 13:18:00+00:00,DMU50_001,4.333,1322.73127,60.0
2026-03-02 13:19:00+00:00,DMU50_001,4.233,1322.80182,60.0
2026-03-02 13:20:00+00:00,DMU50_001,3.927,1322.86727,60.0
2026-03-02 13:21:00+00:00,DMU50_001,15.895,1323.13219,60.0
2026-03-02 13:22:00+00:00,DMU50_001,14.929,1323.38101,60.0
2026-03-02 13:23:00+00:00,DMU50_001,14.96,1323.63034,60.0
2026-03-02 13:24:00+00:00,DMU50_001,14.829,1323.87749,60.0
2026-03-02 13:25:00+00:00,DMU50_001,14.756,1324.12342,60.0
2026-03-02 13:26:00+00:00,DMU50_001,15.772,1324.38629,60.0
2026-03-02 13:27:00+00:00,DMU50_001,15.693,1324.64784,60.0
2026-03-02 13:28:00+00:00,DMU50_001,15.222,1324.90154,60.0
2026-03-02 13:29:00+00:00,DMU50_001,14.946,1325.15064,60.0
2026-03-02 13:30:00+00:00,DMU50_001,9.248,1325.30477,60.0
2026-03-02 13:31:00+00:00,DMU50_001,8.022,1325.43847,60.0
2026-03-02 13:32:00+00:00,DMU50_001,7.943,1325.57085,60.0
2026-03-02 13:33:00+00:00,DMU50_001,15.169,1325.82367,60.0
2026-03-02 13:34:00+00:00,DMU50_001,14.779,1326.06999,60.0
2026-03-02 13:35:00+00:00,DMU50_001,15.126,1326.32209,60.0
2026-03-02 13:36:00+00:00,DMU50_001,15.102,1326.57379,60.0
2026-03-02 13:37:00+00:00,DMU50_001,15.301,1326.82881,60.0
2026-03-02 13:38:00+00:00,DMU50_001,14.69,1327.07364,60.0
2026-03-02 13:39:00+00:00,DMU50_001,15.355,1327.32956,60.0
2026-03-02 13:40:00+00:00,DMU50_001,8.637,1327.47351,60.0
2026-03-02 13:41:00+00:00,DMU50_001,8.771,1327.61969,60.0
2026-03-02 13:42:00+00:00,DMU50_001,8.788,1327.76616,60.0
2026-03-02 13:43:00+00:00,DMU50_001,7.678,1327.89413,60.0
2026-03-02 13:44:00+00:00,DMU50_001,9.406,1328.0509,60.0
2026-03-02 13:45:00+00:00,DMU50_001,8.612,1328.19443,60.0
2026-03-02 13:46:00+00:00,DMU50_001,8.72,1328.33976,60.0
2026-03-02 13:47:00+00:00,DMU50_001,9.502,1328.49813,60.0
2026-03-02 13:48:00+00:00,DMU50_001,8.772,1328.64433,60.0
2026-03-02 13:49:00+00:00,DMU50_001,8.925,1328.79308,60.0
2026-03-02 13:50:00+00:00,DMU50_001,8.595,1328.93633,60.0
2026-03-02 13:51:00+00:00,DMU50_001,8.25,1329.07383,60.0
2026-03-02 13:52:00+00:00,DMU50_001,8.254,1329.2114,60.0
2026-03-02 13:53:00+00:00,DMU50_001,15.369,1329.46755,60.0
2026-03-02 13:54:00+00:00,DMU50_001,15.269,1329.72203,60.0
2026-03-02 13:55:00+00:00,DMU50_001,15.037,1329.97265,60.0
2026-03-02 13:56:00+00:00,DMU50_001,14.738,1330.21828,60.0
2026-03-02 13:57:00+00:00,DMU50_001,14.593,1330.4615,60.0
2026-03-02 13:58:00+00:00,DMU50_001,15.645,1330.72225,60.0
2026-03-02 13:59:00+00:00,DMU50_001,15.382,1330.97862,60.0
2026-03-02 14:00:00+00:00,DMU50_001,14.653,1331.22284,60.0
2026-03-02 14:01:00+00:00,DMU50_001,15.02,1331.47317,60.0
2026-03-02 14:02:00+00:00,DMU50_001,14.85,1331.72067,60.0
2026-03-02 14:03:00+00:00,DMU50_001,8.549,1331.86315,60.0
2026-03-02 14:04:00+00:00,DMU50_001,9.071,1332.01433,60.0
2026-03-02 14:05:00+00:00,DMU50_001,8.834,1332.16156,60.0
2026-03-02 14:06:00+00:00,DMU50_001,3.309,1332.21671,60.0
2026-03-02 14:07:00+00:00,DMU50_001,3.204,1332.27011,60.0
2026-03-02 14:08:00+00:00,DMU50_001,3.187,1332.32323,60.0
2026-03-02 14:09:00+00:00,DMU50_001,3.426,1332.38033,60.0
2026-03-02 14:10:00+00:00,DMU50_001,14.957,1332.62961,60.0
2026-03-02 14:11:00+00:00,DMU50_001,14.562,1332.87231,60.0
2026-03-02 14:12:00+00:00,DMU50_001,15.325,1333.12773,60.0
2026-03-02 14:13:00+00:00,DMU50_001,14.967,1333.37718,60.0
2026-03-02 14:14:00+00:00,DMU50_001,15.288,1333.63198,60.0
2026-03-02 14:15:00+00:00,DMU50_001,14.909,1333.88046,60.0
2026-03-02 14:16:00+00:00,DMU50_001,14.606,1334.12389,60.0
2026-03-02 14:17:00+00:00,DMU50_001,15.057,1334.37484,60.0
2026-03-02 14:18:00+00:00,DMU50_001,8.495,1334.51642,60.0
2026-03-02 14:19:00+00:00,DMU50_001,9.216,1334.67002,60.0
2026-03-02 14:20:00+00:00,DMU50_001,8.625,1334.81377,60.0
2026-03-02 14:21:00+00:00,DMU50_001,9.367,1334.96989,60.0
2026-03-02 14:22:00+00:00,DMU50_001,8.865,1335.11764,60.0
2026-03-02 14:23:00+00:00,DMU50_001,9.425,1335.27472,60.0
2026-03-02 14:24:00+00:00,DMU50_001,3.275,1335.3293,60.0
2026-03-02 14:25:00+00:00,DMU50_001,3.364,1335.38537,60.0
2026-03-02 14:26:00+00:00,DMU50_001,15.19,1335.63854,60.0
2026-03-02 14:27:00+00:00,DMU50_001,15.585,1335.89829,60.0
2026-03-02 14:28:00+00:00,DMU50_001,15.833,1336.16217,60.0
2026-03-02 14:29:00+00:00,DMU50_001,15.021,1336.41252,60.0
2026-03-02 14:30:00+00:00,DMU50_001,15.919,1336.67784,60.0
2026-03-02 14:31:00+00:00,DMU50_001,14.855,1336.92542,60.0
2026-03-02 14:32:00+00:00,DMU50_001,15.549,1337.18457,60.0
2026-03-02 14:33:00+00:00,DMU50_001,14.529,1337.42672,60.0
2026-03-02 14:34:00+00:00,DMU50_001,15.21,1337.68022,60.0
2026-03-02 14:35:00+00:00,DMU50_001,3.732,1337.74242,60.0
2026-03-02 14:36:00+00:00,DMU50_001,3.976,1337.80869,60.0
2026-03-02 14:37:00+00:00,DMU50_001,9.187,1337.96181,60.0
2026-03-02 14:38:00+00:00,DMU50_001,8.475,1338.10306,60.0
2026-03-02 14:39:00+00:00,DMU50_001,9.171,1338.25591,60.0
2026-03-02 14:40:00+00:00,DMU50_001,9.363,1338.41196,60.0
2026-03-02 14:41:00+00:00,DMU50_001,8.799,1338.55861,60.0
2026-03-02 14:42:00+00:00,DMU50_001,8.612,1338.70214,60.0
2026-03-02 14:43:00+00:00,DMU50_001,8.81,1338.84897,60.0
2026-03-02 14:44:00+00:00,DMU50_001,7.71,1338.97747,60.0
2026-03-02 14:45:00+00:00,DMU50_001,7.97,1339.1103,60.0
2026-03-02 14:46:00+00:00,DMU50_001,4.22,1339.18063,60.0
2026-03-02 14:47:00+00:00,DMU50_001,4.139,1339.24961,60.0
2026-03-02 14:48:00+00:00,DMU50_001,9.67,1339.41078,60.0
2026-03-02 14:49:00+00:00,DMU50_001,8.712,1339.55598,60.0
2026-03-02 14:50:00+00:00,DMU50_001,9.557,1339.71526,60.0
2026-03-02 14:51:00+00:00,DMU50_001,8.584,1339.85833,60.0
2026-03-02 14:52:00+00:00,DMU50_001,9.029,1340.00881,60.0
2026-03-02 14:53:00+00:00,DMU50_001,9.473,1340.16669,60.0
2026-03-02 14:54:00+00:00,DMU50_001,4.426,1340.24046,60.0
2026-03-02 14:55:00+00:00,DMU50_001,4.116,1340.30906,60.0
2026-03-02 14:56:00+00:00,DMU50_001,4.311,1340.38091,60.0
2026-03-02 14:57:00+00:00,DMU50_001,4.284,1340.45231,60.0
2026-03-02 14:58:00+00:00,DMU50_001,7.838,1340.58294,60.0
2026-03-02 14:59:00+00:00,DMU50_001,15.308,1340.83807,60.0
2026-03-02 15:00:00+00:00,DMU50_001,15.931,1341.10359,60.0
2026-03-02 15:01:00+00:00,DMU50_001,15.236,1341.35752,60.0
2026-03-02 15:02:00+00:00,DMU50_001,15.283,1341.61224,60.0
2026-03-02 15:03:00+00:00,DMU50_001,15.336,1341.86784,60.0
2026-03-02 15:04:00+00:00,DMU50_001,14.27,1342.10567,60.0
2026-03-02 15:05:00+00:00,DMU50_001,15.23,1342.3595,60.0
2026-03-02 15:06:00+00:00,DMU50_001,14.492,1342.60103,60.0
2026-03-02 15:07:00+00:00,DMU50_001,14.705,1342.84611,60.0
2026-03-02 15:08:00+00:00,DMU50_001,9.865,1343.01053,60.0
2026-03-02 15:09:00+00:00,DMU50_001,7.924,1343.1426,60.0
2026-03-02 15:10:00+00:00,DMU50_001,14.63,1343.38643,60.0
2026-03-02 15:11:00+00:00,DMU50_001,15.576,1343.64603,60.0
2026-03-02 15:12:00+00:00,DMU50_001,14.526,1343.88813,60.0
2026-03-02 15:13:00+00:00,DMU50_001,14.776,1344.1344,60.0
2026-03-02 15:14:00+00:00,DMU50_001,15.625,1344.39482,60.0
2026-03-02 15:15:00+00:00,DMU50_001,15.021,1344.64517,60.0
2026-03-02 15:16:00+00:00,DMU50_001,14.219,1344.88215,60.0
2026-03-02 15:17:00+00:00,DMU50_001,15.272,1345.13668,60.0
2026-03-02 15:18:00+00:00,DMU50_001,3.421,1345.1937,60.0
2026-03-02 15:19:00+00:00,DMU50_001,3.808,1345.25717,60.0
2026-03-02 15:20:00+00:00,DMU50_001,3.379,1345.31349,60.0
2026-03-02 15:21:00+00:00,DMU50_001,3.71,1345.37532,60.0
2026-03-02 15:22:00+00:00,DMU50_001,3.855,1345.43957,60.0
2026-03-02 15:23:00+00:00,DMU50_001,14.575,1345.68249,60.0
2026-03-02 15:24:00+00:00,DMU50_001,14.903,1345.93087,60.0
2026-03-02 15:25:00+00:00,DMU50_001,15.194,1346.1841,60.0
2026-03-02 15:26:00+00:00,DMU50_001,14.571,1346.42695,60.0
2026-03-02 15:27:00+00:00,DMU50_001,15.135,1346.6792,60.0
2026-03-02 15:28:00+00:00,DMU50_001,14.888,1346.92733,60.0
2026-03-02 15:29:00+00:00,DMU50_001,14.877,1347.17528,60.0
2026-03-02 15:30:00+00:00,DMU50_001,15.024,1347.42568,60.0
2026-03-02 15:31:00+00:00,DMU50_001,15.036,1347.67628,60.0
2026-03-02 15:32:00+00:00,DMU50_001,9.066,1347.82738,60.0
2026-03-02 15:33:00+00:00,DMU50_001,8.76,1347.97338,60.0
2026-03-02 15:34:00+00:00,DMU50_001,8.778,1348.11968,60.0
2026-03-02 15:35:00+00:00,DMU50_001,8.953,1348.2689,60.0
2026-03-02 15:36:00+00:00,DMU50_001,8.982,1348.4186,60.0
2026-03-02 15:37:00+00:00,DMU50_001,4.112,1348.48713,60.0
2026-03-02 15:38:00+00:00,DMU50_001,4.265,1348.55821,60.0
2026-03-02 15:39:00+00:00,DMU50_001,3.837,1348.62216,60.0
2026-03-02 15:40:00+00:00,DMU50_001,14.635,1348.86608,60.0
2026-03-02 15:41:00+00:00,DMU50_001,14.86,1349.11375,60.0
2026-03-02 15:42:00+00:00,DMU50_001,14.572,1349.35662,60.0
2026-03-02 15:43:00+00:00,DMU50_001,15.815,1349.6202,60.0
2026-03-02 15:44:00+00:00,DMU50_001,15.009,1349.87035,60.0
2026-03-02 15:45:00+00:00,DMU50_001,15.088,1350.12182,60.0
2026-03-02 15:46:00+00:00,DMU50_001,14.758,1350.36779,60.0
2026-03-02 15:47:00+00:00,DMU50_001,14.992,1350.61766,60.0
2026-03-02 15:48:00+00:00,DMU50_001,14.392,1350.85753,60.0
2026-03-02 15:49:00+00:00,DMU50_001,4.166,1350.92696,60.0
2026-03-02 15:50:00+00:00,DMU50_001,4.013,1350.99384,60.0
2026-03-02 15:51:00+00:00,DMU50_001,4.145,1351.06292,60.0
2026-03-02 15:52:00+00:00,DMU50_001,7.976,1351.19585,60.0
2026-03-02 15:53:00+00:00,DMU50_001,8.549,1351.33833,60.0
2026-03-02 15:54:00+00:00,DMU50_001,9.586,1351.4981,60.0
2026-03-02 15:55:00+00:00,DMU50_001,9.332,1351.65363,60.0
2026-03-02 15:56:00+00:00,DMU50_001,9.528,1351.81243,60.0
2026-03-02 15:57:00+00:00,DMU50_001,9.555,1351.97168,60.0
2026-03-02 15:58:00+00:00,DMU50_001,9.269,1352.12616,60.0
2026-03-02 15:59:00+00:00,DMU50_001,3.409,1352.18298,60.0
2026-03-02 16:00:00+00:00,DMU50_001,3.293,1352.23786,60.0
2026-03-02 16:01:00+00:00,DMU50_001,3.729,1352.30001,60.0
2026-03-02 16:02:00+00:00,DMU50_001,3.513,1352.35856,60.0
2026-03-02 16:03:00+00:00,DMU50_001,16.247,1352.62934,60.0
2026-03-02 16:04:00+00:00,DMU50_001,14.817,1352.87629,60.0
2026-03-02 16:05:00+00:00,DMU50_001,15.986,1353.14272,60.0
2026-03-02 16:06:00+00:00,DMU50_001,14.922,1353.39142,60.0
2026-03-02 16:07:00+00:00,DMU50_001,15.668,1353.65255,60.0
2026-03-02 16:08:00+00:00,DMU50_001,15.848,1353.91668,60.0
2026-03-02 16:09:00+00:00,DMU50_001,8.591,1354.05986,60.0
2026-03-02 16:10:00+00:00,DMU50_001,8.806,1354.20663,60.0
2026-03-02 16:11:00+00:00,DMU50_001,8.587,1354.34975,60.0
2026-03-02 16:12:00+00:00,DMU50_001,8.508,1354.49155,60.0
2026-03-02 16:13:00+00:00,DMU50_001,9.267,1354.646,60.0
2026-03-02 16:14:00+00:00,DMU50_001,8.921,1354.79468,60.0
2026-03-02 16:15:00+00:00,DMU50_001,4.21,1354.86485,60.0
2026-03-02 16:16:00+00:00,DMU50_001,4.311,1354.9367,60.0
2026-03-02 16:17:00+00:00,DMU50_001,3.129,1354.98885,60.0
2026-03-02 16:18:00+00:00,DMU50_001,3.757,1355.05147,60.0
2026-03-02 16:19:00+00:00,DMU50_001,8.86,1355.19914,60.0
2026-03-02 16:20:00+00:00,DMU50_001,9.213,1355.35269,60.0
2026-03-02 16:21:00+00:00,DMU50_001,9.248,1355.50682,60.0
2026-03-02 16:22:00+00:00,DMU50_001,9.548,1355.66595,60.0
2026-03-02 16:23:00+00:00,DMU50_001,8.958,1355.81525,60.0
2026-03-02 16:24:00+00:00,DMU50_001,8.151,1355.9511,60.0
2026-03-02 16:25:00+00:00,DMU50_001,9.023,1356.10148,60.0
2026-03-02 16:26:00+00:00,DMU50_001,8.06,1356.23581,60.0
2026-03-02 16:27:00+00:00,DMU50_001,7.69,1356.36398,60.0
2026-03-02 16:28:00+00:00,DMU50_001,15.074,1356.61521,60.0
2026-03-02 16:29:00+00:00,DMU50_001,14.819,1356.86219,60.0
2026-03-02 16:30:00+00:00,DMU50_001,14.329,1357.10101,60.0
2026-03-02 16:31:00+00:00,DMU50_001,15.336,1357.35661,60.0
2026-03-02 16:32:00+00:00,DMU50_001,14.718,1357.60191,60.0
2026-03-02 16:33:00+00:00,DMU50_001,14.797,1357.84853,60.0
2026-03-02 16:34:00+00:00,DMU50_001,14.769,1358.09468,60.0
2026-03-02 16:35:00+00:00,DMU50_001,15.618,1358.35498,60.0
2026-03-02 16:36:00+00:00,DMU50_001,14.98,1358.60465,60.0
2026-03-02 16:37:00+00:00,DMU50_001,15.04,1358.85532,60.0
2026-03-02 16:38:00+00:00,DMU50_001,8.824,1359.00239,60.0
2026-03-02 16:39:00+00:00,DMU50_001,9.185,1359.15547,60.0
2026-03-02 16:40:00+00:00,DMU50_001,9.54,1359.31447,60.0
2026-03-02 16:41:00+00:00,DMU50_001,8.194,1359.45104,60.0
2026-03-02 16:42:00+00:00,DMU50_001,8.206,1359.58781,60.0
2026-03-02 16:43:00+00:00,DMU50_001,4.321,1359.65983,60.0
2026-03-02 16:44:00+00:00,DMU50_001,3.924,1359.72523,60.0
2026-03-02 16:45:00+00:00,DMU50_001,4.025,1359.79231,60.0
2026-03-02 16:46:00+00:00,DMU50_001,4.159,1359.86163,60.0
2026-03-02 16:47:00+00:00,DMU50_001,14.637,1360.10558,60.0
2026-03-02 16:48:00+00:00,DMU50_001,14.468,1360.34671,60.0
2026-03-02 16:49:00+00:00,DMU50_001,14.064,1360.58111,60.0
2026-03-02 16:50:00+00:00,DMU50_001,14.327,1360.81989,60.0
2026-03-02 16:51:00+00:00,DMU50_001,14.872,1361.06776,60.0
2026-03-02 16:52:00+00:00,DMU50_001,14.965,1361.31718,60.0
2026-03-02 16:53:00+00:00,DMU50_001,14.603,1361.56056,60.0
2026-03-02 16:54:00+00:00,DMU50_001,15.039,1361.81121,60.0
2026-03-02 16:55:00+00:00,DMU50_001,14.783,1362.05759,60.0
2026-03-02 16:56:00+00:00,DMU50_001,3.718,1362.11956,60.0
2026-03-02 16:57:00+00:00,DMU50_001,3.468,1362.17736,60.0
2026-03-02 16:58:00+00:00,DMU50_001,4.339,1362.24968,60.0
2026-03-02 16:59:00+00:00,DMU50_001,4.241,1362.32036,60.0
2026-03-02 17:00:00+00:00,DMU50_001,3.92,1362.38569,60.0
2026-03-02 17:01:00+00:00,DMU50_001,4.182,1362.45539,60.0
2026-03-02 17:02:00+00:00,DMU50_001,14.382,1362.69509,60.0
2026-03-02 17:03:00+00:00,DMU50_001,14.946,1362.94419,60.0
2026-03-02 17:04:00+00:00,DMU50_001,14.627,1363.18797,60.0
2026-03-02 17:05:00+00:00,DMU50_001,15.191,1363.44115,60.0
2026-03-02 17:06:00+00:00,DMU50_001,14.329,1363.67997,60.0
2026-03-02 17:07:00+00:00,DMU50_001,15.007,1363.93009,60.0
2026-03-02 17:08:00+00:00,DMU50_001,15.286,1364.18486,60.0
2026-03-02 17:09:00+00:00,DMU50_001,15.454,1364.44243,60.0
2026-03-02 17:10:00+00:00,DMU50_001,14.618,1364.68606,60.0
2026-03-02 17:11:00+00:00,DMU50_001,15.009,1364.93621,60.0
2026-03-02 17:12:00+00:00,DMU50_001,9.074,1365.08744,60.0
2026-03-02 17:13:00+00:00,DMU50_001,9.619,1365.24776,60.0
2026-03-02 17:14:00+00:00,DMU50_001,8.407,1365.38788,60.0
2026-03-02 17:15:00+00:00,DMU50_001,7.727,1365.51666,60.0
2026-03-02 17:16:00+00:00,DMU50_001,4.061,1365.58434,60.0
2026-03-02 17:17:00+00:00,DMU50_001,3.445,1365.64176,60.0
2026-03-02 17:18:00+00:00,DMU50_001,14.055,1365.87601,60.0
2026-03-02 17:19:00+00:00,DMU50_001,14.709,1366.12116,60.0
2026-03-02 17:20:00+00:00,DMU50_001,13.616,1366.34809,60.0
2026-03-02 17:21:00+00:00,DMU50_001,15.12,1366.60009,60.0
2026-03-02 17:22:00+00:00,DMU50_001,15.405,1366.85684,60.0
2026-03-02 17:23:00+00:00,DMU50_001,14.544,1367.09924,60.0
2026-03-02 17:24:00+00:00,DMU50_001,14.765,1367.34532,60.0
2026-03-02 17:25:00+00:00,DMU50_001,15.462,1367.60302,60.0
2026-03-02 17:26:00+00:00,DMU50_001,14.125,1367.83844,60.0
2026-03-02 17:27:00+00:00,DMU50_001,8.471,1367.97962,60.0
2026-03-02 17:28:00+00:00,DMU50_001,8.909,1368.1281,60.0
2026-03-02 17:29:00+00:00,DMU50_001,8.699,1368.27308,60.0
2026-03-02 17:30:00+00:00,DMU50_001,8.882,1368.42111,60.0
2026-03-02 17:31:00+00:00,DMU50_001,3.947,1368.48689,60.0
2026-03-02 17:32:00+00:00,DMU50_001,4.243,1368.55761,60.0
2026-03-02 17:33:00+00:00,DMU50_001,4.17,1368.62711,60.0
2026-03-02 17:34:00+00:00,DMU50_001,4.31,1368.69894,60.0
2026-03-02 17:35:00+00:00,DMU50_001,15.1,1368.95061,60.0
2026-03-02 17:36:00+00:00,DMU50_001,15.103,1369.20233,60.0
2026-03-02 17:37:00+00:00,DMU50_001,14.277,1369.44028,60.0
2026-03-02 17:38:00+00:00,DMU50_001,15.246,1369.69438,60.0
2026-03-02 17:39:00+00:00,DMU50_001,14.835,1369.94163,60.0
2026-03-02 17:40:00+00:00,DMU50_001,14.917,1370.19025,60.0
2026-03-02 17:41:00+00:00,DMU50_001,15.524,1370.44898,60.0
2026-03-02 17:42:00+00:00,DMU50_001,14.64,1370.69298,60.0
2026-03-02 17:43:00+00:00,DMU50_001,15.676,1370.95425,60.0
2026-03-02 17:44:00+00:00,DMU50_001,15.722,1371.21628,60.0
2026-03-02 17:45:00+00:00,DMU50_001,9.301,1371.3713,60.0
2026-03-02 17:46:00+00:00,DMU50_001,7.706,1371.49973,60.0
2026-03-02 17:47:00+00:00,DMU50_001,13.907,1371.73151,60.0
2026-03-02 17:48:00+00:00,DMU50_001,15.539,1371.99049,60.0
2026-03-02 17:49:00+00:00,DMU50_001,15.056,1372.24142,60.0
2026-03-02 17:50:00+00:00,DMU50_001,14.627,1372.4852,60.0
2026-03-02 17:51:00+00:00,DMU50_001,15.587,1372.74498,60.0
2026-03-02 17:52:00+00:00,DMU50_001,14.569,1372.9878,60.0
2026-03-02 17:53:00+00:00,DMU50_001,14.788,1373.23427,60.0
2026-03-02 17:54:00+00:00,DMU50_001,15.262,1373.48864,60.0
2026-03-02 17:55:00+00:00,DMU50_001,14.443,1373.72936,60.0
2026-03-02 17:56:00+00:00,DMU50_001,7.967,1373.86214,60.0
2026-03-02 17:57:00+00:00,DMU50_001,3.718,1373.92411,60.0
2026-03-02 17:58:00+00:00,DMU50_001,3.542,1373.98314,60.0
2026-03-02 17:59:00+00:00,DMU50_001,3.749,1374.04562,60.0
2026-03-02 18:00:00+00:00,DMU50_001,3.727,1374.10774,60.0
2026-03-02 18:01:00+00:00,DMU50_001,15.004,1374.35781,60.0
2026-03-02 18:02:00+00:00,DMU50_001,13.832,1374.58834,60.0
2026-03-02 18:03:00+00:00,DMU50_001,14.447,1374.82912,60.0
2026-03-02 18:04:00+00:00,DMU50_001,15.382,1375.08549,60.0
2026-03-02 18:05:00+00:00,DMU50_001,14.225,1375.32257,60.0
2026-03-02 18:06:00+00:00,DMU50_001,14.837,1375.56985,60.0
2026-03-02 18:07:00+00:00,DMU50_001,15.169,1375.82267,60.0
2026-03-02 18:08:00+00:00,DMU50_001,15.735,1376.08492,60.0
2026-03-02 18:09:00+00:00,DMU50_001,14.712,1376.33012,60.0
2026-03-02 18:10:00+00:00,DMU50_001,14.678,1376.57475,60.0
2026-03-02 18:11:00+00:00,DMU50_001,7.984,1376.70782,60.0
2026-03-02 18:12:00+00:00,DMU50_001,3.57,1376.76732,60.0
2026-03-02 18:13:00+00:00,DMU50_001,3.469,1376.82514,60.0
2026-03-02 18:14:00+00:00,DMU50_001,3.71,1376.88697,60.0
2026-03-02 18:15:00+00:00,DMU50_001,8.68,1377.03164,60.0
2026-03-02 18:16:00+00:00,DMU50_001,9.048,1377.18244,60.0
2026-03-02 18:17:00+00:00,DMU50_001,9.178,1377.33541,60.0
2026-03-02 18:18:00+00:00,DMU50_001,8.84,1377.48274,60.0
2026-03-02 18:19:00+00:00,DMU50_001,9.336,1377.63834,60.0
2026-03-02 18:20:00+00:00,DMU50_001,9.06,1377.78934,60.0
2026-03-02 18:21:00+00:00,DMU50_001,9.316,1377.94461,60.0
2026-03-02 18:22:00+00:00,DMU50_001,4.239,1378.01526,60.0
2026-03-02 18:23:00+00:00,DMU50_001,4.275,1378.08651,60.0
2026-03-02 18:24:00+00:00,DMU50_001,14.684,1378.33124,60.0
2026-03-02 18:25:00+00:00,DMU50_001,14.685,1378.57599,60.0
2026-03-02 18:26:00+00:00,DMU50_001,15.612,1378.83619,60.0
2026-03-02 18:27:00+00:00,DMU50_001,15.318,1379.09149,60.0
2026-03-02 18:28:00+00:00,DMU50_001,14.489,1379.33297,60.0
2026-03-02 18:29:00+00:00,DMU50_001,15.09,1379.58447,60.0
2026-03-02 18:30:00+00:00,DMU50_001,13.813,1379.81469,60.0
2026-03-02 18:31:00+00:00,DMU50_001,14.713,1380.05991,60.0
2026-03-02 18:32:00+00:00,DMU50_001,15.481,1380.31793,60.0
2026-03-02 18:33:00+00:00,DMU50_001,8.95,1380.4671,60.0
2026-03-02 18:34:00+00:00,DMU50_001,3.524,1380.52583,60.0
2026-03-02 18:35:00+00:00,DMU50_001,2.897,1380.57411,60.0
2026-03-02 18:36:00+00:00,DMU50_001,7.882,1380.70548,60.0
2026-03-02 18:37:00+00:00,DMU50_001,8.101,1380.8405,60.0
2026-03-02 18:38:00+00:00,DMU50_001,15.233,1381.09438,60.0
2026-03-02 18:39:00+00:00,DMU50_001,15.481,1381.3524,60.0
2026-03-02 18:40:00+00:00,DMU50_001,14.895,1381.60065,60.0
2026-03-02 18:41:00+00:00,DMU50_001,14.917,1381.84927,60.0
2026-03-02 18:42:00+00:00,DMU50_001,14.334,1382.08817,60.0
2026-03-02 18:43:00+00:00,DMU50_001,14.898,1382.33647,60.0
2026-03-02 18:44:00+00:00,DMU50_001,14.369,1382.57595,60.0
2026-03-02 18:45:00+00:00,DMU50_001,8.261,1382.71363,60.0
2026-03-02 18:46:00+00:00,DMU50_001,8.566,1382.8564,60.0
2026-03-02 18:47:00+00:00,DMU50_001,9.603,1383.01645,60.0
2026-03-02 18:48:00+00:00,DMU50_001,4.146,1383.08555,60.0
2026-03-02 18:49:00+00:00,DMU50_001,4.244,1383.15628,60.0
2026-03-02 18:50:00+00:00,DMU50_001,3.397,1383.2129,60.0
2026-03-02 18:51:00+00:00,DMU50_001,3.142,1383.26527,60.0
2026-03-02 18:52:00+00:00,DMU50_001,3.687,1383.32672,60.0
2026-03-02 18:53:00+00:00,DMU50_001,3.066,1383.37782,60.0
2026-03-02 18:54:00+00:00,DMU50_001,3.389,1383.4343,60.0
2026-03-02 18:55:00+00:00,DMU50_001,14.973,1383.68385,60.0
2026-03-02 18:56:00+00:00,DMU50_001,15.115,1383.93577,60.0
2026-03-02 18:57:00+00:00,DMU50_001,14.637,1384.17972,60.0
2026-03-02 18:58:00+00:00,DMU50_001,14.081,1384.4144,60.0
2026-03-02 18:59:00+00:00,DMU50_001,14.599,1384.65772,60.0
2026-03-02 19:00:00+00:00,DMU50_001,14.626,1384.90149,60.0
2026-03-02 19:01:00+00:00,DMU50_001,14.613,1385.14504,60.0
2026-03-02 19:02:00+00:00,DMU50_001,15.485,1385.40312,60.0
2026-03-02 19:03:00+00:00,DMU50_001,14.393,1385.643,60.0
2026-03-02 19:04:00+00:00,DMU50_001,4.26,1385.714,60.0
2026-03-02 19:05:00+00:00,DMU50_001,4.232,1385.78453,60.0
2026-03-02 19:06:00+00:00,DMU50_001,8.288,1385.92266,60.0
2026-03-02 19:07:00+00:00,DMU50_001,14.933,1386.17154,60.0
2026-03-02 19:08:00+00:00,DMU50_001,15.396,1386.42814,60.0
2026-03-02 19:09:00+00:00,DMU50_001,14.914,1386.67671,60.0
2026-03-02 19:10:00+00:00,DMU50_001,15.217,1386.93033,60.0
2026-03-02 19:11:00+00:00,DMU50_001,14.249,1387.16781,60.0
2026-03-02 19:12:00+00:00,DMU50_001,13.681,1387.39583,60.0
2026-03-02 19:13:00+00:00,DMU50_001,15.189,1387.64898,60.0
2026-03-02 19:14:00+00:00,DMU50_001,9.172,1387.80185,60.0
2026-03-02 19:15:00+00:00,DMU50_001,9.19,1387.95502,60.0
2026-03-02 19:16:00+00:00,DMU50_001,8.79,1388.10152,60.0
2026-03-02 19:17:00+00:00,DMU50_001,4.498,1388.17649,60.0
2026-03-02 19:18:00+00:00,DMU50_001,4.108,1388.24496,60.0
2026-03-02 19:19:00+00:00,DMU50_001,4.284,1388.31636,60.0
2026-03-02 19:20:00+00:00,DMU50_001,8.178,1388.45266,60.0
2026-03-02 19:21:00+00:00,DMU50_001,8.516,1388.59459,60.0
2026-03-02 19:22:00+00:00,DMU50_001,14.841,1388.84194,60.0
2026-03-02 19:23:00+00:00,DMU50_001,14.673,1389.08649,60.0
2026-03-02 19:24:00+00:00,DMU50_001,14.251,1389.32401,60.0
2026-03-02 19:25:00+00:00,DMU50_001,15.776,1389.58694,60.0
2026-03-02 19:26:00+00:00,DMU50_001,15.211,1389.84046,60.0
2026-03-02 19:27:00+00:00,DMU50_001,15.227,1390.09424,60.0
2026-03-02 19:28:00+00:00,DMU50_001,16.558,1390.37021,60.0
2026-03-02 19:29:00+00:00,DMU50_001,15.163,1390.62293,60.0
2026-03-02 19:30:00+00:00,DMU50_001,14.349,1390.86208,60.0
2026-03-02 19:31:00+00:00,DMU50_001,8.922,1391.01078,60.0
2026-03-02 19:32:00+00:00,DMU50_001,8.61,1391.15428,60.0
2026-03-02 19:33:00+00:00,DMU50_001,8.842,1391.30165,60.0
2026-03-02 19:34:00+00:00,DMU50_001,8.839,1391.44897,60.0
2026-03-02 19:35:00+00:00,DMU50_001,4.083,1391.51702,60.0
2026-03-02 19:36:00+00:00,DMU50_001,3.921,1391.58237,60.0
2026-03-02 19:37:00+00:00,DMU50_001,4.519,1391.65769,60.0
2026-03-02 19:38:00+00:00,DMU50_001,15.149,1391.91017,60.0
2026-03-02 19:39:00+00:00,DMU50_001,14.887,1392.15829,60.0
2026-03-02 19:40:00+00:00,DMU50_001,15.379,1392.41461,60.0
2026-03-02 19:41:00+00:00,DMU50_001,15.236,1392.66854,60.0
2026-03-02 19:42:00+00:00,DMU50_001,15.138,1392.92084,60.0
2026-03-02 19:43:00+00:00,DMU50_001,15.342,1393.17654,60.0
2026-03-02 19:44:00+00:00,DMU50_001,9.054,1393.32744,60.0
2026-03-02 19:45:00+00:00,DMU50_001,9.268,1393.48191,60.0
2026-03-02 19:46:00+00:00,DMU50_001,9.301,1393.63693,60.0
2026-03-02 19:47:00+00:00,DMU50_001,9.065,1393.78801,60.0
2026-03-02 19:48:00+00:00,DMU50_001,8.912,1393.93654,60.0
2026-03-02 19:49:00+00:00,DMU50_001,4.506,1394.01164,60.0
2026-03-02 19:50:00+00:00,DMU50_001,4.104,1394.08004,60.0
2026-03-02 19:51:00+00:00,DMU50_001,4.278,1394.15134,60.0
2026-03-02 19:52:00+00:00,DMU50_001,4.283,1394.22272,60.0
2026-03-02 19:53:00+00:00,DMU50_001,14.695,1394.46764,60.0
2026-03-02 19:54:00+00:00,DMU50_001,14.596,1394.71091,60.0
2026-03-02 19:55:00+00:00,DMU50_001,14.823,1394.95796,60.0
2026-03-02 19:56:00+00:00,DMU50_001,14.754,1395.20386,60.0
2026-03-02 19:57:00+00:00,DMU50_001,14.271,1395.44171,60.0
2026-03-02 19:58:00+00:00,DMU50_001,14.674,1395.68628,60.0
2026-03-02 19:59:00+00:00,DMU50_001,15.133,1395.9385,60.0
2026-03-02 20:00:00+00:00,DMU50_001,15.633,1396.19905,60.0
2026-03-02 20:01:00+00:00,DMU50_001,15.277,1396.45367,60.0
2026-03-02 20:02:00+00:00,DMU50_001,3.68,1396.515,60.0
2026-03-02 20:03:00+00:00,DMU50_001,4.328,1396.58713,60.0
2026-03-02 20:04:00+00:00,DMU50_001,14.721,1396.83248,60.0
2026-03-02 20:05:00+00:00,DMU50_001,15.227,1397.08626,60.0
2026-03-02 20:06:00+00:00,DMU50_001,14.993,1397.33614,60.0
2026-03-02 20:07:00+00:00,DMU50_001,14.904,1397.58454,60.0
2026-03-02 20:08:00+00:00,DMU50_001,14.949,1397.83369,60.0
2026-03-02 20:09:00+00:00,DMU50_001,14.989,1398.08351,60.0
2026-03-02 20:10:00+00:00,DMU50_001,9.538,1398.24248,60.0
2026-03-02 20:11:00+00:00,DMU50_001,8.992,1398.39235,60.0
2026-03-02 20:12:00+00:00,DMU50_001,9.434,1398.54958,60.0
2026-03-02 20:13:00+00:00,DMU50_001,9.376,1398.70585,60.0
2026-03-02 20:14:00+00:00,DMU50_001,9.267,1398.8603,60.0
2026-03-02 20:15:00+00:00,DMU50_001,7.464,1398.9847,60.0
2026-03-02 20:16:00+00:00,DMU50_001,4.423,1399.05842,60.0
2026-03-02 20:17:00+00:00,DMU50_001,4.108,1399.12689,60.0
2026-03-02 20:18:00+00:00,DMU50_001,4.343,1399.19927,60.0
2026-03-02 20:19:00+00:00,DMU50_001,14.514,1399.44117,60.0
2026-03-02 20:20:00+00:00,DMU50_001,14.407,1399.68129,60.0
2026-03-02 20:21:00+00:00,DMU50_001,15.988,1399.94776,60.0
2026-03-02 20:22:00+00:00,DMU50_001,14.522,1400.18979,60.0
2026-03-02 20:23:00+00:00,DMU50_001,15.573,1400.44934,60.0
2026-03-02 20:24:00+00:00,DMU50_001,15.059,1400.70032,60.0
2026-03-02 20:25:00+00:00,DMU50_001,14.79,1400.94682,60.0
2026-03-02 20:26:00+00:00,DMU50_001,14.978,1401.19645,60.0
2026-03-02 20:27:00+00:00,DMU50_001,8.48,1401.33778,60.0
2026-03-02 20:28:00+00:00,DMU50_001,8.994,1401.48768,60.0
2026-03-02 20:29:00+00:00,DMU50_001,8.567,1401.63046,60.0
2026-03-02 20:30:00+00:00,DMU50_001,8.842,1401.77783,60.0
2026-03-02 20:31:00+00:00,DMU50_001,9.37,1401.934,60.0
2026-03-02 20:32:00+00:00,DMU50_001,3.551,1401.99318,60.0
2026-03-02 20:33:00+00:00,DMU50_001,3.204,1402.04658,60.0
2026-03-02 20:34:00+00:00,DMU50_001,4.37,1402.11941,60.0
2026-03-02 20:35:00+00:00,DMU50_001,4.199,1402.18939,60.0
2026-03-02 20:36:00+00:00,DMU50_001,4.092,1402.25759,60.0
2026-03-02 20:37:00+00:00,DMU50_001,4.349,1402.33007,60.0
2026-03-02 20:38:00+00:00,DMU50_001,14.916,1402.57867,60.0
2026-03-02 20:39:00+00:00,DMU50_001,14.417,1402.81895,60.0
2026-03-02 20:40:00+00:00,DMU50_001,15.924,1403.08435,60.0
2026-03-02 20:41:00+00:00,DMU50_001,14.991,1403.3342,60.0
2026-03-02 20:42:00+00:00,DMU50_001,14.959,1403.58352,60.0
2026-03-02 20:43:00+00:00,DMU50_001,14.797,1403.83014,60.0
2026-03-02 20:44:00+00:00,DMU50_001,15.59,1404.08997,60.0
2026-03-02 20:45:00+00:00,DMU50_001,8.79,1404.23647,60.0
2026-03-02 20:46:00+00:00,DMU50_001,3.191,1404.28965,60.0
2026-03-02 20:47:00+00:00,DMU50_001,3.364,1404.34572,60.0
2026-03-02 20:48:00+00:00,DMU50_001,3.765,1404.40847,60.0
2026-03-02 20:49:00+00:00,DMU50_001,15.416,1404.6654,60.0
2026-03-02 20:50:00+00:00,DMU50_001,14.872,1404.91327,60.0
2026-03-02 20:51:00+00:00,DMU50_001,15.687,1405.17472,60.0
2026-03-02 20:52:00+00:00,DMU50_001,15.374,1405.43095,60.0
2026-03-02 20:53:00+00:00,DMU50_001,14.867,1405.67873,60.0
2026-03-02 20:54:00+00:00,DMU50_001,14.917,1405.92735,60.0
2026-03-02 20:55:00+00:00,DMU50_001,15.165,1406.1801,60.0
2026-03-02 20:56:00+00:00,DMU50_001,14.584,1406.42317,60.0
2026-03-02 20:57:00+00:00,DMU50_001,15.002,1406.6732,60.0
2026-03-02 20:58:00+00:00,DMU50_001,9.123,1406.82525,60.0
2026-03-02 20:59:00+00:00,DMU50_001,8.325,1406.964,60.0
2026-03-02 21:00:00+00:00,DMU50_001,8.924,1407.11273,60.0
2026-03-02 21:01:00+00:00,DMU50_001,8.879,1407.26071,60.0
2026-03-02 21:02:00+00:00,DMU50_001,3.706,1407.32248,60.0
2026-03-02 21:03:00+00:00,DMU50_001,3.131,1407.37466,60.0
2026-03-02 21:04:00+00:00,DMU50_001,3.424,1407.43173,60.0
2026-03-02 21:05:00+00:00,DMU50_001,3.404,1407.48846,60.0
2026-03-02 21:06:00+00:00,DMU50_001,3.692,1407.54999,60.0
2026-03-02 21:07:00+00:00,DMU50_001,14.978,1407.79962,60.0
2026-03-02 21:08:00+00:00,DMU50_001,15.898,1408.06459,60.0
2026-03-02 21:09:00+00:00,DMU50_001,15.331,1408.32011,60.0
2026-03-02 21:10:00+00:00,DMU50_001,14.795,1408.56669,60.0
2026-03-02 21:11:00+00:00,DMU50_001,15.12,1408.81869,60.0
2026-03-02 21:12:00+00:00,DMU50_001,14.823,1409.06574,60.0
2026-03-02 21:13:00+00:00,DMU50_001,15.43,1409.32291,60.0
2026-03-02 21:14:00+00:00,DMU50_001,14.334,1409.56181,60.0
2026-03-02 21:15:00+00:00,DMU50_001,14.588,1409.80494,60.0
2026-03-02 21:16:00+00:00,DMU50_001,15.228,1410.05874,60.0
2026-03-02 21:17:00+00:00,DMU50_001,15.613,1410.31896,60.0
2026-03-02 21:18:00+00:00,DMU50_001,13.899,1410.55061,60.0
2026-03-02 21:19:00+00:00,DMU50_001,15.687,1410.81206,60.0
2026-03-02 21:20:00+00:00,DMU50_001,14.93,1411.06089,60.0
2026-03-02 21:21:00+00:00,DMU50_001,3.123,1411.11294,60.0
2026-03-02 21:22:00+00:00,DMU50_001,2.9,1411.16127,60.0
2026-03-02 21:23:00+00:00,DMU50_001,3.194,1411.2145,60.0
2026-03-02 21:24:00+00:00,DMU50_001,3.496,1411.27277,60.0
2026-03-02 21:25:00+00:00,DMU50_001,4.187,1411.34255,60.0
2026-03-02 21:26:00+00:00,DMU50_001,4.327,1411.41467,60.0
2026-03-02 21:27:00+00:00,DMU50_001,4.09,1411.48284,60.0
2026-03-02 21:28:00+00:00,DMU50_001,3.978,1411.54914,60.0
2026-03-02 21:29:00+00:00,DMU50_001,14.793,1411.79569,60.0
2026-03-02 21:30:00+00:00,DMU50_001,15.017,1412.04597,60.0
2026-03-02 21:31:00+00:00,DMU50_001,15.115,1412.29789,60.0
2026-03-02 21:32:00+00:00,DMU50_001,14.605,1412.54131,60.0
2026-03-02 21:33:00+00:00,DMU50_001,15.451,1412.79883,60.0
2026-03-02 21:34:00+00:00,DMU50_001,14.689,1413.04365,60.0
2026-03-02 21:35:00+00:00,DMU50_001,14.565,1413.2864,60.0
2026-03-02 21:36:00+00:00,DMU50_001,14.729,1413.53188,60.0
2026-03-02 21:37:00+00:00,DMU50_001,15.537,1413.79083,60.0
2026-03-02 21:38:00+00:00,DMU50_001,8.947,1413.93995,60.0
2026-03-02 21:39:00+00:00,DMU50_001,8.722,1414.08532,60.0
2026-03-02 21:40:00+00:00,DMU50_001,9.37,1414.24149,60.0
2026-03-02 21:41:00+00:00,DMU50_001,3.929,1414.30697,60.0
2026-03-02 21:42:00+00:00,DMU50_001,3.542,1414.366,60.0
2026-03-02 21:43:00+00:00,DMU50_001,3.747,1414.42845,60.0
2026-03-02 21:44:00+00:00,DMU50_001,3.707,1414.49023,60.0
2026-03-02 21:45:00+00:00,DMU50_001,14.697,1414.73518,60.0
2026-03-02 21:46:00+00:00,DMU50_001,15.013,1414.9854,60.0
2026-03-02 21:47:00+00:00,DMU50_001,14.359,1415.22472,60.0
2026-03-02 21:48:00+00:00,DMU50_001,14.898,1415.47302,60.0
2026-03-02 21:49:00+00:00,DMU50_001,14.687,1415.7178,60.0
2026-03-02 21:50:00+00:00,DMU50_001,14.799,1415.96445,60.0
2026-03-02 21:51:00+00:00,DMU50_001,14.625,1416.2082,60.0
2026-03-02 21:52:00+00:00,DMU50_001,14.856,1416.4558,60.0
2026-03-02 21:53:00+00:00,DMU50_001,15.266,1416.71023,60.0
2026-03-02 21:54:00+00:00,DMU50_001,4.176,1416.77983,60.0
2026-03-02 21:55:00+00:00,DMU50_001,3.827,1416.84361,60.0
2026-03-02 21:56:00+00:00,DMU50_001,4.051,1416.91113,60.0
2026-03-02 21:57:00+00:00,DMU50_001,14.24,1417.14846,60.0
2026-03-02 21:58:00+00:00,DMU50_001,15.122,1417.40049,60.0
2026-03-02 21:59:00+00:00,DMU50_001,15.252,1417.65469,60.0
2026-03-02 22:00:00+00:00,DMU50_001,15.128,1417.90682,60.0
2026-03-02 22:01:00+00:00,DMU50_001,14.606,1418.15025,60.0
2026-03-02 22:02:00+00:00,DMU50_001,15.123,1418.4023,60.0
2026-03-02 22:03:00+00:00,DMU50_001,14.765,1418.64838,60.0
2026-03-02 22:04:00+00:00,DMU50_001,14.431,1418.8889,60.0
2026-03-02 22:05:00+00:00,DMU50_001,15.371,1419.14508,60.0
2026-03-02 22:06:00+00:00,DMU50_001,15.409,1419.4019,60.0
2026-03-02 22:07:00+00:00,DMU50_001,9.38,1419.55823,60.0
2026-03-02 22:08:00+00:00,DMU50_001,3.378,1419.61453,60.0
2026-03-02 22:09:00+00:00,DMU50_001,3.736,1419.6768,60.0
2026-03-02 22:10:00+00:00,DMU50_001,3.401,1419.73348,60.0
2026-03-02 22:11:00+00:00,DMU50_001,3.631,1419.794,60.0
2026-03-02 22:12:00+00:00,DMU50_001,7.847,1419.92478,60.0
2026-03-02 22:13:00+00:00,DMU50_001,14.888,1420.17291,60.0
2026-03-02 22:14:00+00:00,DMU50_001,13.789,1420.40273,60.0
2026-03-02 22:15:00+00:00,DMU50_001,14.849,1420.65021,60.0
2026-03-02 22:16:00+00:00,DMU50_001,15.046,1420.90098,60.0
2026-03-02 22:17:00+00:00,DMU50_001,14.795,1421.14756,60.0
2026-03-02 22:18:00+00:00,DMU50_001,15.878,1421.41219,60.0
2026-03-02 22:19:00+00:00,DMU50_001,14.419,1421.65251,60.0
2026-03-02 22:20:00+00:00,DMU50_001,14.718,1421.89781,60.0
2026-03-02 22:21:00+00:00,DMU50_001,14.548,1422.14028,60.0
2026-03-02 22:22:00+00:00,DMU50_001,8.774,1422.28651,60.0
2026-03-02 22:23:00+00:00,DMU50_001,8.309,1422.42499,60.0
2026-03-02 22:24:00+00:00,DMU50_001,8.443,1422.56571,60.0
2026-03-02 22:25:00+00:00,DMU50_001,8.72,1422.71104,60.0
2026-03-02 22:26:00+00:00,DMU50_001,8.711,1422.85622,60.0
2026-03-02 22:27:00+00:00,DMU50_001,8.537,1422.9985,60.0
2026-03-02 22:28:00+00:00,DMU50_001,9.523,1423.15722,60.0
2026-03-02 22:29:00+00:00,DMU50_001,9.448,1423.31469,60.0
2026-03-02 22:30:00+00:00,DMU50_001,8.958,1423.46399,60.0
2026-03-02 22:31:00+00:00,DMU50_001,8.442,1423.60469,60.0
2026-03-02 22:32:00+00:00,DMU50_001,7.608,1423.73149,60.0
2026-03-02 22:33:00+00:00,DMU50_001,8.051,1423.86567,60.0
2026-03-02 22:34:00+00:00,DMU50_001,15.275,1424.12025,60.0
2026-03-02 22:35:00+00:00,DMU50_001,13.967,1424.35303,60.0
2026-03-02 22:36:00+00:00,DMU50_001,14.839,1424.60035,60.0
2026-03-02 22:37:00+00:00,DMU50_001,15.809,1424.86383,60.0
2026-03-02 22:38:00+00:00,DMU50_001,14.891,1425.11201,60.0
2026-03-02 22:39:00+00:00,DMU50_001,15.745,1425.37443,60.0
2026-03-02 22:40:00+00:00,DMU50_001,9.26,1425.52876,60.0
2026-03-02 22:41:00+00:00,DMU50_001,8.566,1425.67153,60.0
2026-03-02 22:42:00+00:00,DMU50_001,3.441,1425.72888,60.0
2026-03-02 22:43:00+00:00,DMU50_001,3.474,1425.78678,60.0
2026-03-02 22:44:00+00:00,DMU50_001,3.309,1425.84193,60.0
2026-03-02 22:45:00+00:00,DMU50_001,3.306,1425.89703,60.0
2026-03-02 22:46:00+00:00,DMU50_001,15.753,1426.15958,60.0
2026-03-02 22:47:00+00:00,DMU50_001,14.511,1426.40143,60.0
2026-03-02 22:48:00+00:00,DMU50_001,15.539,1426.66041,60.0
2026-03-02 22:49:00+00:00,DMU50_001,14.782,1426.90678,60.0
2026-03-02 22:50:00+00:00,DMU50_001,14.987,1427.15656,60.0
2026-03-02 22:51:00+00:00,DMU50_001,15.281,1427.41124,60.0
2026-03-02 22:52:00+00:00,DMU50_001,14.701,1427.65626,60.0
2026-03-02 22:53:00+00:00,DMU50_001,15.284,1427.91099,60.0
2026-03-02 22:54:00+00:00,DMU50_001,8.181,1428.04734,60.0
2026-03-02 22:55:00+00:00,DMU50_001,9.176,1428.20027,60.0
2026-03-02 22:56:00+00:00,DMU50_001,8.013,1428.33382,60.0
2026-03-02 22:57:00+00:00,DMU50_001,7.932,1428.46602,60.0
2026-03-02 22:58:00+00:00,DMU50_001,4.371,1428.53887,60.0
2026-03-02 22:59:00+00:00,DMU50_001,4.324,1428.61094,60.0
2026-03-02 23:00:00+00:00,DMU50_001,3.94,1428.67661,60.0
2026-03-02 23:01:00+00:00,DMU50_001,8.532,1428.81881,60.0
2026-03-02 23:02:00+00:00,DMU50_001,8.725,1428.96423,60.0
2026-03-02 23:03:00+00:00,DMU50_001,9.074,1429.11546,60.0
2026-03-02 23:04:00+00:00,DMU50_001,8.187,1429.25191,60.0
2026-03-02 23:05:00+00:00,DMU50_001,8.995,1429.40183,60.0
2026-03-02 23:06:00+00:00,DMU50_001,9.125,1429.55391,60.0
2026-03-02 23:07:00+00:00,DMU50_001,4.143,1429.62296,60.0
2026-03-02 23:08:00+00:00,DMU50_001,4.305,1429.69471,60.0
2026-03-02 23:09:00+00:00,DMU50_001,4.245,1429.76546,60.0
2026-03-02 23:10:00+00:00,DMU50_001,4.092,1429.83366,60.0
2026-03-02 23:11:00+00:00,DMU50_001,3.113,1429.88554,60.0
2026-03-02 23:12:00+00:00,DMU50_001,3.527,1429.94432,60.0
2026-03-02 23:13:00+00:00,DMU50_001,3.309,1429.99947,60.0
2026-03-02 23:14:00+00:00,DMU50_001,3.384,1430.05587,60.0
2026-03-02 23:15:00+00:00,DMU50_001,15.24,1430.30987,60.0
2026-03-02 23:16:00+00:00,DMU50_001,15.709,1430.57169,60.0
2026-03-02 23:17:00+00:00,DMU50_001,14.981,1430.82137,60.0
2026-03-02 23:18:00+00:00,DMU50_001,15.277,1431.07599,60.0
2026-03-02 23:19:00+00:00,DMU50_001,14.278,1431.31396,60.0
2026-03-02 23:20:00+00:00,DMU50_001,15.123,1431.56601,60.0
2026-03-02 23:21:00+00:00,DMU50_001,14.97,1431.81551,60.0
2026-03-02 23:22:00+00:00,DMU50_001,15.615,1432.07576,60.0
2026-03-02 23:23:00+00:00,DMU50_001,14.73,1432.32126,60.0
2026-03-02 23:24:00+00:00,DMU50_001,8.903,1432.46964,60.0
2026-03-02 23:25:00+00:00,DMU50_001,9.424,1432.62671,60.0
2026-03-02 23:26:00+00:00,DMU50_001,8.963,1432.77609,60.0
2026-03-02 23:27:00+00:00,DMU50_001,3.278,1432.83072,60.0
2026-03-02 23:28:00+00:00,DMU50_001,4.01,1432.89755,60.0
2026-03-02 23:29:00+00:00,DMU50_001,3.284,1432.95228,60.0
2026-03-02 23:30:00+00:00,DMU50_001,3.487,1433.0104,60.0
2026-03-02 23:31:00+00:00,DMU50_001,15.173,1433.26328,60.0
2026-03-02 23:32:00+00:00,DMU50_001,15.134,1433.51551,60.0
2026-03-02 23:33:00+00:00,DMU50_001,14.905,1433.76393,60.0
2026-03-02 23:34:00+00:00,DMU50_001,14.908,1434.0124,60.0
2026-03-02 23:35:00+00:00,DMU50_001,14.883,1434.26045,60.0
2026-03-02 23:36:00+00:00,DMU50_001,14.442,1434.50115,60.0
2026-03-02 23:37:00+00:00,DMU50_001,16.075,1434.76907,60.0
2026-03-02 23:38:00+00:00,DMU50_001,14.89,1435.01724,60.0
2026-03-02 23:39:00+00:00,DMU50_001,15.298,1435.27221,60.0
2026-03-02 23:40:00+00:00,DMU50_001,14.833,1435.51943,60.0
2026-03-02 23:41:00+00:00,DMU50_001,8.858,1435.66706,60.0
2026-03-02 23:42:00+00:00,DMU50_001,8.818,1435.81403,60.0
2026-03-02 23:43:00+00:00,DMU50_001,7.535,1435.93961,60.0
2026-03-02 23:44:00+00:00,DMU50_001,7.952,1436.07214,60.0
2026-03-02 23:45:00+00:00,DMU50_001,14.796,1436.31874,60.0
2026-03-02 23:46:00+00:00,DMU50_001,15.586,1436.57851,60.0
2026-03-02 23:47:00+00:00,DMU50_001,14.402,1436.81854,60.0
2026-03-02 23:48:00+00:00,DMU50_001,14.711,1437.06372,60.0
2026-03-02 23:49:00+00:00,DMU50_001,14.551,1437.30624,60.0
2026-03-02 23:50:00+00:00,DMU50_001,15.721,1437.56826,60.0
2026-03-02 23:51:00+00:00,DMU50_001,14.565,1437.81101,60.0
2026-03-02 23:52:00+00:00,DMU50_001,15.281,1438.06569,60.0
2026-03-02 23:53:00+00:00,DMU50_001,15.485,1438.32377,60.0
2026-03-02 23:54:00+00:00,DMU50_001,8.942,1438.4728,60.0
2026-03-02 23:55:00+00:00,DMU50_001,8.449,1438.61362,60.0
2026-03-02 23:56:00+00:00,DMU50_001,8.454,1438.75452,60.0
2026-03-02 23:57:00+00:00,DMU50_001,8.258,1438.89215,60.0
2026-03-02 23:58:00+00:00,DMU50_001,7.622,1439.01918,60.0
2026-03-02 23:59:00+00:00,DMU50_001,15.196,1439.27245,60.0
2026-03-03 00:00:00+00:00,DMU50_001,15.057,1439.5234,60.0
2026-03-03 00:01:00+00:00,DMU50_001,15.189,1439.77655,60.0
2026-03-03 00:02:00+00:00,DMU50_001,15.236,1440.03048,60.0
2026-03-03 00:03:00+00:00,DMU50_001,14.533,1440.2727,60.0
2026-03-03 00:04:00+00:00,DMU50_001,14.512,1440.51457,60.0
2026-03-03 00:05:00+00:00,DMU50_001,15.357,1440.77052,60.0
2026-03-03 00:06:00+00:00,DMU50_001,14.685,1441.01527,60.0
2026-03-03 00:07:00+00:00,DMU50_001,13.625,1441.24235,60.0
2026-03-03 00:08:00+00:00,DMU50_001,9.26,1441.39668,60.0
2026-03-03 00:09:00+00:00,DMU50_001,8.585,1441.53976,60.0
2026-03-03 00:10:00+00:00,DMU50_001,9.187,1441.69288,60.0
2026-03-03 00:11:00+00:00,DMU50_001,8.418,1441.83318,60.0
2026-03-03 00:12:00+00:00,DMU50_001,15.008,1442.08331,60.0
2026-03-03 00:13:00+00:00,DMU50_001,15.498,1442.34161,60.0
2026-03-03 00:14:00+00:00,DMU50_001,15.077,1442.59289,60.0
2026-03-03 00:15:00+00:00,DMU50_001,15.794,1442.85612,60.0
2026-03-03 00:16:00+00:00,DMU50_001,14.469,1443.09727,60.0
2026-03-03 00:17:00+00:00,DMU50_001,14.996,1443.3472,60.0
2026-03-03 00:18:00+00:00,DMU50_001,15.337,1443.60282,60.0
2026-03-03 00:19:00+00:00,DMU50_001,14.905,1443.85124,60.0
2026-03-03 00:20:00+00:00,DMU50_001,15.576,1444.11084,60.0
2026-03-03 00:21:00+00:00,DMU50_001,8.827,1444.25796,60.0
2026-03-03 00:22:00+00:00,DMU50_001,9.828,1444.42176,60.0
2026-03-03 00:23:00+00:00,DMU50_001,9.849,1444.58591,60.0
2026-03-03 00:24:00+00:00,DMU50_001,9.113,1444.73779,60.0
2026-03-03 00:25:00+00:00,DMU50_001,4.311,1444.80964,60.0
2026-03-03 00:26:00+00:00,DMU50_001,4.438,1444.88361,60.0
2026-03-03 00:27:00+00:00,DMU50_001,14.406,1445.12371,60.0
2026-03-03 00:28:00+00:00,DMU50_001,14.344,1445.36278,60.0
2026-03-03 00:29:00+00:00,DMU50_001,15.628,1445.62325,60.0
2026-03-03 00:30:00+00:00,DMU50_001,15.137,1445.87553,60.0
2026-03-03 00:31:00+00:00,DMU50_001,14.887,1446.12365,60.0
2026-03-03 00:32:00+00:00,DMU50_001,15.006,1446.37375,60.0
2026-03-03 00:33:00+00:00,DMU50_001,13.807,1446.60387,60.0
2026-03-03 00:34:00+00:00,DMU50_001,14.905,1446.85229,60.0
2026-03-03 00:35:00+00:00,DMU50_001,14.623,1447.09601,60.0
2026-03-03 00:36:00+00:00,DMU50_001,15.459,1447.35366,60.0
2026-03-03 00:37:00+00:00,DMU50_001,9.398,1447.51029,60.0
2026-03-03 00:38:00+00:00,DMU50_001,9.231,1447.66414,60.0
2026-03-03 00:39:00+00:00,DMU50_001,9.158,1447.81677,60.0
2026-03-03 00:40:00+00:00,DMU50_001,8.401,1447.95679,60.0
2026-03-03 00:41:00+00:00,DMU50_001,8.177,1448.09307,60.0
2026-03-03 00:42:00+00:00,DMU50_001,8.189,1448.22955,60.0
2026-03-03 00:43:00+00:00,DMU50_001,3.749,1448.29203,60.0
2026-03-03 00:44:00+00:00,DMU50_001,3.924,1448.35743,60.0
2026-03-03 00:45:00+00:00,DMU50_001,3.161,1448.41011,60.0
2026-03-03 00:46:00+00:00,DMU50_001,3.422,1448.46714,60.0
2026-03-03 00:47:00+00:00,DMU50_001,8.703,1448.61219,60.0
2026-03-03 00:48:00+00:00,DMU50_001,9.069,1448.76334,60.0
2026-03-03 00:49:00+00:00,DMU50_001,9.005,1448.91342,60.0
2026-03-03 00:50:00+00:00,DMU50_001,8.906,1449.06185,60.0
2026-03-03 00:51:00+00:00,DMU50_001,9.411,1449.2187,60.0
2026-03-03 00:52:00+00:00,DMU50_001,8.559,1449.36135,60.0
2026-03-03 00:53:00+00:00,DMU50_001,8.584,1449.50442,60.0
2026-03-03 00:54:00+00:00,DMU50_001,7.693,1449.63264,60.0
2026-03-03 00:55:00+00:00,DMU50_001,7.892,1449.76417,60.0
2026-03-03 00:56:00+00:00,DMU50_001,14.386,1450.00394,60.0
2026-03-03 00:57:00+00:00,DMU50_001,14.976,1450.25354,60.0
2026-03-03 00:58:00+00:00,DMU50_001,14.917,1450.50216,60.0
2026-03-03 00:59:00+00:00,DMU50_001,14.607,1450.74561,60.0
2026-03-03 01:00:00+00:00,DMU50_001,15.437,1451.00289,60.0
2026-03-03 01:01:00+00:00,DMU50_001,14.97,1451.25239,60.0
2026-03-03 01:02:00+00:00,DMU50_001,15.531,1451.51124,60.0
2026-03-03 01:03:00+00:00,DMU50_001,14.902,1451.75961,60.0
2026-03-03 01:04:00+00:00,DMU50_001,8.99,1451.90944,60.0
2026-03-03 01:05:00+00:00,DMU50_001,8.775,1452.05569,60.0
2026-03-03 01:06:00+00:00,DMU50_001,8.997,1452.20564,60.0
2026-03-03 01:07:00+00:00,DMU50_001,9.285,1452.36039,60.0
2026-03-03 01:08:00+00:00,DMU50_001,8.835,1452.50764,60.0
2026-03-03 01:09:00+00:00,DMU50_001,9.207,1452.66109,60.0
2026-03-03 01:10:00+00:00,DMU50_001,7.756,1452.79036,60.0
2026-03-03 01:11:00+00:00,DMU50_001,3.652,1452.85123,60.0
2026-03-03 01:12:00+00:00,DMU50_001,3.384,1452.90763,60.0
2026-03-03 01:13:00+00:00,DMU50_001,3.67,1452.9688,60.0
2026-03-03 01:14:00+00:00,DMU50_001,15.03,1453.2193,60.0
2026-03-03 01:15:00+00:00,DMU50_001,15.76,1453.48197,60.0
2026-03-03 01:16:00+00:00,DMU50_001,14.423,1453.72235,60.0
2026-03-03 01:17:00+00:00,DMU50_001,14.262,1453.96005,60.0
2026-03-03 01:18:00+00:00,DMU50_001,14.692,1454.20492,60.0
2026-03-03 01:19:00+00:00,DMU50_001,14.308,1454.44339,60.0
2026-03-03 01:20:00+00:00,DMU50_001,8.447,1454.58417,60.0
2026-03-03 01:21:00+00:00,DMU50_001,9.249,1454.73832,60.0
2026-03-03 01:22:00+00:00,DMU50_001,8.998,1454.88829,60.0
2026-03-03 01:23:00+00:00,DMU50_001,4.104,1454.95669,60.0
2026-03-03 01:24:00+00:00,DMU50_001,4.123,1455.02541,60.0
2026-03-03 01:25:00+00:00,DMU50_001,4.081,1455.09343,60.0
2026-03-03 01:26:00+00:00,DMU50_001,4.53,1455.16893,60.0
2026-03-03 01:27:00+00:00,DMU50_001,7.779,1455.29858,60.0
2026-03-03 01:28:00+00:00,DMU50_001,3.236,1455.35251,60.0
2026-03-03 01:29:00+00:00,DMU50_001,3.659,1455.41349,60.0
2026-03-03 01:30:00+00:00,DMU50_001,3.457,1455.47111,60.0
2026-03-03 01:31:00+00:00,DMU50_001,4.608,1455.54791,60.0
2026-03-03 01:32:00+00:00,DMU50_001,4.095,1455.61616,60.0
2026-03-03 01:33:00+00:00,DMU50_001,9.338,1455.77179,60.0
2026-03-03 01:34:00+00:00,DMU50_001,9.433,1455.92901,60.0
2026-03-03 01:35:00+00:00,DMU50_001,8.791,1456.07553,60.0
2026-03-03 01:36:00+00:00,DMU50_001,8.703,1456.22058,60.0
2026-03-03 01:37:00+00:00,DMU50_001,9.297,1456.37553,60.0
2026-03-03 01:38:00+00:00,DMU50_001,9.23,1456.52936,60.0
2026-03-03 01:39:00+00:00,DMU50_001,8.436,1456.66996,60.0
2026-03-03 01:40:00+00:00,DMU50_001,8.549,1456.81244,60.0
2026-03-03 01:41:00+00:00,DMU50_001,7.239,1456.93309,60.0
2026-03-03 01:42:00+00:00,DMU50_001,8.179,1457.06941,60.0
2026-03-03 01:43:00+00:00,DMU50_001,8.895,1457.21766,60.0
2026-03-03 01:44:00+00:00,DMU50_001,8.935,1457.36658,60.0
2026-03-03 01:45:00+00:00,DMU50_001,8.323,1457.5053,60.0
2026-03-03 01:46:00+00:00,DMU50_001,8.561,1457.64798,60.0
2026-03-03 01:47:00+00:00,DMU50_001,8.809,1457.7948,60.0
2026-03-03 01:48:00+00:00,DMU50_001,8.731,1457.94032,60.0
2026-03-03 01:49:00+00:00,DMU50_001,9.047,1458.0911,60.0
2026-03-03 01:50:00+00:00,DMU50_001,9.233,1458.24498,60.0
2026-03-03 01:51:00+00:00,DMU50_001,9.908,1458.41011,60.0
2026-03-03 01:52:00+00:00,DMU50_001,3.496,1458.46838,60.0
2026-03-03 01:53:00+00:00,DMU50_001,3.723,1458.53043,60.0
2026-03-03 01:54:00+00:00,DMU50_001,3.334,1458.586,60.0
2026-03-03 01:55:00+00:00,DMU50_001,3.165,1458.63875,60.0
2026-03-03 01:56:00+00:00,DMU50_001,3.43,1458.69592,60.0
2026-03-03 01:57:00+00:00,DMU50_001,3.88,1458.76059,60.0
2026-03-03 01:58:00+00:00,DMU50_001,4.203,1458.83064,60.0
2026-03-03 01:59:00+00:00,DMU50_001,4.044,1458.89804,60.0
2026-03-03 02:00:00+00:00,DMU50_001,3.809,1458.96152,60.0
2026-03-03 02:01:00+00:00,DMU50_001,3.847,1459.02564,60.0
2026-03-03 02:02:00+00:00,DMU50_001,3.392,1459.08217,60.0
2026-03-03 02:03:00+00:00,DMU50_001,3.872,1459.1467,60.0
2026-03-03 02:04:00+00:00,DMU50_001,4.38,1459.2197,60.0
2026-03-03 02:05:00+00:00,DMU50_001,4.054,1459.28727,60.0
2026-03-03 02:06:00+00:00,DMU50_001,4.418,1459.3609,60.0
2026-03-03 02:07:00+00:00,DMU50_001,14.633,1459.60478,60.0
2026-03-03 02:08:00+00:00,DMU50_001,14.73,1459.85028,60.0
2026-03-03 02:09:00+00:00,DMU50_001,15.172,1460.10315,60.0
2026-03-03 02:10:00+00:00,DMU50_001,15.297,1460.3581,60.0
2026-03-03 02:11:00+00:00,DMU50_001,15.384,1460.6145,60.0
2026-03-03 02:12:00+00:00,DMU50_001,14.955,1460.86375,60.0
2026-03-03 02:13:00+00:00,DMU50_001,9.211,1461.01727,60.0
2026-03-03 02:14:00+00:00,DMU50_001,9.298,1461.17224,60.0
2026-03-03 02:15:00+00:00,DMU50_001,9.08,1461.32357,60.0
2026-03-03 02:16:00+00:00,DMU50_001,8.943,1461.47262,60.0
2026-03-03 02:17:00+00:00,DMU50_001,8.422,1461.61299,60.0
2026-03-03 02:18:00+00:00,DMU50_001,8.18,1461.74932,60.0
2026-03-03 02:19:00+00:00,DMU50_001,15.021,1461.99967,60.0
2026-03-03 02:20:00+00:00,DMU50_001,14.793,1462.24622,60.0
2026-03-03 02:21:00+00:00,DMU50_001,15.639,1462.50687,60.0
2026-03-03 02:22:00+00:00,DMU50_001,14.286,1462.74497,60.0
2026-03-03 02:23:00+00:00,DMU50_001,15.822,1463.00867,60.0
2026-03-03 02:24:00+00:00,DMU50_001,14.989,1463.25849,60.0
2026-03-03 02:25:00+00:00,DMU50_001,15.159,1463.51114,60.0
2026-03-03 02:26:00+00:00,DMU50_001,14.802,1463.75784,60.0
2026-03-03 02:27:00+00:00,DMU50_001,3.867,1463.82229,60.0
2026-03-03 02:28:00+00:00,DMU50_001,4.172,1463.89182,60.0
2026-03-03 02:29:00+00:00,DMU50_001,15.167,1464.1446,60.0
2026-03-03 02:30:00+00:00,DMU50_001,15.338,1464.40023,60.0
2026-03-03 02:31:00+00:00,DMU50_001,14.901,1464.64858,60.0
2026-03-03 02:32:00+00:00,DMU50_001,13.904,1464.88031,60.0
2026-03-03 02:33:00+00:00,DMU50_001,14.229,1465.11746,60.0
2026-03-03 02:34:00+00:00,DMU50_001,16.026,1465.38456,60.0
2026-03-03 02:35:00+00:00,DMU50_001,8.563,1465.52728,60.0
2026-03-03 02:36:00+00:00,DMU50_001,9.571,1465.6868,60.0
2026-03-03 02:37:00+00:00,DMU50_001,8.626,1465.83057,60.0
2026-03-03 02:38:00+00:00,DMU50_001,4.164,1465.89997,60.0
2026-03-03 02:39:00+00:00,DMU50_001,4.325,1465.97205,60.0
2026-03-03 02:40:00+00:00,DMU50_001,14.59,1466.21522,60.0
2026-03-03 02:41:00+00:00,DMU50_001,15.796,1466.47849,60.0
2026-03-03 02:42:00+00:00,DMU50_001,15.038,1466.72912,60.0
2026-03-03 02:43:00+00:00,DMU50_001,15.23,1466.98295,60.0
2026-03-03 02:44:00+00:00,DMU50_001,14.866,1467.23072,60.0
2026-03-03 02:45:00+00:00,DMU50_001,15.329,1467.4862,60.0
2026-03-03 02:46:00+00:00,DMU50_001,15.789,1467.74935,60.0
2026-03-03 02:47:00+00:00,DMU50_001,14.934,1467.99825,60.0
2026-03-03 02:48:00+00:00,DMU50_001,15.865,1468.26267,60.0
2026-03-03 02:49:00+00:00,DMU50_001,8.755,1468.40859,60.0
2026-03-03 02:50:00+00:00,DMU50_001,9.306,1468.56369,60.0
2026-03-03 02:51:00+00:00,DMU50_001,9.196,1468.71696,60.0
2026-03-03 02:52:00+00:00,DMU50_001,3.286,1468.77173,60.0
2026-03-03 02:53:00+00:00,DMU50_001,3.543,1468.83078,60.0
2026-03-03 02:54:00+00:00,DMU50_001,3.501,1468.88913,60.0
2026-03-03 02:55:00+00:00,DMU50_001,3.329,1468.94461,60.0
2026-03-03 02:56:00+00:00,DMU50_001,3.572,1469.00414,60.0
2026-03-03 02:57:00+00:00,DMU50_001,15.073,1469.25536,60.0
2026-03-03 02:58:00+00:00,DMU50_001,14.964,1469.50476,60.0
2026-03-03 02:59:00+00:00,DMU50_001,14.966,1469.75419,60.0
2026-03-03 03:00:00+00:00,DMU50_001,14.955,1470.00344,60.0
2026-03-03 03:01:00+00:00,DMU50_001,14.816,1470.25037,60.0
2026-03-03 03:02:00+00:00,DMU50_001,15.07,1470.50154,60.0
2026-03-03 03:03:00+00:00,DMU50_001,14.678,1470.74617,60.0
2026-03-03 03:04:00+00:00,DMU50_001,10.063,1470.91389,60.0
2026-03-03 03:05:00+00:00,DMU50_001,8.436,1471.05449,60.0
2026-03-03 03:06:00+00:00,DMU50_001,8.766,1471.20059,60.0
2026-03-03 03:07:00+00:00,DMU50_001,8.798,1471.34722,60.0
2026-03-03 03:08:00+00:00,DMU50_001,9.816,1471.51082,60.0
2026-03-03 03:09:00+00:00,DMU50_001,8.472,1471.65202,60.0
2026-03-03 03:10:00+00:00,DMU50_001,9.17,1471.80485,60.0
2026-03-03 03:11:00+00:00,DMU50_001,8.075,1471.93943,60.0
2026-03-03 03:12:00+00:00,DMU50_001,3.567,1471.99888,60.0
2026-03-03 03:13:00+00:00,DMU50_001,3.747,1472.06133,60.0
2026-03-03 03:14:00+00:00,DMU50_001,3.743,1472.12371,60.0
2026-03-03 03:15:00+00:00,DMU50_001,14.775,1472.36996,60.0
2026-03-03 03:16:00+00:00,DMU50_001,15.097,1472.62158,60.0
2026-03-03 03:17:00+00:00,DMU50_001,14.068,1472.85605,60.0
2026-03-03 03:18:00+00:00,DMU50_001,15.05,1473.10688,60.0
2026-03-03 03:19:00+00:00,DMU50_001,14.603,1473.35026,60.0
2026-03-03 03:20:00+00:00,DMU50_001,14.907,1473.59871,60.0
2026-03-03 03:21:00+00:00,DMU50_001,14.157,1473.83466,60.0
2026-03-03 03:22:00+00:00,DMU50_001,15.202,1474.08803,60.0
2026-03-03 03:23:00+00:00,DMU50_001,14.152,1474.3239,60.0
2026-03-03 03:24:00+00:00,DMU50_001,9.059,1474.47488,60.0
2026-03-03 03:25:00+00:00,DMU50_001,8.509,1474.6167,60.0
2026-03-03 03:26:00+00:00,DMU50_001,8.66,1474.76103,60.0
2026-03-03 03:27:00+00:00,DMU50_001,9.462,1474.91873,60.0
2026-03-03 03:28:00+00:00,DMU50_001,9.235,1475.07265,60.0
2026-03-03 03:29:00+00:00,DMU50_001,4.43,1475.14648,60.0
2026-03-03 03:30:00+00:00,DMU50_001,4.512,1475.22168,60.0
2026-03-03 03:31:00+00:00,DMU50_001,7.768,1475.35115,60.0
2026-03-03 03:32:00+00:00,DMU50_001,15.749,1475.61363,60.0
2026-03-03 03:33:00+00:00,DMU50_001,14.267,1475.85141,60.0
2026-03-03 03:34:00+00:00,DMU50_001,15.373,1476.10763,60.0
2026-03-03 03:35:00+00:00,DMU50_001,14.753,1476.35351,60.0
2026-03-03 03:36:00+00:00,DMU50_001,14.535,1476.59576,60.0
2026-03-03 03:37:00+00:00,DMU50_001,15.307,1476.85088,60.0
2026-03-03 03:38:00+00:00,DMU50_001,15.472,1477.10875,60.0
2026-03-03 03:39:00+00:00,DMU50_001,9.366,1477.26485,60.0
2026-03-03 03:40:00+00:00,DMU50_001,9.086,1477.41628,60.0
2026-03-03 03:41:00+00:00,DMU50_001,9.053,1477.56716,60.0
2026-03-03 03:42:00+00:00,DMU50_001,9.211,1477.72068,60.0
2026-03-03 03:43:00+00:00,DMU50_001,9.122,1477.87271,60.0
2026-03-03 03:44:00+00:00,DMU50_001,8.162,1478.00874,60.0
2026-03-03 03:45:00+00:00,DMU50_001,8.061,1478.14309,60.0
2026-03-03 03:46:00+00:00,DMU50_001,3.669,1478.20424,60.0
2026-03-03 03:47:00+00:00,DMU50_001,3.175,1478.25716,60.0
2026-03-03 03:48:00+00:00,DMU50_001,14.934,1478.50606,60.0
2026-03-03 03:49:00+00:00,DMU50_001,14.308,1478.74453,60.0
2026-03-03 03:50:00+00:00,DMU50_001,15.138,1478.99683,60.0
2026-03-03 03:51:00+00:00,DMU50_001,15.821,1479.26051,60.0
2026-03-03 03:52:00+00:00,DMU50_001,14.763,1479.50656,60.0
2026-03-03 03:53:00+00:00,DMU50_001,15.064,1479.75763,60.0
2026-03-03 03:54:00+00:00,DMU50_001,15.378,1480.01393,60.0
2026-03-03 03:55:00+00:00,DMU50_001,13.966,1480.2467,60.0
2026-03-03 03:56:00+00:00,DMU50_001,14.739,1480.49235,60.0
2026-03-03 03:57:00+00:00,DMU50_001,9.146,1480.64478,60.0
2026-03-03 03:58:00+00:00,DMU50_001,7.841,1480.77546,60.0
2026-03-03 03:59:00+00:00,DMU50_001,8.609,1480.91894,60.0
2026-03-03 04:00:00+00:00,DMU50_001,9.44,1481.07627,60.0
2026-03-03 04:01:00+00:00,DMU50_001,9.401,1481.23295,60.0
2026-03-03 04:02:00+00:00,DMU50_001,8.112,1481.36815,60.0
2026-03-03 04:03:00+00:00,DMU50_001,15.441,1481.6255,60.0
2026-03-03 04:04:00+00:00,DMU50_001,15.108,1481.8773,60.0
2026-03-03 04:05:00+00:00,DMU50_001,15.278,1482.13193,60.0
2026-03-03 04:06:00+00:00,DMU50_001,14.842,1482.3793,60.0
2026-03-03 04:07:00+00:00,DMU50_001,15.058,1482.63027,60.0
2026-03-03 04:08:00+00:00,DMU50_001,14.684,1482.875,60.0
2026-03-03 04:09:00+00:00,DMU50_001,15.632,1483.13553,60.0
2026-03-03 04:10:00+00:00,DMU50_001,9.609,1483.29568,60.0
2026-03-03 04:11:00+00:00,DMU50_001,9.552,1483.45488,60.0
2026-03-03 04:12:00+00:00,DMU50_001,8.837,1483.60216,60.0
2026-03-03 04:13:00+00:00,DMU50_001,8.618,1483.74579,60.0
2026-03-03 04:14:00+00:00,DMU50_001,9.511,1483.90431,60.0
2026-03-03 04:15:00+00:00,DMU50_001,9.218,1484.05794,60.0
2026-03-03 04:16:00+00:00,DMU50_001,9.131,1484.21012,60.0
2026-03-03 04:17:00+00:00,DMU50_001,7.81,1484.34029,60.0
2026-03-03 04:18:00+00:00,DMU50_001,8.128,1484.47576,60.0
2026-03-03 04:19:00+00:00,DMU50_001,3.983,1484.54214,60.0
2026-03-03 04:20:00+00:00,DMU50_001,4.327,1484.61426,60.0
2026-03-03 04:21:00+00:00,DMU50_001,4.476,1484.68886,60.0
2026-03-03 04:22:00+00:00,DMU50_001,15.816,1484.95246,60.0
2026-03-03 04:23:00+00:00,DMU50_001,15.354,1485.20836,60.0
2026-03-03 04:24:00+00:00,DMU50_001,14.309,1485.44684,60.0
2026-03-03 04:25:00+00:00,DMU50_001,15.099,1485.69849,60.0
2026-03-03 04:26:00+00:00,DMU50_001,16.07,1485.96632,60.0
2026-03-03 04:27:00+00:00,DMU50_001,14.566,1486.20909,60.0
2026-03-03 04:28:00+00:00,DMU50_001,14.97,1486.45859,60.0
2026-03-03 04:29:00+00:00,DMU50_001,15.707,1486.72037,60.0
2026-03-03 04:30:00+00:00,DMU50_001,15.309,1486.97552,60.0
2026-03-03 04:31:00+00:00,DMU50_001,8.744,1487.12125,60.0
2026-03-03 04:32:00+00:00,DMU50_001,4.053,1487.1888,60.0
2026-03-03 04:33:00+00:00,DMU50_001,4.002,1487.2555,60.0
2026-03-03 04:34:00+00:00,DMU50_001,15.612,1487.5157,60.0
2026-03-03 04:35:00+00:00,DMU50_001,14.402,1487.75573,60.0
2026-03-03 04:36:00+00:00,DMU50_001,14.902,1488.0041,60.0
2026-03-03 04:37:00+00:00,DMU50_001,14.967,1488.25355,60.0
2026-03-03 04:38:00+00:00,DMU50_001,15.518,1488.51218,60.0
2026-03-03 04:39:00+00:00,DMU50_001,15.307,1488.7673,60.0
2026-03-03 04:40:00+00:00,DMU50_001,15.229,1489.02112,60.0
2026-03-03 04:41:00+00:00,DMU50_001,8.839,1489.16844,60.0
2026-03-03 04:42:00+00:00,DMU50_001,9.486,1489.32654,60.0
2026-03-03 04:43:00+00:00,DMU50_001,10.61,1489.50337,60.0
2026-03-03 04:44:00+00:00,DMU50_001,4.338,1489.57567,60.0
2026-03-03 04:45:00+00:00,DMU50_001,4.22,1489.646,60.0
2026-03-03 04:46:00+00:00,DMU50_001,3.94,1489.71167,60.0
2026-03-03 04:47:00+00:00,DMU50_001,4.073,1489.77955,60.0
2026-03-03 04:48:00+00:00,DMU50_001,8.915,1489.92813,60.0
2026-03-03 04:49:00+00:00,DMU50_001,8.786,1490.07456,60.0
2026-03-03 04:50:00+00:00,DMU50_001,8.994,1490.22446,60.0
2026-03-03 04:51:00+00:00,DMU50_001,9.711,1490.38631,60.0
2026-03-03 04:52:00+00:00,DMU50_001,9.499,1490.54463,60.0
2026-03-03 04:53:00+00:00,DMU50_001,8.936,1490.69356,60.0
2026-03-03 04:54:00+00:00,DMU50_001,3.958,1490.75953,60.0
2026-03-03 04:55:00+00:00,DMU50_001,4.467,1490.83398,60.0
2026-03-03 04:56:00+00:00,DMU50_001,7.985,1490.96706,60.0
2026-03-03 04:57:00+00:00,DMU50_001,3.855,1491.03131,60.0
2026-03-03 04:58:00+00:00,DMU50_001,4.342,1491.10368,60.0
2026-03-03 04:59:00+00:00,DMU50_001,4.405,1491.1771,60.0
2026-03-03 05:00:00+00:00,DMU50_001,8.03,1491.31093,60.0
2026-03-03 05:01:00+00:00,DMU50_001,8.67,1491.45543,60.0
2026-03-03 05:02:00+00:00,DMU50_001,8.956,1491.6047,60.0
2026-03-03 05:03:00+00:00,DMU50_001,9.294,1491.7596,60.0
2026-03-03 05:04:00+00:00,DMU50_001,8.794,1491.90617,60.0
2026-03-03 05:05:00+00:00,DMU50_001,8.667,1492.05062,60.0
2026-03-03 05:06:00+00:00,DMU50_001,9.291,1492.20547,60.0
2026-03-03 05:07:00+00:00,DMU50_001,4.106,1492.2739,60.0
2026-03-03 05:08:00+00:00,DMU50_001,4.308,1492.3457,60.0
2026-03-03 05:09:00+00:00,DMU50_001,14.444,1492.58643,60.0
2026-03-03 05:10:00+00:00,DMU50_001,14.324,1492.82516,60.0
2026-03-03 05:11:00+00:00,DMU50_001,15.378,1493.08146,60.0
2026-03-03 05:12:00+00:00,DMU50_001,15.126,1493.33356,60.0
2026-03-03 05:13:00+00:00,DMU50_001,15.461,1493.59124,60.0
2026-03-03 05:14:00+00:00,DMU50_001,14.734,1493.83681,60.0
2026-03-03 05:15:00+00:00,DMU50_001,14.602,1494.08018,60.0
2026-03-03 05:16:00+00:00,DMU50_001,9.544,1494.23925,60.0
2026-03-03 05:17:00+00:00,DMU50_001,8.391,1494.3791,60.0
2026-03-03 05:18:00+00:00,DMU50_001,9.501,1494.53745,60.0
2026-03-03 05:19:00+00:00,DMU50_001,9.528,1494.69625,60.0
2026-03-03 05:20:00+00:00,DMU50_001,9.344,1494.85198,60.0
2026-03-03 05:21:00+00:00,DMU50_001,8.725,1494.9974,60.0
2026-03-03 05:22:00+00:00,DMU50_001,4.037,1495.06468,60.0
2026-03-03 05:23:00+00:00,DMU50_001,4.158,1495.13398,60.0
2026-03-03 05:24:00+00:00,DMU50_001,8.482,1495.27535,60.0
2026-03-03 05:25:00+00:00,DMU50_001,8.615,1495.41893,60.0
2026-03-03 05:26:00+00:00,DMU50_001,9.258,1495.57323,60.0
2026-03-03 05:27:00+00:00,DMU50_001,9.26,1495.72756,60.0
2026-03-03 05:28:00+00:00,DMU50_001,8.58,1495.87056,60.0
2026-03-03 05:29:00+00:00,DMU50_001,9.27,1496.02506,60.0
2026-03-03 05:30:00+00:00,DMU50_001,8.136,1496.16066,60.0
2026-03-03 05:31:00+00:00,DMU50_001,8.453,1496.30154,60.0
2026-03-03 05:32:00+00:00,DMU50_001,4.314,1496.37344,60.0
2026-03-03 05:33:00+00:00,DMU50_001,4.412,1496.44697,60.0
2026-03-03 05:34:00+00:00,DMU50_001,15.239,1496.70095,60.0
2026-03-03 05:35:00+00:00,DMU50_001,15.49,1496.95912,60.0
2026-03-03 05:36:00+00:00,DMU50_001,14.356,1497.19839,60.0
2026-03-03 05:37:00+00:00,DMU50_001,14.939,1497.44737,60.0
2026-03-03 05:38:00+00:00,DMU50_001,14.981,1497.69705,60.0
2026-03-03 05:39:00+00:00,DMU50_001,14.878,1497.94502,60.0
2026-03-03 05:40:00+00:00,DMU50_001,15.222,1498.19872,60.0
2026-03-03 05:41:00+00:00,DMU50_001,15.317,1498.454,60.0
2026-03-03 05:42:00+00:00,DMU50_001,15.196,1498.70727,60.0
2026-03-03 05:43:00+00:00,DMU50_001,14.912,1498.9558,60.0
2026-03-03 05:44:00+00:00,DMU50_001,4.053,1499.02335,60.0
2026-03-03 05:45:00+00:00,DMU50_001,4.419,1499.097,60.0
2026-03-03 05:46:00+00:00,DMU50_001,4.27,1499.16817,60.0
2026-03-03 05:47:00+00:00,DMU50_001,3.996,1499.23477,60.0
2026-03-03 05:48:00+00:00,DMU50_001,14.903,1499.48315,60.0
2026-03-03 05:49:00+00:00,DMU50_001,14.128,1499.71862,60.0
2026-03-03 05:50:00+00:00,DMU50_001,15.018,1499.96892,60.0
2026-03-03 05:51:00+00:00,DMU50_001,14.901,1500.21727,60.0
2026-03-03 05:52:00+00:00,DMU50_001,14.713,1500.46249,60.0
2026-03-03 05:53:00+00:00,DMU50_001,15.792,1500.72569,60.0
2026-03-03 05:54:00+00:00,DMU50_001,14.422,1500.96606,60.0
2026-03-03 05:55:00+00:00,DMU50_001,15.353,1501.22194,60.0
2026-03-03 05:56:00+00:00,DMU50_001,16.093,1501.49016,60.0
2026-03-03 05:57:00+00:00,DMU50_001,9.431,1501.64734,60.0
2026-03-03 05:58:00+00:00,DMU50_001,8.987,1501.79712,60.0
2026-03-03 05:59:00+00:00,DMU50_001,8.546,1501.93955,60.0
2026-03-03 06:00:00+00:00,DMU50_001,3.928,1502.00502,60.0
2026-03-03 06:01:00+00:00,DMU50_001,4.118,1502.07365,60.0
2026-03-03 06:02:00+00:00,DMU50_001,14.656,1502.31792,60.0
2026-03-03 06:03:00+00:00,DMU50_001,14.64,1502.56192,60.0
2026-03-03 06:04:00+00:00,DMU50_001,14.837,1502.8092,60.0
2026-03-03 06:05:00+00:00,DMU50_001,14.949,1503.05835,60.0
2026-03-03 06:06:00+00:00,DMU50_001,15.243,1503.3124,60.0
2026-03-03 06:07:00+00:00,DMU50_001,14.381,1503.55208,60.0
2026-03-03 06:08:00+00:00,DMU50_001,14.659,1503.7964,60.0
2026-03-03 06:09:00+00:00,DMU50_001,14.92,1504.04507,60.0
2026-03-03 06:10:00+00:00,DMU50_001,14.902,1504.29344,60.0
2026-03-03 06:11:00+00:00,DMU50_001,9.735,1504.45569,60.0
2026-03-03 06:12:00+00:00,DMU50_001,9.093,1504.60724,60.0
2026-03-03 06:13:00+00:00,DMU50_001,8.355,1504.74649,60.0
2026-03-03 06:14:00+00:00,DMU50_001,8.125,1504.88191,60.0
2026-03-03 06:15:00+00:00,DMU50_001,8.164,1505.01798,60.0
2026-03-03 06:16:00+00:00,DMU50_001,14.937,1505.26693,60.0
2026-03-03 06:17:00+00:00,DMU50_001,14.393,1505.50681,60.0
2026-03-03 06:18:00+00:00,DMU50_001,15.879,1505.77146,60.0
2026-03-03 06:19:00+00:00,DMU50_001,14.465,1506.01254,60.0
2026-03-03 06:20:00+00:00,DMU50_001,15.33,1506.26804,60.0
2026-03-03 06:21:00+00:00,DMU50_001,15.1,1506.51971,60.0
2026-03-03 06:22:00+00:00,DMU50_001,15.3,1506.77471,60.0
2026-03-03 06:23:00+00:00,DMU50_001,15.853,1507.03893,60.0
2026-03-03 06:24:00+00:00,DMU50_001,15.281,1507.29361,60.0
2026-03-03 06:25:00+00:00,DMU50_001,8.777,1507.43989,60.0
2026-03-03 06:26:00+00:00,DMU50_001,9.442,1507.59726,60.0
2026-03-03 06:27:00+00:00,DMU50_001,8.748,1507.74306,60.0
2026-03-03 06:28:00+00:00,DMU50_001,9.065,1507.89414,60.0
2026-03-03 06:29:00+00:00,DMU50_001,8.483,1508.03552,60.0
2026-03-03 06:30:00+00:00,DMU50_001,3.993,1508.10207,60.0
2026-03-03 06:31:00+00:00,DMU50_001,4.21,1508.17224,60.0
2026-03-03 06:32:00+00:00,DMU50_001,4.274,1508.24347,60.0
2026-03-03 06:33:00+00:00,DMU50_001,3.16,1508.29614,60.0
2026-03-03 06:34:00+00:00,DMU50_001,3.599,1508.35612,60.0
2026-03-03 06:35:00+00:00,DMU50_001,3.336,1508.41172,60.0
2026-03-03 06:36:00+00:00,DMU50_001,3.756,1508.47432,60.0
2026-03-03 06:37:00+00:00,DMU50_001,3.43,1508.53149,60.0
2026-03-03 06:38:00+00:00,DMU50_001,14.438,1508.77212,60.0
2026-03-03 06:39:00+00:00,DMU50_001,15.038,1509.02275,60.0
2026-03-03 06:40:00+00:00,DMU50_001,14.542,1509.26512,60.0
2026-03-03 06:41:00+00:00,DMU50_001,15.634,1509.52569,60.0
2026-03-03 06:42:00+00:00,DMU50_001,15.0,1509.77569,60.0
2026-03-03 06:43:00+00:00,DMU50_001,14.924,1510.02442,60.0
2026-03-03 06:44:00+00:00,DMU50_001,15.296,1510.27935,60.0
2026-03-03 06:45:00+00:00,DMU50_001,14.498,1510.52098,60.0
2026-03-03 06:46:00+00:00,DMU50_001,14.355,1510.76023,60.0
2026-03-03 06:47:00+00:00,DMU50_001,15.204,1511.01363,60.0
2026-03-03 06:48:00+00:00,DMU50_001,8.56,1511.1563,60.0
2026-03-03 06:49:00+00:00,DMU50_001,8.56,1511.29897,60.0
2026-03-03 06:50:00+00:00,DMU50_001,9.335,1511.45455,60.0
2026-03-03 06:51:00+00:00,DMU50_001,8.158,1511.59052,60.0
2026-03-03 06:52:00+00:00,DMU50_001,7.624,1511.71759,60.0
2026-03-03 06:53:00+00:00,DMU50_001,8.752,1511.86346,60.0
2026-03-03 06:54:00+00:00,DMU50_001,8.639,1512.00744,60.0
2026-03-03 06:55:00+00:00,DMU50_001,9.711,1512.16929,60.0
2026-03-03 06:56:00+00:00,DMU50_001,9.362,1512.32532,60.0
2026-03-03 06:57:00+00:00,DMU50_001,8.832,1512.47252,60.0
2026-03-03 06:58:00+00:00,DMU50_001,9.23,1512.62635,60.0
2026-03-03 06:59:00+00:00,DMU50_001,8.458,1512.76732,60.0
2026-03-03 07:00:00+00:00,DMU50_001,8.731,1512.91284,60.0
2026-03-03 07:01:00+00:00,DMU50_001,4.221,1512.98319,60.0
2026-03-03 07:02:00+00:00,DMU50_001,4.29,1513.05469,60.0
2026-03-03 07:03:00+00:00,DMU50_001,4.181,1513.12437,60.0
2026-03-03 07:04:00+00:00,DMU50_001,15.124,1513.37644,60.0
2026-03-03 07:05:00+00:00,DMU50_001,15.039,1513.62709,60.0
2026-03-03 07:06:00+00:00,DMU50_001,14.918,1513.87572,60.0
2026-03-03 07:07:00+00:00,DMU50_001,14.852,1514.12325,60.0
2026-03-03 07:08:00+00:00,DMU50_001,14.787,1514.3697,60.0
2026-03-03 07:09:00+00:00,DMU50_001,15.116,1514.62163,60.0
2026-03-03 07:10:00+00:00,DMU50_001,15.205,1514.87505,60.0
2026-03-03 07:11:00+00:00,DMU50_001,15.099,1515.1267,60.0
2026-03-03 07:12:00+00:00,DMU50_001,8.529,1515.26885,60.0
2026-03-03 07:13:00+00:00,DMU50_001,8.6,1515.41218,60.0
2026-03-03 07:14:00+00:00,DMU50_001,9.16,1515.56485,60.0
2026-03-03 07:15:00+00:00,DMU50_001,9.589,1515.72467,60.0
2026-03-03 07:16:00+00:00,DMU50_001,8.046,1515.85877,60.0
2026-03-03 07:17:00+00:00,DMU50_001,14.794,1516.10534,60.0
2026-03-03 07:18:00+00:00,DMU50_001,15.112,1516.35721,60.0
2026-03-03 07:19:00+00:00,DMU50_001,14.432,1516.59774,60.0
2026-03-03 07:20:00+00:00,DMU50_001,15.654,1516.85864,60.0
2026-03-03 07:21:00+00:00,DMU50_001,15.093,1517.11019,60.0
2026-03-03 07:22:00+00:00,DMU50_001,14.665,1517.35461,60.0
2026-03-03 07:23:00+00:00,DMU50_001,14.917,1517.60323,60.0
2026-03-03 07:24:00+00:00,DMU50_001,8.789,1517.74971,60.0
2026-03-03 07:25:00+00:00,DMU50_001,9.525,1517.90846,60.0
2026-03-03 07:26:00+00:00,DMU50_001,8.919,1518.05711,60.0
2026-03-03 07:27:00+00:00,DMU50_001,4.231,1518.12763,60.0
2026-03-03 07:28:00+00:00,DMU50_001,4.315,1518.19955,60.0
2026-03-03 07:29:00+00:00,DMU50_001,14.63,1518.44338,60.0
2026-03-03 07:30:00+00:00,DMU50_001,15.097,1518.695,60.0
2026-03-03 07:31:00+00:00,DMU50_001,15.137,1518.94728,60.0
2026-03-03 07:32:00+00:00,DMU50_001,14.223,1519.18433,60.0
2026-03-03 07:33:00+00:00,DMU50_001,15.126,1519.43643,60.0
2026-03-03 07:34:00+00:00,DMU50_001,14.977,1519.68605,60.0
2026-03-03 07:35:00+00:00,DMU50_001,15.065,1519.93713,60.0
2026-03-03 07:36:00+00:00,DMU50_001,15.018,1520.18743,60.0
2026-03-03 07:37:00+00:00,DMU50_001,9.104,1520.33916,60.0
2026-03-03 07:38:00+00:00,DMU50_001,9.535,1520.49808,60.0
2026-03-03 07:39:00+00:00,DMU50_001,8.528,1520.64021,60.0
2026-03-03 07:40:00+00:00,DMU50_001,8.863,1520.78793,60.0
2026-03-03 07:41:00+00:00,DMU50_001,9.267,1520.94238,60.0
2026-03-03 07:42:00+00:00,DMU50_001,8.144,1521.07811,60.0
2026-03-03 07:43:00+00:00,DMU50_001,8.138,1521.21374,60.0
2026-03-03 07:44:00+00:00,DMU50_001,10.101,1521.38209,60.0
2026-03-03 07:45:00+00:00,DMU50_001,9.246,1521.53619,60.0
2026-03-03 07:46:00+00:00,DMU50_001,9.452,1521.69372,60.0
2026-03-03 07:47:00+00:00,DMU50_001,8.877,1521.84167,60.0
2026-03-03 07:48:00+00:00,DMU50_001,8.603,1521.98505,60.0
2026-03-03 07:49:00+00:00,DMU50_001,8.874,1522.13295,60.0
2026-03-03 07:50:00+00:00,DMU50_001,4.342,1522.20532,60.0
2026-03-03 07:51:00+00:00,DMU50_001,4.281,1522.27667,60.0
2026-03-03 07:52:00+00:00,DMU50_001,4.281,1522.34802,60.0
2026-03-03 07:53:00+00:00,DMU50_001,4.157,1522.4173,60.0
2026-03-03 07:54:00+00:00,DMU50_001,14.813,1522.66418,60.0
2026-03-03 07:55:00+00:00,DMU50_001,14.91,1522.91268,60.0
2026-03-03 07:56:00+00:00,DMU50_001,15.362,1523.16871,60.0
2026-03-03 07:57:00+00:00,DMU50_001,15.42,1523.42571,60.0
2026-03-03 07:58:00+00:00,DMU50_001,14.497,1523.66733,60.0
2026-03-03 07:59:00+00:00,DMU50_001,15.381,1523.92368,60.0
2026-03-03 08:00:00+00:00,DMU50_001,14.675,1524.16826,60.0
2026-03-03 08:01:00+00:00,DMU50_001,15.234,1524.42216,60.0
2026-03-03 08:02:00+00:00,DMU50_001,8.923,1524.57088,60.0
2026-03-03 08:03:00+00:00,DMU50_001,9.626,1524.73131,60.0
2026-03-03 08:04:00+00:00,DMU50_001,8.833,1524.87853,60.0
2026-03-03 08:05:00+00:00,DMU50_001,4.236,1524.94913,60.0
2026-03-03 08:06:00+00:00,DMU50_001,4.321,1525.02115,60.0
2026-03-03 08:07:00+00:00,DMU50_001,14.563,1525.26387,60.0
2026-03-03 08:08:00+00:00,DMU50_001,14.964,1525.51327,60.0
2026-03-03 08:09:00+00:00,DMU50_001,14.867,1525.76105,60.0
2026-03-03 08:10:00+00:00,DMU50_001,14.743,1526.00677,60.0
2026-03-03 08:11:00+00:00,DMU50_001,14.78,1526.2531,60.0
2026-03-03 08:12:00+00:00,DMU50_001,15.556,1526.51237,60.0
2026-03-03 08:13:00+00:00,DMU50_001,14.701,1526.75739,60.0
2026-03-03 08:14:00+00:00,DMU50_001,15.283,1527.01211,60.0
2026-03-03 08:15:00+00:00,DMU50_001,15.157,1527.26473,60.0
2026-03-03 08:16:00+00:00,DMU50_001,8.441,1527.40541,60.0
2026-03-03 08:17:00+00:00,DMU50_001,3.604,1527.46548,60.0
2026-03-03 08:18:00+00:00,DMU50_001,3.217,1527.5191,60.0
2026-03-03 08:19:00+00:00,DMU50_001,3.626,1527.57953,60.0
2026-03-03 08:20:00+00:00,DMU50_001,8.797,1527.72615,60.0
2026-03-03 08:21:00+00:00,DMU50_001,9.003,1527.8762,60.0
2026-03-03 08:22:00+00:00,DMU50_001,8.482,1528.01757,60.0
2026-03-03 08:23:00+00:00,DMU50_001,9.049,1528.16839,60.0
2026-03-03 08:24:00+00:00,DMU50_001,9.371,1528.32457,60.0
2026-03-03 08:25:00+00:00,DMU50_001,8.677,1528.46919,60.0
2026-03-03 08:26:00+00:00,DMU50_001,7.818,1528.59949,60.0
2026-03-03 08:27:00+00:00,DMU50_001,9.182,1528.75252,60.0
2026-03-03 08:28:00+00:00,DMU50_001,9.192,1528.90572,60.0
2026-03-03 08:29:00+00:00,DMU50_001,8.026,1529.03949,60.0
2026-03-03 08:30:00+00:00,DMU50_001,9.806,1529.20292,60.0
2026-03-03 08:31:00+00:00,DMU50_001,9.211,1529.35644,60.0
2026-03-03 08:32:00+00:00,DMU50_001,9.279,1529.51109,60.0
2026-03-03 08:33:00+00:00,DMU50_001,8.943,1529.66014,60.0
2026-03-03 08:34:00+00:00,DMU50_001,3.829,1529.72396,60.0
2026-03-03 08:35:00+00:00,DMU50_001,4.335,1529.79621,60.0
2026-03-03 08:36:00+00:00,DMU50_001,8.774,1529.94244,60.0
2026-03-03 08:37:00+00:00,DMU50_001,9.218,1530.09607,60.0
2026-03-03 08:38:00+00:00,DMU50_001,8.912,1530.2446,60.0
2026-03-03 08:39:00+00:00,DMU50_001,9.095,1530.39618,60.0
2026-03-03 08:40:00+00:00,DMU50_001,8.69,1530.54101,60.0
2026-03-03 08:41:00+00:00,DMU50_001,9.346,1530.69678,60.0
2026-03-03 08:42:00+00:00,DMU50_001,8.525,1530.83886,60.0
2026-03-03 08:43:00+00:00,DMU50_001,9.898,1531.00383,60.0
2026-03-03 08:44:00+00:00,DMU50_001,8.671,1531.14835,60.0
2026-03-03 08:45:00+00:00,DMU50_001,4.527,1531.2238,60.0
2026-03-03 08:46:00+00:00,DMU50_001,4.455,1531.29805,60.0
2026-03-03 08:47:00+00:00,DMU50_001,3.483,1531.3561,60.0
2026-03-03 08:48:00+00:00,DMU50_001,3.733,1531.41832,60.0
2026-03-03 08:49:00+00:00,DMU50_001,3.481,1531.47634,60.0
2026-03-03 08:50:00+00:00,DMU50_001,3.189,1531.52949,60.0
2026-03-03 08:51:00+00:00,DMU50_001,15.752,1531.79202,60.0
2026-03-03 08:52:00+00:00,DMU50_001,15.564,1532.05142,60.0
2026-03-03 08:53:00+00:00,DMU50_001,14.984,1532.30115,60.0
2026-03-03 08:54:00+00:00,DMU50_001,14.387,1532.54093,60.0
2026-03-03 08:55:00+00:00,DMU50_001,14.707,1532.78605,60.0
2026-03-03 08:56:00+00:00,DMU50_001,14.089,1533.02087,60.0
2026-03-03 08:57:00+00:00,DMU50_001,8.284,1533.15894,60.0
2026-03-03 08:58:00+00:00,DMU50_001,3.879,1533.22359,60.0
2026-03-03 08:59:00+00:00,DMU50_001,4.257,1533.29454,60.0
2026-03-03 09:00:00+00:00,DMU50_001,8.663,1533.43892,60.0
2026-03-03 09:01:00+00:00,DMU50_001,8.429,1533.5794,60.0
2026-03-03 09:02:00+00:00,DMU50_001,9.095,1533.73098,60.0
2026-03-03 09:03:00+00:00,DMU50_001,8.866,1533.87875,60.0
2026-03-03 09:04:00+00:00,DMU50_001,9.335,1534.03433,60.0
2026-03-03 09:05:00+00:00,DMU50_001,8.493,1534.17588,60.0
2026-03-03 09:06:00+00:00,DMU50_001,8.697,1534.32083,60.0
2026-03-03 09:07:00+00:00,DMU50_001,3.022,1534.3712,60.0
2026-03-03 09:08:00+00:00,DMU50_001,3.063,1534.42225,60.0
2026-03-03 09:09:00+00:00,DMU50_001,3.86,1534.48658,60.0
2026-03-03 09:10:00+00:00,DMU50_001,3.917,1534.55186,60.0
2026-03-03 09:11:00+00:00,DMU50_001,3.519,1534.61051,60.0
2026-03-03 09:12:00+00:00,DMU50_001,14.588,1534.85364,60.0
2026-03-03 09:13:00+00:00,DMU50_001,14.851,1535.10116,60.0
2026-03-03 09:14:00+00:00,DMU50_001,15.437,1535.35844,60.0
2026-03-03 09:15:00+00:00,DMU50_001,14.743,1535.60416,60.0
2026-03-03 09:16:00+00:00,DMU50_001,15.119,1535.85614,60.0
2026-03-03 09:17:00+00:00,DMU50_001,14.994,1536.10604,60.0
2026-03-03 09:18:00+00:00,DMU50_001,14.716,1536.35131,60.0
2026-03-03 09:19:00+00:00,DMU50_001,14.737,1536.59693,60.0
2026-03-03 09:20:00+00:00,DMU50_001,15.147,1536.84938,60.0
2026-03-03 09:21:00+00:00,DMU50_001,8.609,1536.99286,60.0
2026-03-03 09:22:00+00:00,DMU50_001,9.181,1537.14588,60.0
2026-03-03 09:23:00+00:00,DMU50_001,8.811,1537.29273,60.0
2026-03-03 09:24:00+00:00,DMU50_001,9.051,1537.44358,60.0
2026-03-03 09:25:00+00:00,DMU50_001,9.554,1537.60281,60.0
2026-03-03 09:26:00+00:00,DMU50_001,3.466,1537.66058,60.0
2026-03-03 09:27:00+00:00,DMU50_001,3.684,1537.72198,60.0
2026-03-03 09:28:00+00:00,DMU50_001,3.142,1537.77435,60.0
2026-03-03 09:29:00+00:00,DMU50_001,3.406,1537.83112,60.0
2026-03-03 09:30:00+00:00,DMU50_001,3.506,1537.88955,60.0
2026-03-03 09:31:00+00:00,DMU50_001,15.962,1538.15558,60.0
2026-03-03 09:32:00+00:00,DMU50_001,14.02,1538.38925,60.0
2026-03-03 09:33:00+00:00,DMU50_001,14.952,1538.63845,60.0
2026-03-03 09:34:00+00:00,DMU50_001,15.728,1538.90058,60.0
2026-03-03 09:35:00+00:00,DMU50_001,14.607,1539.14403,60.0
2026-03-03 09:36:00+00:00,DMU50_001,14.894,1539.39226,60.0
2026-03-03 09:37:00+00:00,DMU50_001,15.166,1539.64503,60.0
2026-03-03 09:38:00+00:00,DMU50_001,15.092,1539.89656,60.0
2026-03-03 09:39:00+00:00,DMU50_001,9.626,1540.05699,60.0
2026-03-03 09:40:00+00:00,DMU50_001,9.179,1540.20997,60.0
2026-03-03 09:41:00+00:00,DMU50_001,3.766,1540.27274,60.0
2026-03-03 09:42:00+00:00,DMU50_001,3.428,1540.32987,60.0
2026-03-03 09:43:00+00:00,DMU50_001,3.352,1540.38574,60.0
2026-03-03 09:44:00+00:00,DMU50_001,14.887,1540.63386,60.0
2026-03-03 09:45:00+00:00,DMU50_001,14.42,1540.87419,60.0
2026-03-03 09:46:00+00:00,DMU50_001,15.242,1541.12822,60.0
2026-03-03 09:47:00+00:00,DMU50_001,14.807,1541.375,60.0
2026-03-03 09:48:00+00:00,DMU50_001,14.664,1541.6194,60.0
2026-03-03 09:49:00+00:00,DMU50_001,15.249,1541.87355,60.0
2026-03-03 09:50:00+00:00,DMU50_001,14.428,1542.11402,60.0
2026-03-03 09:51:00+00:00,DMU50_001,15.385,1542.37044,60.0
2026-03-03 09:52:00+00:00,DMU50_001,14.761,1542.61646,60.0
2026-03-03 09:53:00+00:00,DMU50_001,15.58,1542.87613,60.0
2026-03-03 09:54:00+00:00,DMU50_001,8.843,1543.02351,60.0
2026-03-03 09:55:00+00:00,DMU50_001,9.253,1543.17773,60.0
2026-03-03 09:56:00+00:00,DMU50_001,9.072,1543.32893,60.0
2026-03-03 09:57:00+00:00,DMU50_001,4.349,1543.40141,60.0
2026-03-03 09:58:00+00:00,DMU50_001,4.222,1543.47178,60.0
2026-03-03 09:59:00+00:00,DMU50_001,3.867,1543.53623,60.0
2026-03-03 10:00:00+00:00,DMU50_001,15.504,1543.79463,60.0
2026-03-03 10:01:00+00:00,DMU50_001,14.956,1544.0439,60.0
2026-03-03 10:02:00+00:00,DMU50_001,15.395,1544.30048,60.0
2026-03-03 10:03:00+00:00,DMU50_001,15.345,1544.55623,60.0
2026-03-03 10:04:00+00:00,DMU50_001,14.613,1544.79978,60.0
2026-03-03 10:05:00+00:00,DMU50_001,14.543,1545.04216,60.0
2026-03-03 10:06:00+00:00,DMU50_001,15.328,1545.29763,60.0
2026-03-03 10:07:00+00:00,DMU50_001,14.848,1545.5451,60.0
2026-03-03 10:08:00+00:00,DMU50_001,15.468,1545.8029,60.0
2026-03-03 10:09:00+00:00,DMU50_001,8.929,1545.95172,60.0
2026-03-03 10:10:00+00:00,DMU50_001,9.409,1546.10854,60.0
2026-03-03 10:11:00+00:00,DMU50_001,8.127,1546.24399,60.0
2026-03-03 10:12:00+00:00,DMU50_001,3.558,1546.30329,60.0
2026-03-03 10:13:00+00:00,DMU50_001,3.425,1546.36037,60.0
2026-03-03 10:14:00+00:00,DMU50_001,3.546,1546.41947,60.0
2026-03-03 10:15:00+00:00,DMU50_001,3.739,1546.48179,60.0
2026-03-03 10:16:00+00:00,DMU50_001,3.489,1546.53994,60.0
2026-03-03 10:17:00+00:00,DMU50_001,15.266,1546.79437,60.0
2026-03-03 10:18:00+00:00,DMU50_001,15.023,1547.04475,60.0
2026-03-03 10:19:00+00:00,DMU50_001,15.062,1547.29578,60.0
2026-03-03 10:20:00+00:00,DMU50_001,15.862,1547.56015,60.0
2026-03-03 10:21:00+00:00,DMU50_001,15.601,1547.82017,60.0
2026-03-03 10:22:00+00:00,DMU50_001,15.04,1548.07084,60.0
2026-03-03 10:23:00+00:00,DMU50_001,15.107,1548.32262,60.0
2026-03-03 10:24:00+00:00,DMU50_001,14.649,1548.56677,60.0
2026-03-03 10:25:00+00:00,DMU50_001,14.914,1548.81534,60.0
2026-03-03 10:26:00+00:00,DMU50_001,15.155,1549.06792,60.0
2026-03-03 10:27:00+00:00,DMU50_001,9.34,1549.22359,60.0
2026-03-03 10:28:00+00:00,DMU50_001,9.3,1549.37859,60.0
2026-03-03 10:29:00+00:00,DMU50_001,8.556,1549.52119,60.0
2026-03-03 10:30:00+00:00,DMU50_001,9.391,1549.67771,60.0
2026-03-03 10:31:00+00:00,DMU50_001,7.973,1549.81059,60.0
2026-03-03 10:32:00+00:00,DMU50_001,14.507,1550.05237,60.0
2026-03-03 10:33:00+00:00,DMU50_001,15.668,1550.3135,60.0
2026-03-03 10:34:00+00:00,DMU50_001,15.732,1550.5757,60.0
2026-03-03 10:35:00+00:00,DMU50_001,15.132,1550.8279,60.0
2026-03-03 10:36:00+00:00,DMU50_001,15.354,1551.0838,60.0
2026-03-03 10:37:00+00:00,DMU50_001,15.384,1551.3402,60.0
2026-03-03 10:38:00+00:00,DMU50_001,15.698,1551.60183,60.0
2026-03-03 10:39:00+00:00,DMU50_001,15.364,1551.8579,60.0
2026-03-03 10:40:00+00:00,DMU50_001,14.336,1552.09683,60.0
2026-03-03 10:41:00+00:00,DMU50_001,9.804,1552.26023,60.0
2026-03-03 10:42:00+00:00,DMU50_001,8.32,1552.3989,60.0
2026-03-03 10:43:00+00:00,DMU50_001,7.847,1552.52968,60.0
2026-03-03 10:44:00+00:00,DMU50_001,8.588,1552.67281,60.0
2026-03-03 10:45:00+00:00,DMU50_001,9.202,1552.82618,60.0
2026-03-03 10:46:00+00:00,DMU50_001,8.889,1552.97433,60.0
2026-03-03 10:47:00+00:00,DMU50_001,9.132,1553.12653,60.0
2026-03-03 10:48:00+00:00,DMU50_001,9.297,1553.28148,60.0
2026-03-03 10:49:00+00:00,DMU50_001,8.773,1553.4277,60.0
2026-03-03 10:50:00+00:00,DMU50_001,8.554,1553.57027,60.0
2026-03-03 10:51:00+00:00,DMU50_001,9.154,1553.72284,60.0
2026-03-03 10:52:00+00:00,DMU50_001,8.787,1553.86929,60.0
2026-03-03 10:53:00+00:00,DMU50_001,4.229,1553.93977,60.0
2026-03-03 10:54:00+00:00,DMU50_001,3.931,1554.00529,60.0
2026-03-03 10:55:00+00:00,DMU50_001,4.15,1554.07446,60.0
2026-03-03 10:56:00+00:00,DMU50_001,3.643,1554.13518,60.0
2026-03-03 10:57:00+00:00,DMU50_001,3.621,1554.19553,60.0
2026-03-03 10:58:00+00:00,DMU50_001,3.342,1554.25123,60.0
2026-03-03 10:59:00+00:00,DMU50_001,8.533,1554.39345,60.0
2026-03-03 11:00:00+00:00,DMU50_001,9.006,1554.54355,60.0
2026-03-03 11:01:00+00:00,DMU50_001,9.224,1554.69728,60.0
2026-03-03 11:02:00+00:00,DMU50_001,9.162,1554.84998,60.0
2026-03-03 11:03:00+00:00,DMU50_001,8.795,1554.99656,60.0
2026-03-03 11:04:00+00:00,DMU50_001,9.119,1555.14854,60.0
2026-03-03 11:05:00+00:00,DMU50_001,3.8,1555.21187,60.0
2026-03-03 11:06:00+00:00,DMU50_001,3.541,1555.27089,60.0
2026-03-03 11:07:00+00:00,DMU50_001,3.173,1555.32377,60.0
2026-03-03 11:08:00+00:00,DMU50_001,3.541,1555.38279,60.0
2026-03-03 11:09:00+00:00,DMU50_001,9.818,1555.54642,60.0
2026-03-03 11:10:00+00:00,DMU50_001,8.485,1555.68784,60.0
2026-03-03 11:11:00+00:00,DMU50_001,9.012,1555.83804,60.0
2026-03-03 11:12:00+00:00,DMU50_001,8.909,1555.98652,60.0
2026-03-03 11:13:00+00:00,DMU50_001,9.038,1556.13715,60.0
2026-03-03 11:14:00+00:00,DMU50_001,9.078,1556.28845,60.0
2026-03-03 11:15:00+00:00,DMU50_001,8.342,1556.42748,60.0
2026-03-03 11:16:00+00:00,DMU50_001,8.025,1556.56123,60.0
2026-03-03 11:17:00+00:00,DMU50_001,9.511,1556.71975,60.0
2026-03-03 11:18:00+00:00,DMU50_001,8.953,1556.86897,60.0
2026-03-03 11:19:00+00:00,DMU50_001,8.86,1557.01664,60.0
2026-03-03 11:20:00+00:00,DMU50_001,8.732,1557.16217,60.0
2026-03-03 11:21:00+00:00,DMU50_001,8.273,1557.30005,60.0
2026-03-03 11:22:00+00:00,DMU50_001,9.11,1557.45188,60.0
2026-03-03 11:23:00+00:00,DMU50_001,8.616,1557.59548,60.0
2026-03-03 11:24:00+00:00,DMU50_001,4.292,1557.66701,60.0
2026-03-03 11:25:00+00:00,DMU50_001,4.337,1557.73929,60.0
2026-03-03 11:26:00+00:00,DMU50_001,14.793,1557.98584,60.0
2026-03-03 11:27:00+00:00,DMU50_001,14.878,1558.23381,60.0
2026-03-03 11:28:00+00:00,DMU50_001,15.492,1558.49201,60.0
2026-03-03 11:29:00+00:00,DMU50_001,16.004,1558.75874,60.0
2026-03-03 11:30:00+00:00,DMU50_001,15.744,1559.02114,60.0
2026-03-03 11:31:00+00:00,DMU50_001,15.403,1559.27786,60.0
2026-03-03 11:32:00+00:00,DMU50_001,15.018,1559.52816,60.0
2026-03-03 11:33:00+00:00,DMU50_001,15.105,1559.77991,60.0
2026-03-03 11:34:00+00:00,DMU50_001,14.623,1560.02363,60.0
2026-03-03 11:35:00+00:00,DMU50_001,14.276,1560.26156,60.0
2026-03-03 11:36:00+00:00,DMU50_001,3.975,1560.32781,60.0
2026-03-03 11:37:00+00:00,DMU50_001,4.21,1560.39798,60.0
2026-03-03 11:38:00+00:00,DMU50_001,4.142,1560.46701,60.0
2026-03-03 11:39:00+00:00,DMU50_001,3.906,1560.53211,60.0
2026-03-03 11:40:00+00:00,DMU50_001,14.981,1560.78179,60.0
2026-03-03 11:41:00+00:00,DMU50_001,14.841,1561.02914,60.0
2026-03-03 11:42:00+00:00,DMU50_001,14.414,1561.26937,60.0
2026-03-03 11:43:00+00:00,DMU50_001,14.815,1561.51629,60.0
2026-03-03 11:44:00+00:00,DMU50_001,14.84,1561.76362,60.0
2026-03-03 11:45:00+00:00,DMU50_001,14.692,1562.00849,60.0
2026-03-03 11:46:00+00:00,DMU50_001,15.463,1562.26621,60.0
2026-03-03 11:47:00+00:00,DMU50_001,14.049,1562.50036,60.0
2026-03-03 11:48:00+00:00,DMU50_001,3.803,1562.56374,60.0
2026-03-03 11:49:00+00:00,DMU50_001,4.201,1562.63376,60.0
2026-03-03 11:50:00+00:00,DMU50_001,15.048,1562.88456,60.0
2026-03-03 11:51:00+00:00,DMU50_001,15.202,1563.13793,60.0
2026-03-03 11:52:00+00:00,DMU50_001,14.731,1563.38345,60.0
2026-03-03 11:53:00+00:00,DMU50_001,14.541,1563.6258,60.0
2026-03-03 11:54:00+00:00,DMU50_001,14.996,1563.87573,60.0
2026-03-03 11:55:00+00:00,DMU50_001,14.779,1564.12205,60.0
2026-03-03 11:56:00+00:00,DMU50_001,15.776,1564.38498,60.0
2026-03-03 11:57:00+00:00,DMU50_001,14.838,1564.63228,60.0
2026-03-03 11:58:00+00:00,DMU50_001,14.973,1564.88183,60.0
2026-03-03 11:59:00+00:00,DMU50_001,16.238,1565.15246,60.0
2026-03-03 12:00:00+00:00,DMU50_001,3.461,1565.21014,60.0
2026-03-03 12:01:00+00:00,DMU50_001,3.611,1565.27032,60.0
2026-03-03 12:02:00+00:00,DMU50_001,4.329,1565.34247,60.0
2026-03-03 12:03:00+00:00,DMU50_001,4.346,1565.4149,60.0
2026-03-03 12:04:00+00:00,DMU50_001,4.258,1565.48587,60.0
2026-03-03 12:05:00+00:00,DMU50_001,4.239,1565.55652,60.0
2026-03-03 12:06:00+00:00,DMU50_001,15.05,1565.80735,60.0
2026-03-03 12:07:00+00:00,DMU50_001,14.712,1566.05255,60.0
2026-03-03 12:08:00+00:00,DMU50_001,15.163,1566.30527,60.0
2026-03-03 12:09:00+00:00,DMU50_001,16.014,1566.57217,60.0
2026-03-03 12:10:00+00:00,DMU50_001,15.605,1566.83225,60.0
2026-03-03 12:11:00+00:00,DMU50_001,15.152,1567.08478,60.0
2026-03-03 12:12:00+00:00,DMU50_001,15.428,1567.34191,60.0
2026-03-03 12:13:00+00:00,DMU50_001,14.565,1567.58466,60.0
2026-03-03 12:14:00+00:00,DMU50_001,14.87,1567.83249,60.0
2026-03-03 12:15:00+00:00,DMU50_001,9.379,1567.98881,60.0
2026-03-03 12:16:00+00:00,DMU50_001,9.595,1568.14873,60.0
2026-03-03 12:17:00+00:00,DMU50_001,8.692,1568.2936,60.0
2026-03-03 12:18:00+00:00,DMU50_001,8.807,1568.44038,60.0
2026-03-03 12:19:00+00:00,DMU50_001,9.873,1568.60493,60.0
2026-03-03 12:20:00+00:00,DMU50_001,4.219,1568.67525,60.0
2026-03-03 12:21:00+00:00,DMU50_001,4.565,1568.75133,60.0
2026-03-03 12:22:00+00:00,DMU50_001,4.241,1568.82201,60.0
2026-03-03 12:23:00+00:00,DMU50_001,9.098,1568.97364,60.0
2026-03-03 12:24:00+00:00,DMU50_001,8.878,1569.12161,60.0
2026-03-03 12:25:00+00:00,DMU50_001,9.377,1569.27789,60.0
2026-03-03 12:26:00+00:00,DMU50_001,9.543,1569.43694,60.0
2026-03-03 12:27:00+00:00,DMU50_001,8.586,1569.58004,60.0
2026-03-03 12:28:00+00:00,DMU50_001,8.859,1569.72769,60.0
2026-03-03 12:29:00+00:00,DMU50_001,9.366,1569.88379,60.0
2026-03-03 12:30:00+00:00,DMU50_001,4.174,1569.95336,60.0
2026-03-03 12:31:00+00:00,DMU50_001,4.101,1570.02171,60.0
2026-03-03 12:32:00+00:00,DMU50_001,15.505,1570.28013,60.0
2026-03-03 12:33:00+00:00,DMU50_001,15.552,1570.53933,60.0
2026-03-03 12:34:00+00:00,DMU50_001,14.775,1570.78558,60.0
2026-03-03 12:35:00+00:00,DMU50_001,15.106,1571.03735,60.0
2026-03-03 12:36:00+00:00,DMU50_001,14.396,1571.27728,60.0
2026-03-03 12:37:00+00:00,DMU50_001,14.552,1571.51981,60.0
2026-03-03 12:38:00+00:00,DMU50_001,15.062,1571.77084,60.0
2026-03-03 12:39:00+00:00,DMU50_001,9.013,1571.92106,60.0
2026-03-03 12:40:00+00:00,DMU50_001,3.307,1571.97618,60.0
2026-03-03 12:41:00+00:00,DMU50_001,3.357,1572.03213,60.0
2026-03-03 12:42:00+00:00,DMU50_001,3.287,1572.08691,60.0
2026-03-03 12:43:00+00:00,DMU50_001,3.591,1572.14676,60.0
2026-03-03 12:44:00+00:00,DMU50_001,7.41,1572.27026,60.0
2026-03-03 12:45:00+00:00,DMU50_001,7.697,1572.39854,60.0
2026-03-03 12:46:00+00:00,DMU50_001,14.069,1572.63302,60.0
2026-03-03 12:47:00+00:00,DMU50_001,15.21,1572.88652,60.0
2026-03-03 12:48:00+00:00,DMU50_001,14.099,1573.1215,60.0
2026-03-03 12:49:00+00:00,DMU50_001,15.016,1573.37177,60.0
2026-03-03 12:50:00+00:00,DMU50_001,15.82,1573.63544,60.0
2026-03-03 12:51:00+00:00,DMU50_001,15.837,1573.89939,60.0
2026-03-03 12:52:00+00:00,DMU50_001,14.097,1574.13434,60.0
2026-03-03 12:53:00+00:00,DMU50_001,15.149,1574.38682,60.0
2026-03-03 12:54:00+00:00,DMU50_001,14.506,1574.62859,60.0
2026-03-03 12:55:00+00:00,DMU50_001,3.961,1574.69461,60.0
2026-03-03 12:56:00+00:00,DMU50_001,4.177,1574.76423,60.0
2026-03-03 12:57:00+00:00,DMU50_001,15.614,1575.02446,60.0
2026-03-03 12:58:00+00:00,DMU50_001,15.3,1575.27946,60.0
2026-03-03 12:59:00+00:00,DMU50_001,14.642,1575.52349,60.0
2026-03-03 13:00:00+00:00,DMU50_001,15.353,1575.77937,60.0
2026-03-03 13:01:00+00:00,DMU50_001,13.878,1576.01067,60.0
2026-03-03 13:02:00+00:00,DMU50_001,14.624,1576.2544,60.0
2026-03-03 13:03:00+00:00,DMU50_001,14.588,1576.49753,60.0
2026-03-03 13:04:00+00:00,DMU50_001,9.031,1576.64805,60.0
2026-03-03 13:05:00+00:00,DMU50_001,8.919,1576.7967,60.0
2026-03-03 13:06:00+00:00,DMU50_001,8.943,1576.94575,60.0
2026-03-03 13:07:00+00:00,DMU50_001,8.93,1577.09458,60.0
2026-03-03 13:08:00+00:00,DMU50_001,9.009,1577.24473,60.0
2026-03-03 13:09:00+00:00,DMU50_001,9.216,1577.39833,60.0
2026-03-03 13:10:00+00:00,DMU50_001,4.23,1577.46883,60.0
2026-03-03 13:11:00+00:00,DMU50_001,4.143,1577.53788,60.0
2026-03-03 13:12:00+00:00,DMU50_001,9.161,1577.69056,60.0
2026-03-03 13:13:00+00:00,DMU50_001,9.33,1577.84606,60.0
2026-03-03 13:14:00+00:00,DMU50_001,8.778,1577.99236,60.0
2026-03-03 13:15:00+00:00,DMU50_001,8.976,1578.14196,60.0
2026-03-03 13:16:00+00:00,DMU50_001,9.465,1578.29971,60.0
2026-03-03 13:17:00+00:00,DMU50_001,8.559,1578.44236,60.0
2026-03-03 13:18:00+00:00,DMU50_001,8.541,1578.58471,60.0
2026-03-03 13:19:00+00:00,DMU50_001,7.598,1578.71134,60.0
2026-03-03 13:20:00+00:00,DMU50_001,8.862,1578.85904,60.0
2026-03-03 13:21:00+00:00,DMU50_001,8.62,1579.00271,60.0
2026-03-03 13:22:00+00:00,DMU50_001,9.875,1579.16729,60.0
2026-03-03 13:23:00+00:00,DMU50_001,8.799,1579.31394,60.0
2026-03-03 13:24:00+00:00,DMU50_001,8.8,1579.46061,60.0
2026-03-03 13:25:00+00:00,DMU50_001,8.852,1579.60814,60.0
2026-03-03 13:26:00+00:00,DMU50_001,9.038,1579.75877,60.0
2026-03-03 13:27:00+00:00,DMU50_001,7.901,1579.89045,60.0
2026-03-03 13:28:00+00:00,DMU50_001,14.934,1580.13935,60.0
2026-03-03 13:29:00+00:00,DMU50_001,13.235,1580.35993,60.0
2026-03-03 13:30:00+00:00,DMU50_001,15.029,1580.61041,60.0
2026-03-03 13:31:00+00:00,DMU50_001,15.009,1580.86056,60.0
2026-03-03 13:32:00+00:00,DMU50_001,15.519,1581.11921,60.0
2026-03-03 13:33:00+00:00,DMU50_001,15.655,1581.38013,60.0
2026-03-03 13:34:00+00:00,DMU50_001,3.462,1581.43783,60.0
2026-03-03 13:35:00+00:00,DMU50_001,3.663,1581.49888,60.0
2026-03-03 13:36:00+00:00,DMU50_001,3.98,1581.56521,60.0
2026-03-03 13:37:00+00:00,DMU50_001,4.353,1581.63776,60.0
2026-03-03 13:38:00+00:00,DMU50_001,4.086,1581.70586,60.0
2026-03-03 13:39:00+00:00,DMU50_001,3.263,1581.76024,60.0
2026-03-03 13:40:00+00:00,DMU50_001,3.463,1581.81796,60.0
2026-03-03 13:41:00+00:00,DMU50_001,8.42,1581.95829,60.0
2026-03-03 13:42:00+00:00,DMU50_001,4.236,1582.02889,60.0
2026-03-03 13:43:00+00:00,DMU50_001,4.499,1582.10387,60.0
2026-03-03 13:44:00+00:00,DMU50_001,4.05,1582.17137,60.0
2026-03-03 13:45:00+00:00,DMU50_001,4.41,1582.24487,60.0
2026-03-03 13:46:00+00:00,DMU50_001,14.674,1582.48944,60.0
2026-03-03 13:47:00+00:00,DMU50_001,15.113,1582.74132,60.0
2026-03-03 13:48:00+00:00,DMU50_001,15.108,1582.99312,60.0
2026-03-03 13:49:00+00:00,DMU50_001,15.331,1583.24864,60.0
2026-03-03 13:50:00+00:00,DMU50_001,15.125,1583.50072,60.0
2026-03-03 13:51:00+00:00,DMU50_001,14.63,1583.74455,60.0
2026-03-03 13:52:00+00:00,DMU50_001,15.44,1584.00188,60.0
2026-03-03 13:53:00+00:00,DMU50_001,15.866,1584.26631,60.0
2026-03-03 13:54:00+00:00,DMU50_001,8.766,1584.41241,60.0
2026-03-03 13:55:00+00:00,DMU50_001,8.266,1584.55018,60.0
2026-03-03 13:56:00+00:00,DMU50_001,9.2,1584.70351,60.0
2026-03-03 13:57:00+00:00,DMU50_001,3.434,1584.76074,60.0
2026-03-03 13:58:00+00:00,DMU50_001,3.474,1584.81864,60.0
2026-03-03 13:59:00+00:00,DMU50_001,3.611,1584.87882,60.0
2026-03-03 14:00:00+00:00,DMU50_001,14.772,1585.12502,60.0
2026-03-03 14:01:00+00:00,DMU50_001,14.866,1585.37279,60.0
2026-03-03 14:02:00+00:00,DMU50_001,14.95,1585.62196,60.0
2026-03-03 14:03:00+00:00,DMU50_001,15.735,1585.88421,60.0
2026-03-03 14:04:00+00:00,DMU50_001,15.015,1586.13446,60.0
2026-03-03 14:05:00+00:00,DMU50_001,14.382,1586.37416,60.0
2026-03-03 14:06:00+00:00,DMU50_001,8.522,1586.51619,60.0
2026-03-03 14:07:00+00:00,DMU50_001,9.056,1586.66712,60.0
2026-03-03 14:08:00+00:00,DMU50_001,8.548,1586.80959,60.0
2026-03-03 14:09:00+00:00,DMU50_001,8.375,1586.94917,60.0
2026-03-03 14:10:00+00:00,DMU50_001,9.254,1587.1034,60.0
2026-03-03 14:11:00+00:00,DMU50_001,9.274,1587.25797,60.0
2026-03-03 14:12:00+00:00,DMU50_001,8.853,1587.40552,60.0
2026-03-03 14:13:00+00:00,DMU50_001,9.117,1587.55747,60.0
2026-03-03 14:14:00+00:00,DMU50_001,8.056,1587.69174,60.0
2026-03-03 14:15:00+00:00,DMU50_001,8.181,1587.82809,60.0
2026-03-03 14:16:00+00:00,DMU50_001,3.621,1587.88844,60.0
2026-03-03 14:17:00+00:00,DMU50_001,2.979,1587.93809,60.0
2026-03-03 14:18:00+00:00,DMU50_001,3.452,1587.99562,60.0
2026-03-03 14:19:00+00:00,DMU50_001,9.207,1588.14907,60.0
2026-03-03 14:20:00+00:00,DMU50_001,8.836,1588.29634,60.0
2026-03-03 14:21:00+00:00,DMU50_001,9.014,1588.44657,60.0
2026-03-03 14:22:00+00:00,DMU50_001,9.3,1588.60157,60.0
2026-03-03 14:23:00+00:00,DMU50_001,9.032,1588.7521,60.0
2026-03-03 14:24:00+00:00,DMU50_001,9.603,1588.91215,60.0
2026-03-03 14:25:00+00:00,DMU50_001,9.451,1589.06967,60.0
2026-03-03 14:26:00+00:00,DMU50_001,8.953,1589.21889,60.0
2026-03-03 14:27:00+00:00,DMU50_001,4.16,1589.28822,60.0
2026-03-03 14:28:00+00:00,DMU50_001,3.63,1589.34872,60.0
2026-03-03 14:29:00+00:00,DMU50_001,4.135,1589.41764,60.0
2026-03-03 14:30:00+00:00,DMU50_001,3.929,1589.48312,60.0
2026-03-03 14:31:00+00:00,DMU50_001,9.088,1589.63459,60.0
2026-03-03 14:32:00+00:00,DMU50_001,9.061,1589.78561,60.0
2026-03-03 14:33:00+00:00,DMU50_001,9.278,1589.94024,60.0
2026-03-03 14:34:00+00:00,DMU50_001,9.559,1590.09956,60.0
2026-03-03 14:35:00+00:00,DMU50_001,8.989,1590.24938,60.0
2026-03-03 14:36:00+00:00,DMU50_001,9.912,1590.41458,60.0
2026-03-03 14:37:00+00:00,DMU50_001,9.093,1590.56613,60.0
2026-03-03 14:38:00+00:00,DMU50_001,8.476,1590.7074,60.0
2026-03-03 14:39:00+00:00,DMU50_001,4.088,1590.77553,60.0
2026-03-03 14:40:00+00:00,DMU50_001,4.125,1590.84428,60.0
2026-03-03 14:41:00+00:00,DMU50_001,15.296,1591.09921,60.0
2026-03-03 14:42:00+00:00,DMU50_001,14.526,1591.34131,60.0
2026-03-03 14:43:00+00:00,DMU50_001,14.851,1591.58883,60.0
2026-03-03 14:44:00+00:00,DMU50_001,14.919,1591.83748,60.0
2026-03-03 14:45:00+00:00,DMU50_001,14.776,1592.08375,60.0
2026-03-03 14:46:00+00:00,DMU50_001,15.406,1592.34052,60.0
2026-03-03 14:47:00+00:00,DMU50_001,9.257,1592.4948,60.0
2026-03-03 14:48:00+00:00,DMU50_001,9.467,1592.65258,60.0
2026-03-03 14:49:00+00:00,DMU50_001,8.868,1592.80038,60.0
2026-03-03 14:50:00+00:00,DMU50_001,9.481,1592.9584,60.0
2026-03-03 14:51:00+00:00,DMU50_001,8.454,1593.0993,60.0
2026-03-03 14:52:00+00:00,DMU50_001,8.445,1593.24005,60.0
2026-03-03 14:53:00+00:00,DMU50_001,3.257,1593.29433,60.0
2026-03-03 14:54:00+00:00,DMU50_001,3.502,1593.3527,60.0
2026-03-03 14:55:00+00:00,DMU50_001,3.74,1593.41503,60.0
2026-03-03 14:56:00+00:00,DMU50_001,3.38,1593.47136,60.0
2026-03-03 14:57:00+00:00,DMU50_001,14.762,1593.71739,60.0
2026-03-03 14:58:00+00:00,DMU50_001,14.892,1593.96559,60.0
2026-03-03 14:59:00+00:00,DMU50_001,15.286,1594.22036,60.0
2026-03-03 15:00:00+00:00,DMU50_001,14.761,1594.46638,60.0
2026-03-03 15:01:00+00:00,DMU50_001,14.733,1594.71193,60.0
2026-03-03 15:02:00+00:00,DMU50_001,14.327,1594.95071,60.0
2026-03-03 15:03:00+00:00,DMU50_001,14.714,1595.19594,60.0
2026-03-03 15:04:00+00:00,DMU50_001,15.589,1595.45576,60.0
2026-03-03 15:05:00+00:00,DMU50_001,15.045,1595.70651,60.0
2026-03-03 15:06:00+00:00,DMU50_001,8.704,1595.85158,60.0
2026-03-03 15:07:00+00:00,DMU50_001,9.494,1596.00981,60.0
2026-03-03 15:08:00+00:00,DMU50_001,8.766,1596.15591,60.0
2026-03-03 15:09:00+00:00,DMU50_001,3.784,1596.21898,60.0
2026-03-03 15:10:00+00:00,DMU50_001,3.781,1596.282,60.0
2026-03-03 15:11:00+00:00,DMU50_001,3.511,1596.34052,60.0
2026-03-03 15:12:00+00:00,DMU50_001,14.251,1596.57804,60.0
2026-03-03 15:13:00+00:00,DMU50_001,16.145,1596.84712,60.0
2026-03-03 15:14:00+00:00,DMU50_001,15.194,1597.10035,60.0
2026-03-03 15:15:00+00:00,DMU50_001,14.838,1597.34765,60.0
2026-03-03 15:16:00+00:00,DMU50_001,15.478,1597.60562,60.0
2026-03-03 15:17:00+00:00,DMU50_001,15.351,1597.86147,60.0
2026-03-03 15:18:00+00:00,DMU50_001,9.524,1598.0202,60.0
2026-03-03 15:19:00+00:00,DMU50_001,8.735,1598.16578,60.0
2026-03-03 15:20:00+00:00,DMU50_001,9.127,1598.3179,60.0
2026-03-03 15:21:00+00:00,DMU50_001,8.526,1598.46,60.0
2026-03-03 15:22:00+00:00,DMU50_001,9.267,1598.61445,60.0
2026-03-03 15:23:00+00:00,DMU50_001,8.991,1598.7643,60.0
2026-03-03 15:24:00+00:00,DMU50_001,9.112,1598.91617,60.0
2026-03-03 15:25:00+00:00,DMU50_001,3.471,1598.97402,60.0
2026-03-03 15:26:00+00:00,DMU50_001,3.45,1599.03152,60.0
2026-03-03 15:27:00+00:00,DMU50_001,14.566,1599.27429,60.0
2026-03-03 15:28:00+00:00,DMU50_001,15.395,1599.53087,60.0
2026-03-03 15:29:00+00:00,DMU50_001,15.745,1599.79329,60.0
2026-03-03 15:30:00+00:00,DMU50_001,14.722,1600.03866,60.0
2026-03-03 15:31:00+00:00,DMU50_001,15.277,1600.29328,60.0
2026-03-03 15:32:00+00:00,DMU50_001,15.216,1600.54688,60.0
2026-03-03 15:33:00+00:00,DMU50_001,15.004,1600.79695,60.0
2026-03-03 15:34:00+00:00,DMU50_001,14.237,1601.03423,60.0
2026-03-03 15:35:00+00:00,DMU50_001,8.479,1601.17555,60.0
2026-03-03 15:36:00+00:00,DMU50_001,8.688,1601.32035,60.0
2026-03-03 15:37:00+00:00,DMU50_001,8.144,1601.45608,60.0
2026-03-03 15:38:00+00:00,DMU50_001,9.563,1601.61546,60.0
2026-03-03 15:39:00+00:00,DMU50_001,8.11,1601.75063,60.0
2026-03-03 15:40:00+00:00,DMU50_001,7.991,1601.88381,60.0
2026-03-03 15:41:00+00:00,DMU50_001,3.762,1601.94651,60.0
2026-03-03 15:42:00+00:00,DMU50_001,3.835,1602.01043,60.0
2026-03-03 15:43:00+00:00,DMU50_001,3.5,1602.06876,60.0
2026-03-03 15:44:00+00:00,DMU50_001,3.894,1602.13366,60.0
2026-03-03 15:45:00+00:00,DMU50_001,3.36,1602.18966,60.0
2026-03-03 15:46:00+00:00,DMU50_001,3.673,1602.25088,60.0
2026-03-03 15:47:00+00:00,DMU50_001,3.404,1602.30761,60.0
2026-03-03 15:48:00+00:00,DMU50_001,15.028,1602.55808,60.0
2026-03-03 15:49:00+00:00,DMU50_001,15.607,1602.8182,60.0
2026-03-03 15:50:00+00:00,DMU50_001,14.827,1603.06532,60.0
2026-03-03 15:51:00+00:00,DMU50_001,14.655,1603.30957,60.0
2026-03-03 15:52:00+00:00,DMU50_001,15.709,1603.57139,60.0
2026-03-03 15:53:00+00:00,DMU50_001,15.023,1603.82177,60.0
2026-03-03 15:54:00+00:00,DMU50_001,15.546,1604.08087,60.0
2026-03-03 15:55:00+00:00,DMU50_001,8.726,1604.2263,60.0
2026-03-03 15:56:00+00:00,DMU50_001,9.563,1604.38568,60.0
2026-03-03 15:57:00+00:00,DMU50_001,9.109,1604.5375,60.0
2026-03-03 15:58:00+00:00,DMU50_001,9.174,1604.6904,60.0
2026-03-03 15:59:00+00:00,DMU50_001,9.053,1604.84128,60.0
2026-03-03 16:00:00+00:00,DMU50_001,8.798,1604.98791,60.0
2026-03-03 16:01:00+00:00,DMU50_001,8.999,1605.13789,60.0
2026-03-03 16:02:00+00:00,DMU50_001,4.111,1605.20641,60.0
2026-03-03 16:03:00+00:00,DMU50_001,4.392,1605.27961,60.0
2026-03-03 16:04:00+00:00,DMU50_001,4.159,1605.34893,60.0
2026-03-03 16:05:00+00:00,DMU50_001,3.901,1605.41395,60.0
2026-03-03 16:06:00+00:00,DMU50_001,3.164,1605.46668,60.0
2026-03-03 16:07:00+00:00,DMU50_001,3.155,1605.51926,60.0
2026-03-03 16:08:00+00:00,DMU50_001,3.624,1605.57966,60.0
2026-03-03 16:09:00+00:00,DMU50_001,14.424,1605.82006,60.0
2026-03-03 16:10:00+00:00,DMU50_001,15.15,1606.07256,60.0
2026-03-03 16:11:00+00:00,DMU50_001,15.068,1606.32369,60.0
2026-03-03 16:12:00+00:00,DMU50_001,14.968,1606.57316,60.0
2026-03-03 16:13:00+00:00,DMU50_001,15.219,1606.82681,60.0
2026-03-03 16:14:00+00:00,DMU50_001,15.079,1607.07813,60.0
2026-03-03 16:15:00+00:00,DMU50_001,13.645,1607.30555,60.0
2026-03-03 16:16:00+00:00,DMU50_001,14.838,1607.55285,60.0
2026-03-03 16:17:00+00:00,DMU50_001,15.213,1607.8064,60.0
2026-03-03 16:18:00+00:00,DMU50_001,9.656,1607.96733,60.0
2026-03-03 16:19:00+00:00,DMU50_001,9.675,1608.12858,60.0
2026-03-03 16:20:00+00:00,DMU50_001,8.455,1608.2695,60.0
2026-03-03 16:21:00+00:00,DMU50_001,4.13,1608.33833,60.0
2026-03-03 16:22:00+00:00,DMU50_001,3.887,1608.40311,60.0
2026-03-03 16:23:00+00:00,DMU50_001,4.504,1608.47818,60.0
2026-03-03 16:24:00+00:00,DMU50_001,4.403,1608.55156,60.0
2026-03-03 16:25:00+00:00,DMU50_001,3.57,1608.61106,60.0
2026-03-03 16:26:00+00:00,DMU50_001,3.533,1608.66994,60.0
2026-03-03 16:27:00+00:00,DMU50_001,3.776,1608.73287,60.0
2026-03-03 16:28:00+00:00,DMU50_001,8.363,1608.87225,60.0
2026-03-03 16:29:00+00:00,DMU50_001,15.579,1609.1319,60.0
2026-03-03 16:30:00+00:00,DMU50_001,15.228,1609.3857,60.0
2026-03-03 16:31:00+00:00,DMU50_001,14.825,1609.63278,60.0
2026-03-03 16:32:00+00:00,DMU50_001,15.384,1609.88918,60.0
2026-03-03 16:33:00+00:00,DMU50_001,15.408,1610.14598,60.0
2026-03-03 16:34:00+00:00,DMU50_001,14.905,1610.3944,60.0
2026-03-03 16:35:00+00:00,DMU50_001,3.43,1610.45157,60.0
2026-03-03 16:36:00+00:00,DMU50_001,3.727,1610.51369,60.0
2026-03-03 16:37:00+00:00,DMU50_001,3.833,1610.57757,60.0
2026-03-03 16:38:00+00:00,DMU50_001,3.35,1610.6334,60.0
2026-03-03 16:39:00+00:00,DMU50_001,3.447,1610.69085,60.0
2026-03-03 16:40:00+00:00,DMU50_001,9.14,1610.84318,60.0
2026-03-03 16:41:00+00:00,DMU50_001,9.195,1610.99643,60.0
2026-03-03 16:42:00+00:00,DMU50_001,8.791,1611.14295,60.0
2026-03-03 16:43:00+00:00,DMU50_001,9.753,1611.3055,60.0
2026-03-03 16:44:00+00:00,DMU50_001,9.169,1611.45832,60.0
2026-03-03 16:45:00+00:00,DMU50_001,9.213,1611.61187,60.0
2026-03-03 16:46:00+00:00,DMU50_001,9.704,1611.7736,60.0
2026-03-03 16:47:00+00:00,DMU50_001,3.41,1611.83043,60.0
2026-03-03 16:48:00+00:00,DMU50_001,3.482,1611.88846,60.0
2026-03-03 16:49:00+00:00,DMU50_001,3.249,1611.94261,60.0
2026-03-03 16:50:00+00:00,DMU50_001,3.466,1612.00038,60.0
2026-03-03 16:51:00+00:00,DMU50_001,3.202,1612.05375,60.0
2026-03-03 16:52:00+00:00,DMU50_001,15.374,1612.30998,60.0
2026-03-03 16:53:00+00:00,DMU50_001,15.21,1612.56348,60.0
2026-03-03 16:54:00+00:00,DMU50_001,14.861,1612.81116,60.0
2026-03-03 16:55:00+00:00,DMU50_001,14.95,1613.06033,60.0
2026-03-03 16:56:00+00:00,DMU50_001,15.381,1613.31668,60.0
2026-03-03 16:57:00+00:00,DMU50_001,14.432,1613.55721,60.0
2026-03-03 16:58:00+00:00,DMU50_001,15.102,1613.80891,60.0
2026-03-03 16:59:00+00:00,DMU50_001,15.35,1614.06474,60.0
2026-03-03 17:00:00+00:00,DMU50_001,14.109,1614.29989,60.0
2026-03-03 17:01:00+00:00,DMU50_001,15.342,1614.55559,60.0
2026-03-03 17:02:00+00:00,DMU50_001,8.33,1614.69442,60.0
2026-03-03 17:03:00+00:00,DMU50_001,8.953,1614.84364,60.0
2026-03-03 17:04:00+00:00,DMU50_001,8.535,1614.98589,60.0
2026-03-03 17:05:00+00:00,DMU50_001,9.572,1615.14542,60.0
2026-03-03 17:06:00+00:00,DMU50_001,3.269,1615.1999,60.0
2026-03-03 17:07:00+00:00,DMU50_001,3.17,1615.25273,60.0
2026-03-03 17:08:00+00:00,DMU50_001,3.527,1615.31151,60.0
2026-03-03 17:09:00+00:00,DMU50_001,7.876,1615.44278,60.0
2026-03-03 17:10:00+00:00,DMU50_001,7.549,1615.5686,60.0
2026-03-03 17:11:00+00:00,DMU50_001,15.263,1615.82298,60.0
2026-03-03 17:12:00+00:00,DMU50_001,14.004,1616.05638,60.0
2026-03-03 17:13:00+00:00,DMU50_001,14.482,1616.29775,60.0
2026-03-03 17:14:00+00:00,DMU50_001,14.712,1616.54295,60.0
2026-03-03 17:15:00+00:00,DMU50_001,15.401,1616.79963,60.0
2026-03-03 17:16:00+00:00,DMU50_001,15.648,1617.06043,60.0
2026-03-03 17:17:00+00:00,DMU50_001,15.551,1617.31961,60.0
2026-03-03 17:18:00+00:00,DMU50_001,14.923,1617.56833,60.0
2026-03-03 17:19:00+00:00,DMU50_001,8.029,1617.70215,60.0
2026-03-03 17:20:00+00:00,DMU50_001,9.156,1617.85475,60.0
2026-03-03 17:21:00+00:00,DMU50_001,8.441,1617.99543,60.0
2026-03-03 17:22:00+00:00,DMU50_001,8.37,1618.13493,60.0
2026-03-03 17:23:00+00:00,DMU50_001,4.293,1618.20648,60.0
2026-03-03 17:24:00+00:00,DMU50_001,3.962,1618.27251,60.0
2026-03-03 17:25:00+00:00,DMU50_001,4.095,1618.34076,60.0
2026-03-03 17:26:00+00:00,DMU50_001,15.967,1618.60688,60.0
2026-03-03 17:27:00+00:00,DMU50_001,14.292,1618.84508,60.0
2026-03-03 17:28:00+00:00,DMU50_001,14.426,1619.08551,60.0
2026-03-03 17:29:00+00:00,DMU50_001,15.471,1619.34336,60.0
2026-03-03 17:30:00+00:00,DMU50_001,14.784,1619.58976,60.0
2026-03-03 17:31:00+00:00,DMU50_001,14.409,1619.82991,60.0
2026-03-03 17:32:00+00:00,DMU50_001,15.764,1620.09264,60.0
2026-03-03 17:33:00+00:00,DMU50_001,15.231,1620.34649,60.0
2026-03-03 17:34:00+00:00,DMU50_001,14.809,1620.59331,60.0
2026-03-03 17:35:00+00:00,DMU50_001,8.542,1620.73568,60.0
2026-03-03 17:36:00+00:00,DMU50_001,9.819,1620.89933,60.0
2026-03-03 17:37:00+00:00,DMU50_001,8.99,1621.04916,60.0
2026-03-03 17:38:00+00:00,DMU50_001,9.559,1621.20848,60.0
2026-03-03 17:39:00+00:00,DMU50_001,9.357,1621.36443,60.0
2026-03-03 17:40:00+00:00,DMU50_001,3.396,1621.42103,60.0
2026-03-03 17:41:00+00:00,DMU50_001,3.397,1621.47765,60.0
2026-03-03 17:42:00+00:00,DMU50_001,3.789,1621.5408,60.0
2026-03-03 17:43:00+00:00,DMU50_001,3.793,1621.60402,60.0
2026-03-03 17:44:00+00:00,DMU50_001,3.125,1621.6561,60.0
2026-03-03 17:45:00+00:00,DMU50_001,4.31,1621.72793,60.0
2026-03-03 17:46:00+00:00,DMU50_001,4.176,1621.79753,60.0
2026-03-03 17:47:00+00:00,DMU50_001,3.993,1621.86408,60.0
2026-03-03 17:48:00+00:00,DMU50_001,15.131,1622.11626,60.0
2026-03-03 17:49:00+00:00,DMU50_001,14.325,1622.35501,60.0
2026-03-03 17:50:00+00:00,DMU50_001,14.767,1622.60113,60.0
2026-03-03 17:51:00+00:00,DMU50_001,14.601,1622.84448,60.0
2026-03-03 17:52:00+00:00,DMU50_001,14.75,1623.09031,60.0
2026-03-03 17:53:00+00:00,DMU50_001,14.964,1623.33971,60.0
2026-03-03 17:54:00+00:00,DMU50_001,14.492,1623.58124,60.0
2026-03-03 17:55:00+00:00,DMU50_001,15.787,1623.84436,60.0
2026-03-03 17:56:00+00:00,DMU50_001,9.197,1623.99764,60.0
2026-03-03 17:57:00+00:00,DMU50_001,8.538,1624.13994,60.0
2026-03-03 17:58:00+00:00,DMU50_001,14.92,1624.38861,60.0
2026-03-03 17:59:00+00:00,DMU50_001,14.726,1624.63404,60.0
2026-03-03 18:00:00+00:00,DMU50_001,15.879,1624.89869,60.0
2026-03-03 18:01:00+00:00,DMU50_001,14.711,1625.14387,60.0
2026-03-03 18:02:00+00:00,DMU50_001,14.911,1625.39239,60.0
2026-03-03 18:03:00+00:00,DMU50_001,15.36,1625.64839,60.0
2026-03-03 18:04:00+00:00,DMU50_001,14.381,1625.88807,60.0
2026-03-03 18:05:00+00:00,DMU50_001,15.356,1626.144,60.0
2026-03-03 18:06:00+00:00,DMU50_001,15.292,1626.39887,60.0
2026-03-03 18:07:00+00:00,DMU50_001,15.635,1626.65945,60.0
2026-03-03 18:08:00+00:00,DMU50_001,9.356,1626.81538,60.0
2026-03-03 18:09:00+00:00,DMU50_001,9.52,1626.97405,60.0
2026-03-03 18:10:00+00:00,DMU50_001,8.956,1627.12332,60.0
2026-03-03 18:11:00+00:00,DMU50_001,7.741,1627.25234,60.0
2026-03-03 18:12:00+00:00,DMU50_001,16.055,1627.51992,60.0
2026-03-03 18:13:00+00:00,DMU50_001,14.237,1627.7572,60.0
2026-03-03 18:14:00+00:00,DMU50_001,14.287,1627.99532,60.0
2026-03-03 18:15:00+00:00,DMU50_001,15.283,1628.25004,60.0
2026-03-03 18:16:00+00:00,DMU50_001,15.812,1628.51357,60.0
2026-03-03 18:17:00+00:00,DMU50_001,15.095,1628.76515,60.0
2026-03-03 18:18:00+00:00,DMU50_001,15.5,1629.02348,60.0
2026-03-03 18:19:00+00:00,DMU50_001,14.002,1629.25685,60.0
2026-03-03 18:20:00+00:00,DMU50_001,14.75,1629.50268,60.0
2026-03-03 18:21:00+00:00,DMU50_001,8.25,1629.64018,60.0
2026-03-03 18:22:00+00:00,DMU50_001,9.312,1629.79538,60.0
2026-03-03 18:23:00+00:00,DMU50_001,8.381,1629.93506,60.0
2026-03-03 18:24:00+00:00,DMU50_001,3.244,1629.98913,60.0
2026-03-03 18:25:00+00:00,DMU50_001,3.603,1630.04918,60.0
2026-03-03 18:26:00+00:00,DMU50_001,3.712,1630.11105,60.0
2026-03-03 18:27:00+00:00,DMU50_001,3.468,1630.16885,60.0
2026-03-03 18:28:00+00:00,DMU50_001,3.614,1630.22908,60.0
2026-03-03 18:29:00+00:00,DMU50_001,15.269,1630.48356,60.0
2026-03-03 18:30:00+00:00,DMU50_001,14.892,1630.73176,60.0
2026-03-03 18:31:00+00:00,DMU50_001,14.453,1630.97264,60.0
2026-03-03 18:32:00+00:00,DMU50_001,15.282,1631.22734,60.0
2026-03-03 18:33:00+00:00,DMU50_001,15.307,1631.48246,60.0
2026-03-03 18:34:00+00:00,DMU50_001,15.447,1631.73991,60.0
2026-03-03 18:35:00+00:00,DMU50_001,15.156,1631.99251,60.0
2026-03-03 18:36:00+00:00,DMU50_001,14.416,1632.23278,60.0
2026-03-03 18:37:00+00:00,DMU50_001,15.345,1632.48853,60.0
2026-03-03 18:38:00+00:00,DMU50_001,14.999,1632.73851,60.0
2026-03-03 18:39:00+00:00,DMU50_001,7.855,1632.86943,60.0
2026-03-03 18:40:00+00:00,DMU50_001,14.853,1633.11698,60.0
2026-03-03 18:41:00+00:00,DMU50_001,14.655,1633.36123,60.0
2026-03-03 18:42:00+00:00,DMU50_001,15.444,1633.61863,60.0
2026-03-03 18:43:00+00:00,DMU50_001,14.291,1633.85681,60.0
2026-03-03 18:44:00+00:00,DMU50_001,14.503,1634.09853,60.0
2026-03-03 18:45:00+00:00,DMU50_001,14.836,1634.3458,60.0
2026-03-03 18:46:00+00:00,DMU50_001,15.807,1634.60925,60.0
2026-03-03 18:47:00+00:00,DMU50_001,15.527,1634.86803,60.0
2026-03-03 18:48:00+00:00,DMU50_001,14.18,1635.10436,60.0
2026-03-03 18:49:00+00:00,DMU50_001,9.541,1635.26338,60.0
2026-03-03 18:50:00+00:00,DMU50_001,9.54,1635.42238,60.0
2026-03-03 18:51:00+00:00,DMU50_001,3.965,1635.48846,60.0
2026-03-03 18:52:00+00:00,DMU50_001,3.696,1635.55006,60.0
2026-03-03 18:53:00+00:00,DMU50_001,4.186,1635.61983,60.0
2026-03-03 18:54:00+00:00,DMU50_001,4.424,1635.69356,60.0
2026-03-03 18:55:00+00:00,DMU50_001,15.796,1635.95683,60.0
2026-03-03 18:56:00+00:00,DMU50_001,14.565,1636.19958,60.0
2026-03-03 18:57:00+00:00,DMU50_001,15.876,1636.46418,60.0
2026-03-03 18:58:00+00:00,DMU50_001,13.886,1636.69561,60.0
2026-03-03 18:59:00+00:00,DMU50_001,14.816,1636.94254,60.0
2026-03-03 19:00:00+00:00,DMU50_001,14.791,1637.18906,60.0
2026-03-03 19:01:00+00:00,DMU50_001,15.576,1637.44866,60.0
2026-03-03 19:02:00+00:00,DMU50_001,15.649,1637.70948,60.0
2026-03-03 19:03:00+00:00,DMU50_001,15.477,1637.96743,60.0
2026-03-03 19:04:00+00:00,DMU50_001,14.325,1638.20618,60.0
2026-03-03 19:05:00+00:00,DMU50_001,9.345,1638.36193,60.0
2026-03-03 19:06:00+00:00,DMU50_001,9.204,1638.51533,60.0
2026-03-03 19:07:00+00:00,DMU50_001,3.866,1638.57976,60.0
2026-03-03 19:08:00+00:00,DMU50_001,3.787,1638.64288,60.0
2026-03-03 19:09:00+00:00,DMU50_001,8.311,1638.7814,60.0
2026-03-03 19:10:00+00:00,DMU50_001,7.946,1638.91383,60.0
2026-03-03 19:11:00+00:00,DMU50_001,14.357,1639.15311,60.0
2026-03-03 19:12:00+00:00,DMU50_001,14.896,1639.40138,60.0
2026-03-03 19:13:00+00:00,DMU50_001,15.182,1639.65441,60.0
2026-03-03 19:14:00+00:00,DMU50_001,14.959,1639.90373,60.0
2026-03-03 19:15:00+00:00,DMU50_001,14.224,1640.1408,60.0
2026-03-03 19:16:00+00:00,DMU50_001,15.943,1640.40652,60.0
2026-03-03 19:17:00+00:00,DMU50_001,15.502,1640.66489,60.0
2026-03-03 19:18:00+00:00,DMU50_001,14.832,1640.91209,60.0
2026-03-03 19:19:00+00:00,DMU50_001,14.852,1641.15962,60.0
2026-03-03 19:20:00+00:00,DMU50_001,9.144,1641.31202,60.0
2026-03-03 19:21:00+00:00,DMU50_001,8.548,1641.45449,60.0
2026-03-03 19:22:00+00:00,DMU50_001,9.129,1641.60664,60.0
2026-03-03 19:23:00+00:00,DMU50_001,8.468,1641.74777,60.0
2026-03-03 19:24:00+00:00,DMU50_001,7.979,1641.88075,60.0
2026-03-03 19:25:00+00:00,DMU50_001,14.416,1642.12102,60.0
2026-03-03 19:26:00+00:00,DMU50_001,14.441,1642.3617,60.0
2026-03-03 19:27:00+00:00,DMU50_001,15.823,1642.62542,60.0
2026-03-03 19:28:00+00:00,DMU50_001,15.03,1642.87592,60.0
2026-03-03 19:29:00+00:00,DMU50_001,15.104,1643.12765,60.0
2026-03-03 19:30:00+00:00,DMU50_001,13.994,1643.36088,60.0
2026-03-03 19:31:00+00:00,DMU50_001,14.701,1643.6059,60.0
2026-03-03 19:32:00+00:00,DMU50_001,15.231,1643.85975,60.0
2026-03-03 19:33:00+00:00,DMU50_001,15.097,1644.11137,60.0
2026-03-03 19:34:00+00:00,DMU50_001,8.138,1644.247,60.0
2026-03-03 19:35:00+00:00,DMU50_001,9.083,1644.39838,60.0
2026-03-03 19:36:00+00:00,DMU50_001,9.147,1644.55083,60.0
2026-03-03 19:37:00+00:00,DMU50_001,9.514,1644.7094,60.0
2026-03-03 19:38:00+00:00,DMU50_001,7.803,1644.83945,60.0
2026-03-03 19:39:00+00:00,DMU50_001,7.327,1644.96157,60.0
2026-03-03 19:40:00+00:00,DMU50_001,3.301,1645.01659,60.0
2026-03-03 19:41:00+00:00,DMU50_001,3.281,1645.07127,60.0
2026-03-03 19:42:00+00:00,DMU50_001,3.647,1645.13205,60.0
2026-03-03 19:43:00+00:00,DMU50_001,2.957,1645.18133,60.0
2026-03-03 19:44:00+00:00,DMU50_001,14.776,1645.4276,60.0
2026-03-03 19:45:00+00:00,DMU50_001,15.713,1645.68948,60.0
2026-03-03 19:46:00+00:00,DMU50_001,15.004,1645.93955,60.0
2026-03-03 19:47:00+00:00,DMU50_001,15.448,1646.19702,60.0
2026-03-03 19:48:00+00:00,DMU50_001,14.179,1646.43334,60.0
2026-03-03 19:49:00+00:00,DMU50_001,14.199,1646.66999,60.0
2026-03-03 19:50:00+00:00,DMU50_001,15.719,1646.93197,60.0
2026-03-03 19:51:00+00:00,DMU50_001,15.051,1647.18282,60.0
2026-03-03 19:52:00+00:00,DMU50_001,15.052,1647.43369,60.0
2026-03-03 19:53:00+00:00,DMU50_001,8.553,1647.57624,60.0
2026-03-03 19:54:00+00:00,DMU50_001,9.04,1647.72691,60.0
2026-03-03 19:55:00+00:00,DMU50_001,3.971,1647.79309,60.0
2026-03-03 19:56:00+00:00,DMU50_001,4.437,1647.86704,60.0
2026-03-03 19:57:00+00:00,DMU50_001,4.746,1647.94614,60.0
2026-03-03 19:58:00+00:00,DMU50_001,9.194,1648.09937,60.0
2026-03-03 19:59:00+00:00,DMU50_001,8.746,1648.24514,60.0
2026-03-03 20:00:00+00:00,DMU50_001,7.987,1648.37826,60.0
2026-03-03 20:01:00+00:00,DMU50_001,8.326,1648.51703,60.0
2026-03-03 20:02:00+00:00,DMU50_001,9.622,1648.6774,60.0
2026-03-03 20:03:00+00:00,DMU50_001,8.588,1648.82053,60.0
2026-03-03 20:04:00+00:00,DMU50_001,7.889,1648.95201,60.0
2026-03-03 20:05:00+00:00,DMU50_001,8.197,1649.08863,60.0
2026-03-03 20:06:00+00:00,DMU50_001,15.741,1649.35098,60.0
2026-03-03 20:07:00+00:00,DMU50_001,14.9,1649.59931,60.0
2026-03-03 20:08:00+00:00,DMU50_001,14.798,1649.84594,60.0
2026-03-03 20:09:00+00:00,DMU50_001,15.036,1650.09654,60.0
2026-03-03 20:10:00+00:00,DMU50_001,14.686,1650.34131,60.0
2026-03-03 20:11:00+00:00,DMU50_001,14.713,1650.58653,60.0
2026-03-03 20:12:00+00:00,DMU50_001,9.165,1650.73928,60.0
2026-03-03 20:13:00+00:00,DMU50_001,9.074,1650.89051,60.0
2026-03-03 20:14:00+00:00,DMU50_001,9.853,1651.05473,60.0
2026-03-03 20:15:00+00:00,DMU50_001,8.132,1651.19026,60.0
2026-03-03 20:16:00+00:00,DMU50_001,4.43,1651.26409,60.0
2026-03-03 20:17:00+00:00,DMU50_001,3.986,1651.33052,60.0
2026-03-03 20:18:00+00:00,DMU50_001,4.305,1651.40227,60.0
2026-03-03 20:19:00+00:00,DMU50_001,4.055,1651.46985,60.0
2026-03-03 20:20:00+00:00,DMU50_001,9.158,1651.62248,60.0
2026-03-03 20:21:00+00:00,DMU50_001,9.275,1651.77706,60.0
2026-03-03 20:22:00+00:00,DMU50_001,9.02,1651.92739,60.0
2026-03-03 20:23:00+00:00,DMU50_001,9.963,1652.09344,60.0
2026-03-03 20:24:00+00:00,DMU50_001,9.571,1652.25296,60.0
2026-03-03 20:25:00+00:00,DMU50_001,9.471,1652.41081,60.0
2026-03-03 20:26:00+00:00,DMU50_001,9.306,1652.56591,60.0
2026-03-03 20:27:00+00:00,DMU50_001,9.705,1652.72766,60.0
2026-03-03 20:28:00+00:00,DMU50_001,3.213,1652.78121,60.0
2026-03-03 20:29:00+00:00,DMU50_001,3.774,1652.84411,60.0
2026-03-03 20:30:00+00:00,DMU50_001,3.302,1652.89914,60.0
2026-03-03 20:31:00+00:00,DMU50_001,3.387,1652.95559,60.0
2026-03-03 20:32:00+00:00,DMU50_001,3.612,1653.01579,60.0
2026-03-03 20:33:00+00:00,DMU50_001,9.493,1653.17401,60.0
2026-03-03 20:34:00+00:00,DMU50_001,8.539,1653.31633,60.0
2026-03-03 20:35:00+00:00,DMU50_001,8.795,1653.46291,60.0
2026-03-03 20:36:00+00:00,DMU50_001,9.039,1653.61356,60.0
2026-03-03 20:37:00+00:00,DMU50_001,8.925,1653.76231,60.0
2026-03-03 20:38:00+00:00,DMU50_001,9.342,1653.91801,60.0
2026-03-03 20:39:00+00:00,DMU50_001,10.374,1654.09091,60.0
2026-03-03 20:40:00+00:00,DMU50_001,4.284,1654.16231,60.0
2026-03-03 20:41:00+00:00,DMU50_001,4.053,1654.22986,60.0
2026-03-03 20:42:00+00:00,DMU50_001,3.941,1654.29554,60.0
2026-03-03 20:43:00+00:00,DMU50_001,4.135,1654.36446,60.0
2026-03-03 20:44:00+00:00,DMU50_001,7.718,1654.49309,60.0
2026-03-03 20:45:00+00:00,DMU50_001,8.14,1654.62876,60.0
2026-03-03 20:46:00+00:00,DMU50_001,15.226,1654.88253,60.0
2026-03-03 20:47:00+00:00,DMU50_001,14.768,1655.12866,60.0
2026-03-03 20:48:00+00:00,DMU50_001,15.992,1655.39519,60.0
2026-03-03 20:49:00+00:00,DMU50_001,14.632,1655.63906,60.0
2026-03-03 20:50:00+00:00,DMU50_001,14.94,1655.88806,60.0
2026-03-03 20:51:00+00:00,DMU50_001,15.32,1656.14339,60.0
2026-03-03 20:52:00+00:00,DMU50_001,15.446,1656.40082,60.0
2026-03-03 20:53:00+00:00,DMU50_001,9.511,1656.55934,60.0
2026-03-03 20:54:00+00:00,DMU50_001,9.171,1656.71219,60.0
2026-03-03 20:55:00+00:00,DMU50_001,9.42,1656.86919,60.0
2026-03-03 20:56:00+00:00,DMU50_001,8.734,1657.01476,60.0
2026-03-03 20:57:00+00:00,DMU50_001,9.367,1657.17088,60.0
2026-03-03 20:58:00+00:00,DMU50_001,8.271,1657.30873,60.0
2026-03-03 20:59:00+00:00,DMU50_001,15.756,1657.57133,60.0
2026-03-03 21:00:00+00:00,DMU50_001,14.166,1657.80743,60.0
2026-03-03 21:01:00+00:00,DMU50_001,14.546,1658.04986,60.0
2026-03-03 21:02:00+00:00,DMU50_001,15.412,1658.30673,60.0
2026-03-03 21:03:00+00:00,DMU50_001,13.674,1658.53463,60.0
2026-03-03 21:04:00+00:00,DMU50_001,15.246,1658.78873,60.0
2026-03-03 21:05:00+00:00,DMU50_001,15.53,1659.04756,60.0
2026-03-03 21:06:00+00:00,DMU50_001,14.712,1659.29276,60.0
2026-03-03 21:07:00+00:00,DMU50_001,14.785,1659.53918,60.0
2026-03-03 21:08:00+00:00,DMU50_001,3.985,1659.6056,60.0
2026-03-03 21:09:00+00:00,DMU50_001,4.096,1659.67387,60.0
2026-03-03 21:10:00+00:00,DMU50_001,4.101,1659.74222,60.0
2026-03-03 21:11:00+00:00,DMU50_001,7.795,1659.87214,60.0
2026-03-03 21:12:00+00:00,DMU50_001,14.631,1660.11599,60.0
2026-03-03 21:13:00+00:00,DMU50_001,14.864,1660.36372,60.0
2026-03-03 21:14:00+00:00,DMU50_001,14.858,1660.61135,60.0
2026-03-03 21:15:00+00:00,DMU50_001,15.937,1660.87697,60.0
2026-03-03 21:16:00+00:00,DMU50_001,14.803,1661.12369,60.0
2026-03-03 21:17:00+00:00,DMU50_001,15.172,1661.37656,60.0
2026-03-03 21:18:00+00:00,DMU50_001,14.712,1661.62176,60.0
2026-03-03 21:19:00+00:00,DMU50_001,8.764,1661.76783,60.0
2026-03-03 21:20:00+00:00,DMU50_001,8.318,1661.90646,60.0
2026-03-03 21:21:00+00:00,DMU50_001,8.371,1662.04598,60.0
2026-03-03 21:22:00+00:00,DMU50_001,8.517,1662.18793,60.0
2026-03-03 21:23:00+00:00,DMU50_001,9.073,1662.33915,60.0
2026-03-03 21:24:00+00:00,DMU50_001,9.43,1662.49632,60.0
2026-03-03 21:25:00+00:00,DMU50_001,3.843,1662.56037,60.0
2026-03-03 21:26:00+00:00,DMU50_001,4.09,1662.62854,60.0
2026-03-03 21:27:00+00:00,DMU50_001,14.317,1662.86716,60.0
2026-03-03 21:28:00+00:00,DMU50_001,14.868,1663.11496,60.0
2026-03-03 21:29:00+00:00,DMU50_001,15.538,1663.37393,60.0
2026-03-03 21:30:00+00:00,DMU50_001,14.777,1663.62021,60.0
2026-03-03 21:31:00+00:00,DMU50_001,14.976,1663.86981,60.0
2026-03-03 21:32:00+00:00,DMU50_001,15.728,1664.13194,60.0
2026-03-03 21:33:00+00:00,DMU50_001,15.229,1664.38576,60.0
2026-03-03 21:34:00+00:00,DMU50_001,14.62,1664.62943,60.0
2026-03-03 21:35:00+00:00,DMU50_001,4.232,1664.69996,60.0
2026-03-03 21:36:00+00:00,DMU50_001,4.034,1664.76719,60.0
2026-03-03 21:37:00+00:00,DMU50_001,15.21,1665.02069,60.0
2026-03-03 21:38:00+00:00,DMU50_001,15.258,1665.27499,60.0
2026-03-03 21:39:00+00:00,DMU50_001,14.316,1665.51359,60.0
2026-03-03 21:40:00+00:00,DMU50_001,15.088,1665.76506,60.0
2026-03-03 21:41:00+00:00,DMU50_001,14.941,1666.01408,60.0
2026-03-03 21:42:00+00:00,DMU50_001,15.272,1666.26861,60.0
2026-03-03 21:43:00+00:00,DMU50_001,15.416,1666.52554,60.0
2026-03-03 21:44:00+00:00,DMU50_001,9.191,1666.67872,60.0
2026-03-03 21:45:00+00:00,DMU50_001,4.139,1666.7477,60.0
2026-03-03 21:46:00+00:00,DMU50_001,4.387,1666.82082,60.0
2026-03-03 21:47:00+00:00,DMU50_001,14.563,1667.06354,60.0
2026-03-03 21:48:00+00:00,DMU50_001,14.34,1667.30254,60.0
2026-03-03 21:49:00+00:00,DMU50_001,13.402,1667.52591,60.0
2026-03-03 21:50:00+00:00,DMU50_001,14.965,1667.77533,60.0
2026-03-03 21:51:00+00:00,DMU50_001,14.589,1668.01848,60.0
2026-03-03 21:52:00+00:00,DMU50_001,15.199,1668.2718,60.0
2026-03-03 21:53:00+00:00,DMU50_001,14.014,1668.50537,60.0
2026-03-03 21:54:00+00:00,DMU50_001,14.676,1668.74997,60.0
2026-03-03 21:55:00+00:00,DMU50_001,15.235,1669.00389,60.0
2026-03-03 21:56:00+00:00,DMU50_001,8.588,1669.14702,60.0
2026-03-03 21:57:00+00:00,DMU50_001,9.164,1669.29975,60.0
2026-03-03 21:58:00+00:00,DMU50_001,8.777,1669.44603,60.0
2026-03-03 21:59:00+00:00,DMU50_001,8.987,1669.59581,60.0
2026-03-03 22:00:00+00:00,DMU50_001,9.238,1669.74978,60.0
2026-03-03 22:01:00+00:00,DMU50_001,8.286,1669.88788,60.0
2026-03-03 22:02:00+00:00,DMU50_001,3.518,1669.94651,60.0
2026-03-03 22:03:00+00:00,DMU50_001,3.337,1670.00213,60.0
2026-03-03 22:04:00+00:00,DMU50_001,3.408,1670.05893,60.0
2026-03-03 22:05:00+00:00,DMU50_001,3.627,1670.11938,60.0
2026-03-03 22:06:00+00:00,DMU50_001,3.296,1670.17431,60.0
2026-03-03 22:07:00+00:00,DMU50_001,7.947,1670.30676,60.0
2026-03-03 22:08:00+00:00,DMU50_001,3.423,1670.36381,60.0
2026-03-03 22:09:00+00:00,DMU50_001,3.479,1670.42179,60.0
2026-03-03 22:10:00+00:00,DMU50_001,3.298,1670.47676,60.0
2026-03-03 22:11:00+00:00,DMU50_001,3.13,1670.52893,60.0
2026-03-03 22:12:00+00:00,DMU50_001,3.604,1670.589,60.0
2026-03-03 22:13:00+00:00,DMU50_001,4.393,1670.66222,60.0
2026-03-03 22:14:00+00:00,DMU50_001,3.842,1670.72625,60.0
2026-03-03 22:15:00+00:00,DMU50_001,4.274,1670.79748,60.0
2026-03-03 22:16:00+00:00,DMU50_001,15.542,1671.05651,60.0
2026-03-03 22:17:00+00:00,DMU50_001,15.298,1671.31148,60.0
2026-03-03 22:18:00+00:00,DMU50_001,14.792,1671.55801,60.0
2026-03-03 22:19:00+00:00,DMU50_001,14.528,1671.80014,60.0
2026-03-03 22:20:00+00:00,DMU50_001,15.04,1672.05081,60.0
2026-03-03 22:21:00+00:00,DMU50_001,15.124,1672.30288,60.0
2026-03-03 22:22:00+00:00,DMU50_001,9.038,1672.45351,60.0
2026-03-03 22:23:00+00:00,DMU50_001,8.928,1672.60231,60.0
2026-03-03 22:24:00+00:00,DMU50_001,8.567,1672.74509,60.0
2026-03-03 22:25:00+00:00,DMU50_001,9.169,1672.89791,60.0
2026-03-03 22:26:00+00:00,DMU50_001,4.294,1672.96948,60.0
2026-03-03 22:27:00+00:00,DMU50_001,4.24,1673.04015,60.0
2026-03-03 22:28:00+00:00,DMU50_001,4.222,1673.11052,60.0
2026-03-03 22:29:00+00:00,DMU50_001,4.536,1673.18612,60.0
2026-03-03 22:30:00+00:00,DMU50_001,8.75,1673.33195,60.0
2026-03-03 22:31:00+00:00,DMU50_001,9.513,1673.4905,60.0
2026-03-03 22:32:00+00:00,DMU50_001,8.706,1673.6356,60.0
2026-03-03 22:33:00+00:00,DMU50_001,9.444,1673.793,60.0
2026-03-03 22:34:00+00:00,DMU50_001,9.493,1673.95122,60.0
2026-03-03 22:35:00+00:00,DMU50_001,8.883,1674.09927,60.0
2026-03-03 22:36:00+00:00,DMU50_001,4.532,1674.1748,60.0
2026-03-03 22:37:00+00:00,DMU50_001,4.294,1674.24637,60.0
2026-03-03 22:38:00+00:00,DMU50_001,3.325,1674.30179,60.0
2026-03-03 22:39:00+00:00,DMU50_001,3.425,1674.35887,60.0
2026-03-03 22:40:00+00:00,DMU50_001,3.727,1674.42099,60.0
2026-03-03 22:41:00+00:00,DMU50_001,3.685,1674.48241,60.0
2026-03-03 22:42:00+00:00,DMU50_001,3.288,1674.53721,60.0
2026-03-03 22:43:00+00:00,DMU50_001,4.172,1674.60674,60.0
2026-03-03 22:44:00+00:00,DMU50_001,4.241,1674.67742,60.0
2026-03-03 22:45:00+00:00,DMU50_001,14.746,1674.92319,60.0
2026-03-03 22:46:00+00:00,DMU50_001,16.179,1675.19284,60.0
2026-03-03 22:47:00+00:00,DMU50_001,15.117,1675.44479,60.0
2026-03-03 22:48:00+00:00,DMU50_001,14.969,1675.69427,60.0
2026-03-03 22:49:00+00:00,DMU50_001,15.595,1675.95419,60.0
2026-03-03 22:50:00+00:00,DMU50_001,14.817,1676.20114,60.0
2026-03-03 22:51:00+00:00,DMU50_001,15.504,1676.45954,60.0
2026-03-03 22:52:00+00:00,DMU50_001,14.166,1676.69564,60.0
2026-03-03 22:53:00+00:00,DMU50_001,14.773,1676.94186,60.0
2026-03-03 22:54:00+00:00,DMU50_001,15.525,1677.20061,60.0
2026-03-03 22:55:00+00:00,DMU50_001,9.628,1677.36108,60.0
2026-03-03 22:56:00+00:00,DMU50_001,8.691,1677.50593,60.0
2026-03-03 22:57:00+00:00,DMU50_001,8.644,1677.65,60.0
2026-03-03 22:58:00+00:00,DMU50_001,9.227,1677.80378,60.0
2026-03-03 22:59:00+00:00,DMU50_001,7.813,1677.934,60.0
2026-03-03 23:00:00+00:00,DMU50_001,7.919,1678.06598,60.0
2026-03-03 23:01:00+00:00,DMU50_001,15.438,1678.32328,60.0
2026-03-03 23:02:00+00:00,DMU50_001,14.728,1678.56875,60.0
2026-03-03 23:03:00+00:00,DMU50_001,14.017,1678.80237,60.0
2026-03-03 23:04:00+00:00,DMU50_001,14.349,1679.04152,60.0
2026-03-03 23:05:00+00:00,DMU50_001,15.005,1679.2916,60.0
2026-03-03 23:06:00+00:00,DMU50_001,14.068,1679.52607,60.0
2026-03-03 23:07:00+00:00,DMU50_001,14.851,1679.77359,60.0
2026-03-03 23:08:00+00:00,DMU50_001,14.304,1680.01199,60.0
2026-03-03 23:09:00+00:00,DMU50_001,15.82,1680.27566,60.0
2026-03-03 23:10:00+00:00,DMU50_001,9.866,1680.44009,60.0
2026-03-03 23:11:00+00:00,DMU50_001,8.577,1680.58304,60.0
2026-03-03 23:12:00+00:00,DMU50_001,9.103,1680.73476,60.0
2026-03-03 23:13:00+00:00,DMU50_001,8.616,1680.87836,60.0
2026-03-03 23:14:00+00:00,DMU50_001,8.876,1681.02629,60.0
2026-03-03 23:15:00+00:00,DMU50_001,3.861,1681.09064,60.0
2026-03-03 23:16:00+00:00,DMU50_001,3.407,1681.14742,60.0
2026-03-03 23:17:00+00:00,DMU50_001,3.443,1681.2048,60.0
2026-03-03 23:18:00+00:00,DMU50_001,3.311,1681.25998,60.0
2026-03-03 23:19:00+00:00,DMU50_001,3.729,1681.32213,60.0
2026-03-03 23:20:00+00:00,DMU50_001,3.547,1681.38125,60.0
2026-03-03 23:21:00+00:00,DMU50_001,4.111,1681.44977,60.0
2026-03-03 23:22:00+00:00,DMU50_001,4.191,1681.51962,60.0
2026-03-03 23:23:00+00:00,DMU50_001,7.802,1681.64965,60.0
2026-03-03 23:24:00+00:00,DMU50_001,8.259,1681.7873,60.0
2026-03-03 23:25:00+00:00,DMU50_001,9.481,1681.94532,60.0
2026-03-03 23:26:00+00:00,DMU50_001,8.435,1682.0859,60.0
2026-03-03 23:27:00+00:00,DMU50_001,9.837,1682.24985,60.0
2026-03-03 23:28:00+00:00,DMU50_001,8.431,1682.39037,60.0
2026-03-03 23:29:00+00:00,DMU50_001,9.515,1682.54895,60.0
2026-03-03 23:30:00+00:00,DMU50_001,9.06,1682.69995,60.0
2026-03-03 23:31:00+00:00,DMU50_001,8.799,1682.8466,60.0
2026-03-03 23:32:00+00:00,DMU50_001,4.118,1682.91523,60.0
2026-03-03 23:33:00+00:00,DMU50_001,4.193,1682.98511,60.0
2026-03-03 23:34:00+00:00,DMU50_001,4.242,1683.05581,60.0
2026-03-03 23:35:00+00:00,DMU50_001,4.016,1683.12274,60.0
2026-03-03 23:36:00+00:00,DMU50_001,3.453,1683.18029,60.0
2026-03-03 23:37:00+00:00,DMU50_001,3.346,1683.23606,60.0
2026-03-03 23:38:00+00:00,DMU50_001,3.257,1683.29034,60.0
2026-03-03 23:39:00+00:00,DMU50_001,14.591,1683.53352,60.0
2026-03-03 23:40:00+00:00,DMU50_001,14.425,1683.77394,60.0
2026-03-03 23:41:00+00:00,DMU50_001,14.79,1684.02044,60.0
2026-03-03 23:42:00+00:00,DMU50_001,15.216,1684.27404,60.0
2026-03-03 23:43:00+00:00,DMU50_001,15.06,1684.52504,60.0
2026-03-03 23:44:00+00:00,DMU50_001,15.987,1684.79149,60.0
2026-03-03 23:45:00+00:00,DMU50_001,13.895,1685.02307,60.0
2026-03-03 23:46:00+00:00,DMU50_001,9.188,1685.1762,60.0
2026-03-03 23:47:00+00:00,DMU50_001,4.201,1685.24622,60.0
2026-03-03 23:48:00+00:00,DMU50_001,4.363,1685.31894,60.0
2026-03-03 23:49:00+00:00,DMU50_001,4.343,1685.39132,60.0
2026-03-03 23:50:00+00:00,DMU50_001,4.167,1685.46077,60.0
2026-03-03 23:51:00+00:00,DMU50_001,15.086,1685.7122,60.0
2026-03-03 23:52:00+00:00,DMU50_001,14.628,1685.956,60.0
2026-03-03 23:53:00+00:00,DMU50_001,15.307,1686.21112,60.0
2026-03-03 23:54:00+00:00,DMU50_001,14.061,1686.44547,60.0
2026-03-03 23:55:00+00:00,DMU50_001,15.388,1686.70194,60.0
2026-03-03 23:56:00+00:00,DMU50_001,14.988,1686.95174,60.0
2026-03-03 23:57:00+00:00,DMU50_001,14.756,1687.19767,60.0
2026-03-03 23:58:00+00:00,DMU50_001,14.884,1687.44574,60.0
2026-03-03 23:59:00+00:00,DMU50_001,8.936,1687.59467,60.0
2026-03-04 00:00:00+00:00,DMU50_001,9.519,1687.75332,60.0
2026-03-04 00:01:00+00:00,DMU50_001,10.293,1687.92487,60.0
2026-03-04 00:02:00+00:00,DMU50_001,9.488,1688.083,60.0
2026-03-04 00:03:00+00:00,DMU50_001,8.774,1688.22923,60.0
2026-03-04 00:04:00+00:00,DMU50_001,9.252,1688.38343,60.0
2026-03-04 00:05:00+00:00,DMU50_001,3.635,1688.44401,60.0
2026-03-04 00:06:00+00:00,DMU50_001,3.315,1688.49926,60.0
2026-03-04 00:07:00+00:00,DMU50_001,3.248,1688.55339,60.0
2026-03-04 00:08:00+00:00,DMU50_001,8.975,1688.70297,60.0
2026-03-04 00:09:00+00:00,DMU50_001,9.323,1688.85835,60.0
2026-03-04 00:10:00+00:00,DMU50_001,8.355,1688.9976,60.0
2026-03-04 00:11:00+00:00,DMU50_001,8.712,1689.1428,60.0
2026-03-04 00:12:00+00:00,DMU50_001,9.229,1689.29662,60.0
2026-03-04 00:13:00+00:00,DMU50_001,9.017,1689.4469,60.0
2026-03-04 00:14:00+00:00,DMU50_001,4.483,1689.52162,60.0
2026-03-04 00:15:00+00:00,DMU50_001,3.918,1689.58692,60.0
2026-03-04 00:16:00+00:00,DMU50_001,4.67,1689.66475,60.0
2026-03-04 00:17:00+00:00,DMU50_001,14.231,1689.90193,60.0
2026-03-04 00:18:00+00:00,DMU50_001,13.985,1690.13501,60.0
2026-03-04 00:19:00+00:00,DMU50_001,14.971,1690.38453,60.0
2026-03-04 00:20:00+00:00,DMU50_001,14.433,1690.62508,60.0
2026-03-04 00:21:00+00:00,DMU50_001,14.981,1690.87476,60.0
2026-03-04 00:22:00+00:00,DMU50_001,14.963,1691.12414,60.0
2026-03-04 00:23:00+00:00,DMU50_001,14.902,1691.37251,60.0
2026-03-04 00:24:00+00:00,DMU50_001,14.579,1691.61549,60.0
2026-03-04 00:25:00+00:00,DMU50_001,9.173,1691.76837,60.0
2026-03-04 00:26:00+00:00,DMU50_001,8.873,1691.91625,60.0
2026-03-04 00:27:00+00:00,DMU50_001,9.441,1692.0736,60.0
2026-03-04 00:28:00+00:00,DMU50_001,8.928,1692.2224,60.0
2026-03-04 00:29:00+00:00,DMU50_001,3.307,1692.27752,60.0
2026-03-04 00:30:00+00:00,DMU50_001,3.162,1692.33022,60.0
2026-03-04 00:31:00+00:00,DMU50_001,3.466,1692.38799,60.0
2026-03-04 00:32:00+00:00,DMU50_001,3.246,1692.44209,60.0
2026-03-04 00:33:00+00:00,DMU50_001,3.23,1692.49592,60.0
2026-03-04 00:34:00+00:00,DMU50_001,9.211,1692.64944,60.0
2026-03-04 00:35:00+00:00,DMU50_001,8.289,1692.78759,60.0
2026-03-04 00:36:00+00:00,DMU50_001,9.565,1692.94701,60.0
2026-03-04 00:37:00+00:00,DMU50_001,9.064,1693.09808,60.0
2026-03-04 00:38:00+00:00,DMU50_001,8.982,1693.24778,60.0
2026-03-04 00:39:00+00:00,DMU50_001,8.586,1693.39088,60.0
2026-03-04 00:40:00+00:00,DMU50_001,9.306,1693.54598,60.0
2026-03-04 00:41:00+00:00,DMU50_001,4.199,1693.61596,60.0
2026-03-04 00:42:00+00:00,DMU50_001,4.063,1693.68368,60.0
2026-03-04 00:43:00+00:00,DMU50_001,15.1,1693.93535,60.0
2026-03-04 00:44:00+00:00,DMU50_001,14.159,1694.17133,60.0
2026-03-04 00:45:00+00:00,DMU50_001,14.182,1694.4077,60.0
2026-03-04 00:46:00+00:00,DMU50_001,14.44,1694.64837,60.0
2026-03-04 00:47:00+00:00,DMU50_001,15.175,1694.90129,60.0
2026-03-04 00:48:00+00:00,DMU50_001,14.998,1695.15126,60.0
2026-03-04 00:49:00+00:00,DMU50_001,9.42,1695.30826,60.0
2026-03-04 00:50:00+00:00,DMU50_001,7.724,1695.43699,60.0
2026-03-04 00:51:00+00:00,DMU50_001,15.287,1695.69177,60.0
2026-03-04 00:52:00+00:00,DMU50_001,14.943,1695.94082,60.0
2026-03-04 00:53:00+00:00,DMU50_001,14.528,1696.18295,60.0
2026-03-04 00:54:00+00:00,DMU50_001,15.193,1696.43617,60.0
2026-03-04 00:55:00+00:00,DMU50_001,14.967,1696.68562,60.0
2026-03-04 00:56:00+00:00,DMU50_001,14.685,1696.93037,60.0
2026-03-04 00:57:00+00:00,DMU50_001,15.021,1697.18072,60.0
2026-03-04 00:58:00+00:00,DMU50_001,14.935,1697.42964,60.0
2026-03-04 00:59:00+00:00,DMU50_001,4.169,1697.49912,60.0
2026-03-04 01:00:00+00:00,DMU50_001,4.117,1697.56774,60.0
2026-03-04 01:01:00+00:00,DMU50_001,7.609,1697.69456,60.0
2026-03-04 01:02:00+00:00,DMU50_001,8.022,1697.82826,60.0
2026-03-04 01:03:00+00:00,DMU50_001,3.339,1697.88391,60.0
2026-03-04 01:04:00+00:00,DMU50_001,3.296,1697.93884,60.0
2026-03-04 01:05:00+00:00,DMU50_001,3.452,1697.99637,60.0
2026-03-04 01:06:00+00:00,DMU50_001,3.647,1698.05715,60.0
2026-03-04 01:07:00+00:00,DMU50_001,15.093,1698.3087,60.0
2026-03-04 01:08:00+00:00,DMU50_001,14.734,1698.55427,60.0
2026-03-04 01:09:00+00:00,DMU50_001,14.714,1698.7995,60.0
2026-03-04 01:10:00+00:00,DMU50_001,15.318,1699.0548,60.0
2026-03-04 01:11:00+00:00,DMU50_001,13.802,1699.28483,60.0
2026-03-04 01:12:00+00:00,DMU50_001,15.399,1699.54148,60.0
2026-03-04 01:13:00+00:00,DMU50_001,14.063,1699.77586,60.0
2026-03-04 01:14:00+00:00,DMU50_001,8.434,1699.91643,60.0
2026-03-04 01:15:00+00:00,DMU50_001,8.794,1700.063,60.0
2026-03-04 01:16:00+00:00,DMU50_001,9.868,1700.22747,60.0
2026-03-04 01:17:00+00:00,DMU50_001,9.671,1700.38865,60.0
2026-03-04 01:18:00+00:00,DMU50_001,3.641,1700.44933,60.0
2026-03-04 01:19:00+00:00,DMU50_001,3.571,1700.50885,60.0
2026-03-04 01:20:00+00:00,DMU50_001,3.128,1700.56098,60.0
2026-03-04 01:21:00+00:00,DMU50_001,15.078,1700.81228,60.0
2026-03-04 01:22:00+00:00,DMU50_001,14.725,1701.0577,60.0
2026-03-04 01:23:00+00:00,DMU50_001,14.592,1701.3009,60.0
2026-03-04 01:24:00+00:00,DMU50_001,15.077,1701.55218,60.0
2026-03-04 01:25:00+00:00,DMU50_001,14.764,1701.79825,60.0
2026-03-04 01:26:00+00:00,DMU50_001,15.435,1702.0555,60.0
2026-03-04 01:27:00+00:00,DMU50_001,14.032,1702.28937,60.0
2026-03-04 01:28:00+00:00,DMU50_001,15.038,1702.54,60.0
2026-03-04 01:29:00+00:00,DMU50_001,14.56,1702.78267,60.0
2026-03-04 01:30:00+00:00,DMU50_001,8.836,1702.92994,60.0
2026-03-04 01:31:00+00:00,DMU50_001,9.122,1703.08197,60.0
2026-03-04 01:32:00+00:00,DMU50_001,8.553,1703.22452,60.0
2026-03-04 01:33:00+00:00,DMU50_001,9.066,1703.37562,60.0
2026-03-04 01:34:00+00:00,DMU50_001,8.915,1703.5242,60.0
2026-03-04 01:35:00+00:00,DMU50_001,4.068,1703.592,60.0
2026-03-04 01:36:00+00:00,DMU50_001,4.106,1703.66043,60.0
2026-03-04 01:37:00+00:00,DMU50_001,4.169,1703.72991,60.0
2026-03-04 01:38:00+00:00,DMU50_001,4.046,1703.79734,60.0
2026-03-04 01:39:00+00:00,DMU50_001,15.004,1704.04741,60.0
2026-03-04 01:40:00+00:00,DMU50_001,14.861,1704.29509,60.0
2026-03-04 01:41:00+00:00,DMU50_001,14.694,1704.53999,60.0
2026-03-04 01:42:00+00:00,DMU50_001,15.795,1704.80324,60.0
2026-03-04 01:43:00+00:00,DMU50_001,15.208,1705.05671,60.0
2026-03-04 01:44:00+00:00,DMU50_001,14.809,1705.30353,60.0
2026-03-04 01:45:00+00:00,DMU50_001,9.058,1705.4545,60.0
2026-03-04 01:46:00+00:00,DMU50_001,8.589,1705.59765,60.0
2026-03-04 01:47:00+00:00,DMU50_001,8.825,1705.74473,60.0
2026-03-04 01:48:00+00:00,DMU50_001,4.136,1705.81366,60.0
2026-03-04 01:49:00+00:00,DMU50_001,3.951,1705.87951,60.0
2026-03-04 01:50:00+00:00,DMU50_001,4.277,1705.95079,60.0
2026-03-04 01:51:00+00:00,DMU50_001,3.399,1706.00744,60.0
2026-03-04 01:52:00+00:00,DMU50_001,3.429,1706.06459,60.0
2026-03-04 01:53:00+00:00,DMU50_001,3.386,1706.12102,60.0
2026-03-04 01:54:00+00:00,DMU50_001,4.092,1706.18922,60.0
2026-03-04 01:55:00+00:00,DMU50_001,14.669,1706.4337,60.0
2026-03-04 01:56:00+00:00,DMU50_001,13.966,1706.66647,60.0
2026-03-04 01:57:00+00:00,DMU50_001,14.2,1706.90314,60.0
2026-03-04 01:58:00+00:00,DMU50_001,15.38,1707.15947,60.0
2026-03-04 01:59:00+00:00,DMU50_001,15.668,1707.4206,60.0
2026-03-04 02:00:00+00:00,DMU50_001,14.659,1707.66492,60.0
2026-03-04 02:01:00+00:00,DMU50_001,15.639,1707.92557,60.0
2026-03-04 02:02:00+00:00,DMU50_001,15.371,1708.18175,60.0
2026-03-04 02:03:00+00:00,DMU50_001,8.924,1708.33048,60.0
2026-03-04 02:04:00+00:00,DMU50_001,8.896,1708.47875,60.0
2026-03-04 02:05:00+00:00,DMU50_001,9.072,1708.62995,60.0
2026-03-04 02:06:00+00:00,DMU50_001,9.351,1708.7858,60.0
2026-03-04 02:07:00+00:00,DMU50_001,9.159,1708.93845,60.0
2026-03-04 02:08:00+00:00,DMU50_001,3.365,1708.99453,60.0
2026-03-04 02:09:00+00:00,DMU50_001,3.465,1709.05228,60.0
2026-03-04 02:10:00+00:00,DMU50_001,3.896,1709.11721,60.0
2026-03-04 02:11:00+00:00,DMU50_001,3.55,1709.17638,60.0
2026-03-04 02:12:00+00:00,DMU50_001,15.435,1709.43363,60.0
2026-03-04 02:13:00+00:00,DMU50_001,15.27,1709.68813,60.0
2026-03-04 02:14:00+00:00,DMU50_001,15.137,1709.94041,60.0
2026-03-04 02:15:00+00:00,DMU50_001,15.054,1710.19131,60.0
2026-03-04 02:16:00+00:00,DMU50_001,15.449,1710.44879,60.0
2026-03-04 02:17:00+00:00,DMU50_001,15.359,1710.70477,60.0
2026-03-04 02:18:00+00:00,DMU50_001,15.132,1710.95697,60.0
2026-03-04 02:19:00+00:00,DMU50_001,8.722,1711.10234,60.0
2026-03-04 02:20:00+00:00,DMU50_001,9.154,1711.25491,60.0
2026-03-04 02:21:00+00:00,DMU50_001,4.187,1711.32469,60.0
2026-03-04 02:22:00+00:00,DMU50_001,4.138,1711.39366,60.0
2026-03-04 02:23:00+00:00,DMU50_001,4.736,1711.47259,60.0
2026-03-04 02:24:00+00:00,DMU50_001,14.23,1711.70976,60.0
2026-03-04 02:25:00+00:00,DMU50_001,15.479,1711.96774,60.0
2026-03-04 02:26:00+00:00,DMU50_001,14.569,1712.21056,60.0
2026-03-04 02:27:00+00:00,DMU50_001,15.066,1712.46166,60.0
2026-03-04 02:28:00+00:00,DMU50_001,16.284,1712.73306,60.0
2026-03-04 02:29:00+00:00,DMU50_001,14.519,1712.97504,60.0
2026-03-04 02:30:00+00:00,DMU50_001,14.638,1713.21901,60.0
2026-03-04 02:31:00+00:00,DMU50_001,14.991,1713.46886,60.0
2026-03-04 02:32:00+00:00,DMU50_001,8.661,1713.61321,60.0
2026-03-04 02:33:00+00:00,DMU50_001,8.265,1713.75096,60.0
2026-03-04 02:34:00+00:00,DMU50_001,14.733,1713.99651,60.0
2026-03-04 02:35:00+00:00,DMU50_001,15.327,1714.25196,60.0
2026-03-04 02:36:00+00:00,DMU50_001,14.335,1714.49088,60.0
2026-03-04 02:37:00+00:00,DMU50_001,14.097,1714.72583,60.0
2026-03-04 02:38:00+00:00,DMU50_001,14.886,1714.97393,60.0
2026-03-04 02:39:00+00:00,DMU50_001,14.216,1715.21086,60.0
2026-03-04 02:40:00+00:00,DMU50_001,15.759,1715.47351,60.0
2026-03-04 02:41:00+00:00,DMU50_001,8.388,1715.61331,60.0
2026-03-04 02:42:00+00:00,DMU50_001,8.585,1715.75639,60.0
2026-03-04 02:43:00+00:00,DMU50_001,9.165,1715.90914,60.0
2026-03-04 02:44:00+00:00,DMU50_001,8.765,1716.05522,60.0
2026-03-04 02:45:00+00:00,DMU50_001,8.393,1716.1951,60.0
2026-03-04 02:46:00+00:00,DMU50_001,9.816,1716.3587,60.0
2026-03-04 02:47:00+00:00,DMU50_001,3.3,1716.4137,60.0
2026-03-04 02:48:00+00:00,DMU50_001,3.461,1716.47138,60.0
2026-03-04 02:49:00+00:00,DMU50_001,3.458,1716.52901,60.0
2026-03-04 02:50:00+00:00,DMU50_001,3.642,1716.58971,60.0
2026-03-04 02:51:00+00:00,DMU50_001,4.292,1716.66124,60.0
2026-03-04 02:52:00+00:00,DMU50_001,4.035,1716.72849,60.0
2026-03-04 02:53:00+00:00,DMU50_001,4.135,1716.79741,60.0
2026-03-04 02:54:00+00:00,DMU50_001,4.155,1716.86666,60.0
2026-03-04 02:55:00+00:00,DMU50_001,15.374,1717.12289,60.0
2026-03-04 02:56:00+00:00,DMU50_001,14.416,1717.36316,60.0
2026-03-04 02:57:00+00:00,DMU50_001,16.009,1717.62998,60.0
2026-03-04 02:58:00+00:00,DMU50_001,14.62,1717.87365,60.0
2026-03-04 02:59:00+00:00,DMU50_001,14.996,1718.12358,60.0
2026-03-04 03:00:00+00:00,DMU50_001,14.42,1718.36391,60.0
2026-03-04 03:01:00+00:00,DMU50_001,14.351,1718.60309,60.0
2026-03-04 03:02:00+00:00,DMU50_001,14.563,1718.84581,60.0
2026-03-04 03:03:00+00:00,DMU50_001,8.612,1718.98934,60.0
2026-03-04 03:04:00+00:00,DMU50_001,8.834,1719.13657,60.0
2026-03-04 03:05:00+00:00,DMU50_001,4.004,1719.2033,60.0
2026-03-04 03:06:00+00:00,DMU50_001,4.339,1719.27562,60.0
2026-03-04 03:07:00+00:00,DMU50_001,8.687,1719.4204,60.0
2026-03-04 03:08:00+00:00,DMU50_001,8.642,1719.56443,60.0
2026-03-04 03:09:00+00:00,DMU50_001,8.843,1719.71181,60.0
2026-03-04 03:10:00+00:00,DMU50_001,9.397,1719.86843,60.0
2026-03-04 03:11:00+00:00,DMU50_001,9.086,1720.01986,60.0
2026-03-04 03:12:00+00:00,DMU50_001,8.96,1720.16919,60.0
2026-03-04 03:13:00+00:00,DMU50_001,3.913,1720.23441,60.0
2026-03-04 03:14:00+00:00,DMU50_001,3.971,1720.30059,60.0
2026-03-04 03:15:00+00:00,DMU50_001,3.944,1720.36632,60.0
2026-03-04 03:16:00+00:00,DMU50_001,9.523,1720.52504,60.0
2026-03-04 03:17:00+00:00,DMU50_001,9.212,1720.67857,60.0
2026-03-04 03:18:00+00:00,DMU50_001,8.655,1720.82282,60.0
2026-03-04 03:19:00+00:00,DMU50_001,8.774,1720.96905,60.0
2026-03-04 03:20:00+00:00,DMU50_001,8.67,1721.11355,60.0
2026-03-04 03:21:00+00:00,DMU50_001,8.646,1721.25765,60.0
2026-03-04 03:22:00+00:00,DMU50_001,9.184,1721.41072,60.0
2026-03-04 03:23:00+00:00,DMU50_001,3.442,1721.46809,60.0
2026-03-04 03:24:00+00:00,DMU50_001,3.916,1721.53336,60.0
2026-03-04 03:25:00+00:00,DMU50_001,3.75,1721.59586,60.0
2026-03-04 03:26:00+00:00,DMU50_001,3.762,1721.65856,60.0
2026-03-04 03:27:00+00:00,DMU50_001,3.634,1721.71913,60.0
2026-03-04 03:28:00+00:00,DMU50_001,7.873,1721.85035,60.0
2026-03-04 03:29:00+00:00,DMU50_001,8.179,1721.98667,60.0
2026-03-04 03:30:00+00:00,DMU50_001,4.13,1722.0555,60.0
2026-03-04 03:31:00+00:00,DMU50_001,4.526,1722.13093,60.0
2026-03-04 03:32:00+00:00,DMU50_001,4.281,1722.20228,60.0
2026-03-04 03:33:00+00:00,DMU50_001,15.131,1722.45446,60.0
2026-03-04 03:34:00+00:00,DMU50_001,15.064,1722.70553,60.0
2026-03-04 03:35:00+00:00,DMU50_001,15.87,1722.97003,60.0
2026-03-04 03:36:00+00:00,DMU50_001,14.283,1723.20808,60.0
2026-03-04 03:37:00+00:00,DMU50_001,15.919,1723.4734,60.0
2026-03-04 03:38:00+00:00,DMU50_001,14.907,1723.72185,60.0
2026-03-04 03:39:00+00:00,DMU50_001,14.297,1723.96013,60.0
2026-03-04 03:40:00+00:00,DMU50_001,14.624,1724.20386,60.0
2026-03-04 03:41:00+00:00,DMU50_001,8.34,1724.34286,60.0
2026-03-04 03:42:00+00:00,DMU50_001,9.261,1724.49721,60.0
2026-03-04 03:43:00+00:00,DMU50_001,8.585,1724.64029,60.0
2026-03-04 03:44:00+00:00,DMU50_001,9.067,1724.79141,60.0
2026-03-04 03:45:00+00:00,DMU50_001,9.454,1724.94898,60.0
2026-03-04 03:46:00+00:00,DMU50_001,8.731,1725.0945,60.0
2026-03-04 03:47:00+00:00,DMU50_001,4.146,1725.1636,60.0
2026-03-04 03:48:00+00:00,DMU50_001,3.939,1725.22925,60.0
2026-03-04 03:49:00+00:00,DMU50_001,4.122,1725.29795,60.0
2026-03-04 03:50:00+00:00,DMU50_001,4.715,1725.37653,60.0
2026-03-04 03:51:00+00:00,DMU50_001,8.233,1725.51375,60.0
2026-03-04 03:52:00+00:00,DMU50_001,7.921,1725.64577,60.0
2026-03-04 03:53:00+00:00,DMU50_001,14.694,1725.89067,60.0
2026-03-04 03:54:00+00:00,DMU50_001,14.979,1726.14032,60.0
2026-03-04 03:55:00+00:00,DMU50_001,15.065,1726.3914,60.0
2026-03-04 03:56:00+00:00,DMU50_001,14.79,1726.6379,60.0
2026-03-04 03:57:00+00:00,DMU50_001,15.265,1726.89232,60.0
2026-03-04 03:58:00+00:00,DMU50_001,14.523,1727.13437,60.0
2026-03-04 03:59:00+00:00,DMU50_001,14.521,1727.37639,60.0
2026-03-04 04:00:00+00:00,DMU50_001,9.148,1727.52886,60.0
2026-03-04 04:01:00+00:00,DMU50_001,3.966,1727.59496,60.0
2026-03-04 04:02:00+00:00,DMU50_001,4.346,1727.66739,60.0
2026-03-04 04:03:00+00:00,DMU50_001,4.197,1727.73734,60.0
2026-03-04 04:04:00+00:00,DMU50_001,3.834,1727.80124,60.0
2026-03-04 04:05:00+00:00,DMU50_001,15.055,1728.05216,60.0
2026-03-04 04:06:00+00:00,DMU50_001,14.157,1728.28811,60.0
2026-03-04 04:07:00+00:00,DMU50_001,15.347,1728.54389,60.0
2026-03-04 04:08:00+00:00,DMU50_001,14.876,1728.79182,60.0
2026-03-04 04:09:00+00:00,DMU50_001,15.926,1729.05725,60.0
2026-03-04 04:10:00+00:00,DMU50_001,15.536,1729.31618,60.0
2026-03-04 04:11:00+00:00,DMU50_001,14.47,1729.55735,60.0
2026-03-04 04:12:00+00:00,DMU50_001,13.99,1729.79052,60.0
2026-03-04 04:13:00+00:00,DMU50_001,14.622,1730.03422,60.0
2026-03-04 04:14:00+00:00,DMU50_001,8.511,1730.17607,60.0
2026-03-04 04:15:00+00:00,DMU50_001,9.73,1730.33824,60.0
2026-03-04 04:16:00+00:00,DMU50_001,8.996,1730.48817,60.0
2026-03-04 04:17:00+00:00,DMU50_001,9.373,1730.64439,60.0
2026-03-04 04:18:00+00:00,DMU50_001,8.886,1730.79249,60.0
2026-03-04 04:19:00+00:00,DMU50_001,7.946,1730.92492,60.0
2026-03-04 04:20:00+00:00,DMU50_001,14.984,1731.17465,60.0
2026-03-04 04:21:00+00:00,DMU50_001,15.553,1731.43387,60.0
2026-03-04 04:22:00+00:00,DMU50_001,15.156,1731.68647,60.0
2026-03-04 04:23:00+00:00,DMU50_001,14.471,1731.92765,60.0
2026-03-04 04:24:00+00:00,DMU50_001,15.811,1732.19117,60.0
2026-03-04 04:25:00+00:00,DMU50_001,14.854,1732.43874,60.0
2026-03-04 04:26:00+00:00,DMU50_001,14.772,1732.68494,60.0
2026-03-04 04:27:00+00:00,DMU50_001,7.868,1732.81607,60.0
2026-03-04 04:28:00+00:00,DMU50_001,9.254,1732.9703,60.0
2026-03-04 04:29:00+00:00,DMU50_001,9.04,1733.12097,60.0
2026-03-04 04:30:00+00:00,DMU50_001,9.04,1733.27164,60.0
2026-03-04 04:31:00+00:00,DMU50_001,8.839,1733.41896,60.0
2026-03-04 04:32:00+00:00,DMU50_001,4.085,1733.48704,60.0
2026-03-04 04:33:00+00:00,DMU50_001,4.126,1733.55581,60.0
2026-03-04 04:34:00+00:00,DMU50_001,4.293,1733.62736,60.0
2026-03-04 04:35:00+00:00,DMU50_001,8.192,1733.76389,60.0
2026-03-04 04:36:00+00:00,DMU50_001,7.931,1733.89607,60.0
2026-03-04 04:37:00+00:00,DMU50_001,3.69,1733.95757,60.0
2026-03-04 04:38:00+00:00,DMU50_001,3.484,1734.01564,60.0
2026-03-04 04:39:00+00:00,DMU50_001,14.748,1734.26144,60.0
2026-03-04 04:40:00+00:00,DMU50_001,15.099,1734.51309,60.0
2026-03-04 04:41:00+00:00,DMU50_001,14.32,1734.75176,60.0
2026-03-04 04:42:00+00:00,DMU50_001,15.116,1735.00369,60.0
2026-03-04 04:43:00+00:00,DMU50_001,14.229,1735.24084,60.0
2026-03-04 04:44:00+00:00,DMU50_001,14.486,1735.48227,60.0
2026-03-04 04:45:00+00:00,DMU50_001,13.991,1735.71545,60.0
2026-03-04 04:46:00+00:00,DMU50_001,14.912,1735.96398,60.0
2026-03-04 04:47:00+00:00,DMU50_001,15.805,1736.2274,60.0
2026-03-04 04:48:00+00:00,DMU50_001,8.953,1736.37662,60.0
2026-03-04 04:49:00+00:00,DMU50_001,9.257,1736.5309,60.0
2026-03-04 04:50:00+00:00,DMU50_001,9.941,1736.69658,60.0
2026-03-04 04:51:00+00:00,DMU50_001,9.162,1736.84928,60.0
2026-03-04 04:52:00+00:00,DMU50_001,8.694,1736.99418,60.0
2026-03-04 04:53:00+00:00,DMU50_001,7.812,1737.12438,60.0
2026-03-04 04:54:00+00:00,DMU50_001,8.0,1737.25771,60.0
2026-03-04 04:55:00+00:00,DMU50_001,3.373,1737.31393,60.0
2026-03-04 04:56:00+00:00,DMU50_001,3.388,1737.3704,60.0
2026-03-04 04:57:00+00:00,DMU50_001,3.697,1737.43202,60.0
2026-03-04 04:58:00+00:00,DMU50_001,15.513,1737.69057,60.0
2026-03-04 04:59:00+00:00,DMU50_001,14.177,1737.92685,60.0
2026-03-04 05:00:00+00:00,DMU50_001,14.591,1738.17003,60.0
2026-03-04 05:01:00+00:00,DMU50_001,14.768,1738.41616,60.0
2026-03-04 05:02:00+00:00,DMU50_001,15.3,1738.67116,60.0
2026-03-04 05:03:00+00:00,DMU50_001,15.572,1738.93069,60.0
2026-03-04 05:04:00+00:00,DMU50_001,16.351,1739.20321,60.0
2026-03-04 05:05:00+00:00,DMU50_001,8.814,1739.35011,60.0
2026-03-04 05:06:00+00:00,DMU50_001,8.834,1739.49734,60.0
2026-03-04 05:07:00+00:00,DMU50_001,9.235,1739.65126,60.0
2026-03-04 05:08:00+00:00,DMU50_001,8.727,1739.79671,60.0
2026-03-04 05:09:00+00:00,DMU50_001,4.172,1739.86624,60.0
2026-03-04 05:10:00+00:00,DMU50_001,4.117,1739.93486,60.0
2026-03-04 05:11:00+00:00,DMU50_001,3.676,1739.99613,60.0
2026-03-04 05:12:00+00:00,DMU50_001,15.062,1740.24716,60.0
2026-03-04 05:13:00+00:00,DMU50_001,14.909,1740.49564,60.0
2026-03-04 05:14:00+00:00,DMU50_001,15.636,1740.75624,60.0
2026-03-04 05:15:00+00:00,DMU50_001,15.003,1741.00629,60.0
2026-03-04 05:16:00+00:00,DMU50_001,14.373,1741.24584,60.0
2026-03-04 05:17:00+00:00,DMU50_001,14.871,1741.49369,60.0
2026-03-04 05:18:00+00:00,DMU50_001,13.954,1741.72626,60.0
2026-03-04 05:19:00+00:00,DMU50_001,14.395,1741.96618,60.0
2026-03-04 05:20:00+00:00,DMU50_001,15.318,1742.22148,60.0
2026-03-04 05:21:00+00:00,DMU50_001,8.901,1742.36983,60.0
2026-03-04 05:22:00+00:00,DMU50_001,3.685,1742.43125,60.0
2026-03-04 05:23:00+00:00,DMU50_001,3.107,1742.48303,60.0
2026-03-04 05:24:00+00:00,DMU50_001,3.452,1742.54056,60.0
2026-03-04 05:25:00+00:00,DMU50_001,3.405,1742.59731,60.0
2026-03-04 05:26:00+00:00,DMU50_001,3.691,1742.65883,60.0
2026-03-04 05:27:00+00:00,DMU50_001,4.335,1742.73108,60.0
2026-03-04 05:28:00+00:00,DMU50_001,4.328,1742.80321,60.0
2026-03-04 05:29:00+00:00,DMU50_001,4.508,1742.87834,60.0
2026-03-04 05:30:00+00:00,DMU50_001,4.126,1742.94711,60.0
2026-03-04 05:31:00+00:00,DMU50_001,15.668,1743.20824,60.0
2026-03-04 05:32:00+00:00,DMU50_001,14.478,1743.44954,60.0
2026-03-04 05:33:00+00:00,DMU50_001,14.46,1743.69054,60.0
2026-03-04 05:34:00+00:00,DMU50_001,15.376,1743.94681,60.0
2026-03-04 05:35:00+00:00,DMU50_001,14.248,1744.18428,60.0
2026-03-04 05:36:00+00:00,DMU50_001,15.286,1744.43905,60.0
2026-03-04 05:37:00+00:00,DMU50_001,15.051,1744.6899,60.0
2026-03-04 05:38:00+00:00,DMU50_001,9.429,1744.84705,60.0
2026-03-04 05:39:00+00:00,DMU50_001,7.982,1744.98008,60.0
2026-03-04 05:40:00+00:00,DMU50_001,4.211,1745.05026,60.0
2026-03-04 05:41:00+00:00,DMU50_001,4.302,1745.12196,60.0
2026-03-04 05:42:00+00:00,DMU50_001,4.067,1745.18974,60.0
2026-03-04 05:43:00+00:00,DMU50_001,14.647,1745.43386,60.0
2026-03-04 05:44:00+00:00,DMU50_001,15.237,1745.68781,60.0
2026-03-04 05:45:00+00:00,DMU50_001,14.985,1745.93756,60.0
2026-03-04 05:46:00+00:00,DMU50_001,14.796,1746.18416,60.0
2026-03-04 05:47:00+00:00,DMU50_001,14.959,1746.43348,60.0
2026-03-04 05:48:00+00:00,DMU50_001,15.797,1746.69676,60.0
2026-03-04 05:49:00+00:00,DMU50_001,14.778,1746.94306,60.0
2026-03-04 05:50:00+00:00,DMU50_001,14.764,1747.18913,60.0
2026-03-04 05:51:00+00:00,DMU50_001,14.146,1747.4249,60.0
2026-03-04 05:52:00+00:00,DMU50_001,8.983,1747.57462,60.0
2026-03-04 05:53:00+00:00,DMU50_001,8.197,1747.71124,60.0
2026-03-04 05:54:00+00:00,DMU50_001,15.418,1747.96821,60.0
2026-03-04 05:55:00+00:00,DMU50_001,15.054,1748.21911,60.0
2026-03-04 05:56:00+00:00,DMU50_001,15.478,1748.47708,60.0
2026-03-04 05:57:00+00:00,DMU50_001,15.366,1748.73318,60.0
2026-03-04 05:58:00+00:00,DMU50_001,15.556,1748.99245,60.0
2026-03-04 05:59:00+00:00,DMU50_001,15.492,1749.25065,60.0
2026-03-04 06:00:00+00:00,DMU50_001,9.628,1749.41112,60.0
2026-03-04 06:01:00+00:00,DMU50_001,8.932,1749.55999,60.0
2026-03-04 06:02:00+00:00,DMU50_001,8.469,1749.70114,60.0
2026-03-04 06:03:00+00:00,DMU50_001,9.265,1749.85556,60.0
2026-03-04 06:04:00+00:00,DMU50_001,9.312,1750.01076,60.0
2026-03-04 06:05:00+00:00,DMU50_001,4.514,1750.08599,60.0
2026-03-04 06:06:00+00:00,DMU50_001,4.456,1750.16026,60.0
2026-03-04 06:07:00+00:00,DMU50_001,4.589,1750.23674,60.0
2026-03-04 06:08:00+00:00,DMU50_001,15.31,1750.49191,60.0
2026-03-04 06:09:00+00:00,DMU50_001,15.114,1750.74381,60.0
2026-03-04 06:10:00+00:00,DMU50_001,14.308,1750.98228,60.0
2026-03-04 06:11:00+00:00,DMU50_001,15.154,1751.23485,60.0
2026-03-04 06:12:00+00:00,DMU50_001,14.724,1751.48025,60.0
2026-03-04 06:13:00+00:00,DMU50_001,15.106,1751.73202,60.0
2026-03-04 06:14:00+00:00,DMU50_001,15.027,1751.98247,60.0
2026-03-04 06:15:00+00:00,DMU50_001,15.236,1752.2364,60.0
2026-03-04 06:16:00+00:00,DMU50_001,8.961,1752.38575,60.0
2026-03-04 06:17:00+00:00,DMU50_001,9.374,1752.54198,60.0
2026-03-04 06:18:00+00:00,DMU50_001,7.911,1752.67383,60.0
2026-03-04 06:19:00+00:00,DMU50_001,9.076,1752.8251,60.0
2026-03-04 06:20:00+00:00,DMU50_001,9.481,1752.98312,60.0
2026-03-04 06:21:00+00:00,DMU50_001,3.874,1753.04769,60.0
2026-03-04 06:22:00+00:00,DMU50_001,3.646,1753.10846,60.0
2026-03-04 06:23:00+00:00,DMU50_001,3.837,1753.17241,60.0
2026-03-04 06:24:00+00:00,DMU50_001,15.084,1753.42381,60.0
2026-03-04 06:25:00+00:00,DMU50_001,15.001,1753.67383,60.0
2026-03-04 06:26:00+00:00,DMU50_001,15.265,1753.92825,60.0
2026-03-04 06:27:00+00:00,DMU50_001,14.998,1754.17822,60.0
2026-03-04 06:28:00+00:00,DMU50_001,14.609,1754.4217,60.0
2026-03-04 06:29:00+00:00,DMU50_001,14.742,1754.6674,60.0
2026-03-04 06:30:00+00:00,DMU50_001,14.444,1754.90813,60.0
2026-03-04 06:31:00+00:00,DMU50_001,9.211,1755.06165,60.0
2026-03-04 06:32:00+00:00,DMU50_001,9.005,1755.21173,60.0
2026-03-04 06:33:00+00:00,DMU50_001,4.128,1755.28053,60.0
2026-03-04 06:34:00+00:00,DMU50_001,4.087,1755.34865,60.0
2026-03-04 06:35:00+00:00,DMU50_001,4.301,1755.42033,60.0
2026-03-04 06:36:00+00:00,DMU50_001,4.356,1755.49293,60.0
2026-03-04 06:37:00+00:00,DMU50_001,7.661,1755.62061,60.0
2026-03-04 06:38:00+00:00,DMU50_001,7.614,1755.74751,60.0
2026-03-04 06:39:00+00:00,DMU50_001,15.477,1756.00546,60.0
2026-03-04 06:40:00+00:00,DMU50_001,14.312,1756.24399,60.0
2026-03-04 06:41:00+00:00,DMU50_001,15.274,1756.49856,60.0
2026-03-04 06:42:00+00:00,DMU50_001,15.808,1756.76203,60.0
2026-03-04 06:43:00+00:00,DMU50_001,15.81,1757.02553,60.0
2026-03-04 06:44:00+00:00,DMU50_001,15.369,1757.28168,60.0
2026-03-04 06:45:00+00:00,DMU50_001,15.354,1757.53758,60.0
2026-03-04 06:46:00+00:00,DMU50_001,16.126,1757.80635,60.0
2026-03-04 06:47:00+00:00,DMU50_001,8.066,1757.94078,60.0
2026-03-04 06:48:00+00:00,DMU50_001,8.814,1758.08768,60.0
2026-03-04 06:49:00+00:00,DMU50_001,9.339,1758.24333,60.0
2026-03-04 06:50:00+00:00,DMU50_001,8.865,1758.39108,60.0
2026-03-04 06:51:00+00:00,DMU50_001,9.496,1758.54935,60.0
2026-03-04 06:52:00+00:00,DMU50_001,4.192,1758.61922,60.0
2026-03-04 06:53:00+00:00,DMU50_001,4.226,1758.68965,60.0
2026-03-04 06:54:00+00:00,DMU50_001,4.145,1758.75873,60.0
2026-03-04 06:55:00+00:00,DMU50_001,4.095,1758.82698,60.0
2026-03-04 06:56:00+00:00,DMU50_001,14.726,1759.07241,60.0
2026-03-04 06:57:00+00:00,DMU50_001,15.136,1759.32468,60.0
2026-03-04 06:58:00+00:00,DMU50_001,14.613,1759.56823,60.0
2026-03-04 06:59:00+00:00,DMU50_001,15.477,1759.82618,60.0
2026-03-04 07:00:00+00:00,DMU50_001,15.327,1760.08163,60.0
2026-03-04 07:01:00+00:00,DMU50_001,15.55,1760.3408,60.0
2026-03-04 07:02:00+00:00,DMU50_001,8.548,1760.48327,60.0
2026-03-04 07:03:00+00:00,DMU50_001,8.32,1760.62194,60.0
2026-03-04 07:04:00+00:00,DMU50_001,3.499,1760.68026,60.0
2026-03-04 07:05:00+00:00,DMU50_001,4.08,1760.74826,60.0
2026-03-04 07:06:00+00:00,DMU50_001,3.753,1760.81081,60.0
2026-03-04 07:07:00+00:00,DMU50_001,7.834,1760.94138,60.0
2026-03-04 07:08:00+00:00,DMU50_001,8.127,1761.07683,60.0
2026-03-04 07:09:00+00:00,DMU50_001,9.291,1761.23168,60.0
2026-03-04 07:10:00+00:00,DMU50_001,8.453,1761.37256,60.0
2026-03-04 07:11:00+00:00,DMU50_001,9.548,1761.53169,60.0
2026-03-04 07:12:00+00:00,DMU50_001,8.933,1761.68057,60.0
2026-03-04 07:13:00+00:00,DMU50_001,8.964,1761.82997,60.0
2026-03-04 07:14:00+00:00,DMU50_001,9.01,1761.98014,60.0
2026-03-04 07:15:00+00:00,DMU50_001,8.343,1762.11919,60.0
2026-03-04 07:16:00+00:00,DMU50_001,8.698,1762.26416,60.0
2026-03-04 07:17:00+00:00,DMU50_001,8.317,1762.40278,60.0
2026-03-04 07:18:00+00:00,DMU50_001,9.129,1762.55493,60.0
2026-03-04 07:19:00+00:00,DMU50_001,8.183,1762.69131,60.0
2026-03-04 07:20:00+00:00,DMU50_001,8.88,1762.83931,60.0
2026-03-04 07:21:00+00:00,DMU50_001,9.475,1762.99723,60.0
2026-03-04 07:22:00+00:00,DMU50_001,4.316,1763.06916,60.0
2026-03-04 07:23:00+00:00,DMU50_001,4.408,1763.14263,60.0
2026-03-04 07:24:00+00:00,DMU50_001,4.324,1763.2147,60.0
2026-03-04 07:25:00+00:00,DMU50_001,4.682,1763.29273,60.0
2026-03-04 07:26:00+00:00,DMU50_001,14.706,1763.53783,60.0
2026-03-04 07:27:00+00:00,DMU50_001,15.199,1763.79115,60.0
2026-03-04 07:28:00+00:00,DMU50_001,14.781,1764.0375,60.0
2026-03-04 07:29:00+00:00,DMU50_001,15.478,1764.29547,60.0
2026-03-04 07:30:00+00:00,DMU50_001,14.969,1764.54495,60.0
2026-03-04 07:31:00+00:00,DMU50_001,15.859,1764.80927,60.0
2026-03-04 07:32:00+00:00,DMU50_001,14.735,1765.05485,60.0
2026-03-04 07:33:00+00:00,DMU50_001,9.563,1765.21423,60.0
2026-03-04 07:34:00+00:00,DMU50_001,9.237,1765.36818,60.0
2026-03-04 07:35:00+00:00,DMU50_001,8.987,1765.51796,60.0
2026-03-04 07:36:00+00:00,DMU50_001,9.217,1765.67158,60.0
2026-03-04 07:37:00+00:00,DMU50_001,9.105,1765.82333,60.0
2026-03-04 07:38:00+00:00,DMU50_001,9.142,1765.9757,60.0
2026-03-04 07:39:00+00:00,DMU50_001,8.917,1766.12432,60.0
2026-03-04 07:40:00+00:00,DMU50_001,3.36,1766.18032,60.0
2026-03-04 07:41:00+00:00,DMU50_001,3.433,1766.23754,60.0
2026-03-04 07:42:00+00:00,DMU50_001,3.163,1766.29026,60.0
2026-03-04 07:43:00+00:00,DMU50_001,3.668,1766.35139,60.0
2026-03-04 07:44:00+00:00,DMU50_001,14.382,1766.59109,60.0
2026-03-04 07:45:00+00:00,DMU50_001,14.891,1766.83927,60.0
2026-03-04 07:46:00+00:00,DMU50_001,15.324,1767.09467,60.0
2026-03-04 07:47:00+00:00,DMU50_001,15.42,1767.35167,60.0
2026-03-04 07:48:00+00:00,DMU50_001,14.113,1767.58689,60.0
2026-03-04 07:49:00+00:00,DMU50_001,14.954,1767.83612,60.0
2026-03-04 07:50:00+00:00,DMU50_001,15.23,1768.08995,60.0
2026-03-04 07:51:00+00:00,DMU50_001,15.026,1768.34038,60.0
2026-03-04 07:52:00+00:00,DMU50_001,15.672,1768.60158,60.0
2026-03-04 07:53:00+00:00,DMU50_001,8.671,1768.7461,60.0
2026-03-04 07:54:00+00:00,DMU50_001,8.18,1768.88243,60.0
2026-03-04 07:55:00+00:00,DMU50_001,9.324,1769.03783,60.0
2026-03-04 07:56:00+00:00,DMU50_001,8.785,1769.18425,60.0
2026-03-04 07:57:00+00:00,DMU50_001,3.148,1769.23672,60.0
2026-03-04 07:58:00+00:00,DMU50_001,3.468,1769.29452,60.0
2026-03-04 07:59:00+00:00,DMU50_001,15.615,1769.55477,60.0
2026-03-04 08:00:00+00:00,DMU50_001,14.368,1769.79424,60.0
2026-03-04 08:01:00+00:00,DMU50_001,16.168,1770.06371,60.0
2026-03-04 08:02:00+00:00,DMU50_001,14.581,1770.30673,60.0
2026-03-04 08:03:00+00:00,DMU50_001,15.044,1770.55746,60.0
2026-03-04 08:04:00+00:00,DMU50_001,14.39,1770.79729,60.0
2026-03-04 08:05:00+00:00,DMU50_001,4.208,1770.86742,60.0
2026-03-04 08:06:00+00:00,DMU50_001,4.173,1770.93697,60.0
2026-03-04 08:07:00+00:00,DMU50_001,8.404,1771.07704,60.0
2026-03-04 08:08:00+00:00,DMU50_001,10.13,1771.24587,60.0
2026-03-04 08:09:00+00:00,DMU50_001,8.802,1771.39257,60.0
2026-03-04 08:10:00+00:00,DMU50_001,8.802,1771.53927,60.0
2026-03-04 08:11:00+00:00,DMU50_001,9.388,1771.69574,60.0
2026-03-04 08:12:00+00:00,DMU50_001,9.726,1771.85784,60.0
2026-03-04 08:13:00+00:00,DMU50_001,8.338,1771.99681,60.0
2026-03-04 08:14:00+00:00,DMU50_001,7.64,1772.12414,60.0
2026-03-04 08:15:00+00:00,DMU50_001,4.243,1772.19486,60.0
2026-03-04 08:16:00+00:00,DMU50_001,3.824,1772.25859,60.0
2026-03-04 08:17:00+00:00,DMU50_001,15.451,1772.51611,60.0
2026-03-04 08:18:00+00:00,DMU50_001,14.182,1772.75248,60.0
2026-03-04 08:19:00+00:00,DMU50_001,14.598,1772.99578,60.0
2026-03-04 08:20:00+00:00,DMU50_001,14.998,1773.24575,60.0
2026-03-04 08:21:00+00:00,DMU50_001,15.223,1773.49947,60.0
2026-03-04 08:22:00+00:00,DMU50_001,14.87,1773.7473,60.0
2026-03-04 08:23:00+00:00,DMU50_001,15.76,1774.00997,60.0
2026-03-04 08:24:00+00:00,DMU50_001,15.362,1774.266,60.0
2026-03-04 08:25:00+00:00,DMU50_001,15.322,1774.52137,60.0
2026-03-04 08:26:00+00:00,DMU50_001,14.385,1774.76112,60.0
2026-03-04 08:27:00+00:00,DMU50_001,9.68,1774.92245,60.0
2026-03-04 08:28:00+00:00,DMU50_001,7.759,1775.05177,60.0
2026-03-04 08:29:00+00:00,DMU50_001,15.869,1775.31625,60.0
2026-03-04 08:30:00+00:00,DMU50_001,16.011,1775.5831,60.0
2026-03-04 08:31:00+00:00,DMU50_001,15.256,1775.83737,60.0
2026-03-04 08:32:00+00:00,DMU50_001,15.516,1776.09597,60.0
2026-03-04 08:33:00+00:00,DMU50_001,13.459,1776.32029,60.0
2026-03-04 08:34:00+00:00,DMU50_001,14.902,1776.56866,60.0
2026-03-04 08:35:00+00:00,DMU50_001,15.551,1776.82784,60.0
2026-03-04 08:36:00+00:00,DMU50_001,15.462,1777.08554,60.0
2026-03-04 08:37:00+00:00,DMU50_001,8.512,1777.22741,60.0
2026-03-04 08:38:00+00:00,DMU50_001,8.883,1777.37546,60.0
2026-03-04 08:39:00+00:00,DMU50_001,3.693,1777.43701,60.0
2026-03-04 08:40:00+00:00,DMU50_001,4.283,1777.50839,60.0
2026-03-04 08:41:00+00:00,DMU50_001,3.823,1777.57211,60.0
2026-03-04 08:42:00+00:00,DMU50_001,4.426,1777.64588,60.0
2026-03-04 08:43:00+00:00,DMU50_001,9.473,1777.80376,60.0
2026-03-04 08:44:00+00:00,DMU50_001,8.81,1777.95059,60.0
2026-03-04 08:45:00+00:00,DMU50_001,9.209,1778.10407,60.0
2026-03-04 08:46:00+00:00,DMU50_001,8.913,1778.25262,60.0
2026-03-04 08:47:00+00:00,DMU50_001,9.097,1778.40424,60.0
2026-03-04 08:48:00+00:00,DMU50_001,8.541,1778.54659,60.0
2026-03-04 08:49:00+00:00,DMU50_001,9.249,1778.70074,60.0
2026-03-04 08:50:00+00:00,DMU50_001,8.344,1778.83981,60.0
2026-03-04 08:51:00+00:00,DMU50_001,3.834,1778.90371,60.0
2026-03-04 08:52:00+00:00,DMU50_001,4.176,1778.97331,60.0
2026-03-04 08:53:00+00:00,DMU50_001,4.158,1779.04261,60.0
2026-03-04 08:54:00+00:00,DMU50_001,4.254,1779.11351,60.0
2026-03-04 08:55:00+00:00,DMU50_001,7.805,1779.24359,60.0
2026-03-04 08:56:00+00:00,DMU50_001,4.577,1779.31987,60.0
2026-03-04 08:57:00+00:00,DMU50_001,4.232,1779.3904,60.0
2026-03-04 08:58:00+00:00,DMU50_001,4.247,1779.46118,60.0
2026-03-04 08:59:00+00:00,DMU50_001,4.239,1779.53183,60.0
2026-03-04 09:00:00+00:00,DMU50_001,9.401,1779.68851,60.0
2026-03-04 09:01:00+00:00,DMU50_001,9.23,1779.84234,60.0
2026-03-04 09:02:00+00:00,DMU50_001,9.177,1779.99529,60.0
2026-03-04 09:03:00+00:00,DMU50_001,9.294,1780.15019,60.0
2026-03-04 09:04:00+00:00,DMU50_001,8.27,1780.28802,60.0
2026-03-04 09:05:00+00:00,DMU50_001,8.285,1780.4261,60.0
2026-03-04 09:06:00+00:00,DMU50_001,7.977,1780.55905,60.0
2026-03-04 09:07:00+00:00,DMU50_001,7.941,1780.6914,60.0
2026-03-04 09:08:00+00:00,DMU50_001,15.29,1780.94623,60.0
2026-03-04 09:09:00+00:00,DMU50_001,15.01,1781.1964,60.0
2026-03-04 09:10:00+00:00,DMU50_001,15.291,1781.45125,60.0
2026-03-04 09:11:00+00:00,DMU50_001,14.377,1781.69087,60.0
2026-03-04 09:12:00+00:00,DMU50_001,14.995,1781.94079,60.0
2026-03-04 09:13:00+00:00,DMU50_001,14.329,1782.17961,60.0
2026-03-04 09:14:00+00:00,DMU50_001,15.193,1782.43283,60.0
2026-03-04 09:15:00+00:00,DMU50_001,14.061,1782.66718,60.0
2026-03-04 09:16:00+00:00,DMU50_001,15.174,1782.92008,60.0
2026-03-04 09:17:00+00:00,DMU50_001,8.412,1783.06028,60.0
2026-03-04 09:18:00+00:00,DMU50_001,8.847,1783.20773,60.0
2026-03-04 09:19:00+00:00,DMU50_001,9.358,1783.3637,60.0
2026-03-04 09:20:00+00:00,DMU50_001,9.091,1783.51522,60.0
2026-03-04 09:21:00+00:00,DMU50_001,8.342,1783.65425,60.0
2026-03-04 09:22:00+00:00,DMU50_001,7.798,1783.78422,60.0
2026-03-04 09:23:00+00:00,DMU50_001,14.249,1784.0217,60.0
2026-03-04 09:24:00+00:00,DMU50_001,14.153,1784.25758,60.0
2026-03-04 09:25:00+00:00,DMU50_001,15.059,1784.50856,60.0
2026-03-04 09:26:00+00:00,DMU50_001,15.28,1784.76323,60.0
2026-03-04 09:27:00+00:00,DMU50_001,15.22,1785.0169,60.0
2026-03-04 09:28:00+00:00,DMU50_001,15.301,1785.27192,60.0
2026-03-04 09:29:00+00:00,DMU50_001,14.994,1785.52182,60.0
2026-03-04 09:30:00+00:00,DMU50_001,14.863,1785.76954,60.0
2026-03-04 09:31:00+00:00,DMU50_001,14.463,1786.01059,60.0
2026-03-04 09:32:00+00:00,DMU50_001,14.78,1786.25692,60.0
2026-03-04 09:33:00+00:00,DMU50_001,8.471,1786.3981,60.0
2026-03-04 09:34:00+00:00,DMU50_001,7.746,1786.5272,60.0
2026-03-04 09:35:00+00:00,DMU50_001,8.027,1786.66098,60.0
2026-03-04 09:36:00+00:00,DMU50_001,14.941,1786.91,60.0
2026-03-04 09:37:00+00:00,DMU50_001,16.532,1787.18553,60.0
2026-03-04 09:38:00+00:00,DMU50_001,14.327,1787.42431,60.0
2026-03-04 09:39:00+00:00,DMU50_001,14.937,1787.67326,60.0
2026-03-04 09:40:00+00:00,DMU50_001,14.288,1787.91139,60.0
2026-03-04 09:41:00+00:00,DMU50_001,14.806,1788.15816,60.0
2026-03-04 09:42:00+00:00,DMU50_001,14.826,1788.40526,60.0
2026-03-04 09:43:00+00:00,DMU50_001,15.422,1788.66229,60.0
2026-03-04 09:44:00+00:00,DMU50_001,14.775,1788.90854,60.0
2026-03-04 09:45:00+00:00,DMU50_001,8.923,1789.05726,60.0
2026-03-04 09:46:00+00:00,DMU50_001,8.828,1789.20439,60.0
2026-03-04 09:47:00+00:00,DMU50_001,8.44,1789.34506,60.0
2026-03-04 09:48:00+00:00,DMU50_001,7.804,1789.47513,60.0
2026-03-04 09:49:00+00:00,DMU50_001,7.885,1789.60655,60.0
2026-03-04 09:50:00+00:00,DMU50_001,4.215,1789.6768,60.0
2026-03-04 09:51:00+00:00,DMU50_001,4.312,1789.74867,60.0
2026-03-04 09:52:00+00:00,DMU50_001,8.906,1789.8971,60.0
2026-03-04 09:53:00+00:00,DMU50_001,8.899,1790.04542,60.0
2026-03-04 09:54:00+00:00,DMU50_001,8.312,1790.18395,60.0
2026-03-04 09:55:00+00:00,DMU50_001,9.216,1790.33755,60.0
2026-03-04 09:56:00+00:00,DMU50_001,8.722,1790.48292,60.0
2026-03-04 09:57:00+00:00,DMU50_001,9.299,1790.6379,60.0
2026-03-04 09:58:00+00:00,DMU50_001,8.395,1790.77782,60.0
2026-03-04 09:59:00+00:00,DMU50_001,7.944,1790.91022,60.0
2026-03-04 10:00:00+00:00,DMU50_001,3.295,1790.96514,60.0
2026-03-04 10:01:00+00:00,DMU50_001,3.497,1791.02342,60.0
2026-03-04 10:02:00+00:00,DMU50_001,3.57,1791.08292,60.0
2026-03-04 10:03:00+00:00,DMU50_001,3.437,1791.1402,60.0
2026-03-04 10:04:00+00:00,DMU50_001,3.387,1791.19665,60.0
2026-03-04 10:05:00+00:00,DMU50_001,15.282,1791.45135,60.0
2026-03-04 10:06:00+00:00,DMU50_001,15.249,1791.7055,60.0
2026-03-04 10:07:00+00:00,DMU50_001,14.827,1791.95262,60.0
2026-03-04 10:08:00+00:00,DMU50_001,14.173,1792.18884,60.0
2026-03-04 10:09:00+00:00,DMU50_001,15.228,1792.44264,60.0
2026-03-04 10:10:00+00:00,DMU50_001,14.616,1792.68624,60.0
2026-03-04 10:11:00+00:00,DMU50_001,15.107,1792.93802,60.0
2026-03-04 10:12:00+00:00,DMU50_001,9.06,1793.08902,60.0
2026-03-04 10:13:00+00:00,DMU50_001,8.244,1793.22642,60.0
2026-03-04 10:14:00+00:00,DMU50_001,9.032,1793.37695,60.0
2026-03-04 10:15:00+00:00,DMU50_001,8.154,1793.51285,60.0
2026-03-04 10:16:00+00:00,DMU50_001,8.191,1793.64937,60.0
2026-03-04 10:17:00+00:00,DMU50_001,15.059,1793.90035,60.0
2026-03-04 10:18:00+00:00,DMU50_001,14.011,1794.13387,60.0
2026-03-04 10:19:00+00:00,DMU50_001,15.639,1794.39452,60.0
2026-03-04 10:20:00+00:00,DMU50_001,15.206,1794.64795,60.0
2026-03-04 10:21:00+00:00,DMU50_001,14.398,1794.88792,60.0
2026-03-04 10:22:00+00:00,DMU50_001,14.606,1795.13135,60.0
2026-03-04 10:23:00+00:00,DMU50_001,15.116,1795.38328,60.0
2026-03-04 10:24:00+00:00,DMU50_001,15.34,1795.63895,60.0
2026-03-04 10:25:00+00:00,DMU50_001,8.805,1795.7857,60.0
2026-03-04 10:26:00+00:00,DMU50_001,9.33,1795.9412,60.0
2026-03-04 10:27:00+00:00,DMU50_001,8.283,1796.07925,60.0
2026-03-04 10:28:00+00:00,DMU50_001,8.583,1796.2223,60.0
2026-03-04 10:29:00+00:00,DMU50_001,3.087,1796.27375,60.0
2026-03-04 10:30:00+00:00,DMU50_001,3.321,1796.3291,60.0
2026-03-04 10:31:00+00:00,DMU50_001,3.802,1796.39247,60.0
2026-03-04 10:32:00+00:00,DMU50_001,16.029,1796.65962,60.0
2026-03-04 10:33:00+00:00,DMU50_001,15.117,1796.91157,60.0
2026-03-04 10:34:00+00:00,DMU50_001,14.681,1797.15625,60.0
2026-03-04 10:35:00+00:00,DMU50_001,14.889,1797.4044,60.0
2026-03-04 10:36:00+00:00,DMU50_001,15.237,1797.65835,60.0
2026-03-04 10:37:00+00:00,DMU50_001,14.219,1797.89533,60.0
2026-03-04 10:38:00+00:00,DMU50_001,8.771,1798.04151,60.0
2026-03-04 10:39:00+00:00,DMU50_001,9.574,1798.20108,60.0
2026-03-04 10:40:00+00:00,DMU50_001,8.582,1798.34411,60.0
2026-03-04 10:41:00+00:00,DMU50_001,8.7,1798.48911,60.0
2026-03-04 10:42:00+00:00,DMU50_001,3.503,1798.54749,60.0
2026-03-04 10:43:00+00:00,DMU50_001,3.557,1798.60677,60.0
2026-03-04 10:44:00+00:00,DMU50_001,3.375,1798.66302,60.0
2026-03-04 10:45:00+00:00,DMU50_001,3.515,1798.7216,60.0
2026-03-04 10:46:00+00:00,DMU50_001,15.304,1798.97667,60.0
2026-03-04 10:47:00+00:00,DMU50_001,15.981,1799.24302,60.0
2026-03-04 10:48:00+00:00,DMU50_001,14.937,1799.49197,60.0
2026-03-04 10:49:00+00:00,DMU50_001,14.979,1799.74162,60.0
2026-03-04 10:50:00+00:00,DMU50_001,15.764,1800.00435,60.0
2026-03-04 10:51:00+00:00,DMU50_001,14.725,1800.24977,60.0
2026-03-04 10:52:00+00:00,DMU50_001,14.338,1800.48874,60.0
2026-03-04 10:53:00+00:00,DMU50_001,15.125,1800.74082,60.0
2026-03-04 10:54:00+00:00,DMU50_001,9.43,1800.89799,60.0
2026-03-04 10:55:00+00:00,DMU50_001,9.144,1801.05039,60.0
2026-03-04 10:56:00+00:00,DMU50_001,4.181,1801.12007,60.0
2026-03-04 10:57:00+00:00,DMU50_001,3.91,1801.18524,60.0
2026-03-04 10:58:00+00:00,DMU50_001,4.188,1801.25504,60.0
2026-03-04 10:59:00+00:00,DMU50_001,15.617,1801.51532,60.0
2026-03-04 11:00:00+00:00,DMU50_001,14.383,1801.75504,60.0
2026-03-04 11:01:00+00:00,DMU50_001,14.878,1802.00301,60.0
2026-03-04 11:02:00+00:00,DMU50_001,14.806,1802.24978,60.0
2026-03-04 11:03:00+00:00,DMU50_001,14.651,1802.49396,60.0
2026-03-04 11:04:00+00:00,DMU50_001,15.124,1802.74603,60.0
2026-03-04 11:05:00+00:00,DMU50_001,15.222,1802.99973,60.0
2026-03-04 11:06:00+00:00,DMU50_001,9.173,1803.15261,60.0
2026-03-04 11:07:00+00:00,DMU50_001,8.609,1803.29609,60.0
2026-03-04 11:08:00+00:00,DMU50_001,8.342,1803.43512,60.0
2026-03-04 11:09:00+00:00,DMU50_001,9.105,1803.58687,60.0
2026-03-04 11:10:00+00:00,DMU50_001,8.798,1803.7335,60.0
2026-03-04 11:11:00+00:00,DMU50_001,3.868,1803.79797,60.0
2026-03-04 11:12:00+00:00,DMU50_001,3.877,1803.86259,60.0
2026-03-04 11:13:00+00:00,DMU50_001,3.898,1803.92756,60.0
2026-03-04 11:14:00+00:00,DMU50_001,3.312,1803.98276,60.0
2026-03-04 11:15:00+00:00,DMU50_001,3.614,1804.04299,60.0
2026-03-04 11:16:00+00:00,DMU50_001,8.261,1804.18067,60.0
2026-03-04 11:17:00+00:00,DMU50_001,15.379,1804.43699,60.0
2026-03-04 11:18:00+00:00,DMU50_001,14.823,1804.68404,60.0
2026-03-04 11:19:00+00:00,DMU50_001,15.64,1804.94471,60.0
2026-03-04 11:20:00+00:00,DMU50_001,15.0,1805.19471,60.0
2026-03-04 11:21:00+00:00,DMU50_001,15.064,1805.44578,60.0
2026-03-04 11:22:00+00:00,DMU50_001,14.231,1805.68296,60.0
2026-03-04 11:23:00+00:00,DMU50_001,15.322,1805.93833,60.0
2026-03-04 11:24:00+00:00,DMU50_001,14.87,1806.18616,60.0
2026-03-04 11:25:00+00:00,DMU50_001,15.232,1806.44003,60.0
2026-03-04 11:26:00+00:00,DMU50_001,4.247,1806.51081,60.0
2026-03-04 11:27:00+00:00,DMU50_001,4.236,1806.58141,60.0
2026-03-04 11:28:00+00:00,DMU50_001,4.191,1806.65126,60.0
2026-03-04 11:29:00+00:00,DMU50_001,15.393,1806.90781,60.0
2026-03-04 11:30:00+00:00,DMU50_001,14.901,1807.15616,60.0
2026-03-04 11:31:00+00:00,DMU50_001,14.272,1807.39403,60.0
2026-03-04 11:32:00+00:00,DMU50_001,15.284,1807.64876,60.0
2026-03-04 11:33:00+00:00,DMU50_001,14.595,1807.89201,60.0
2026-03-04 11:34:00+00:00,DMU50_001,14.338,1808.13098,60.0
2026-03-04 11:35:00+00:00,DMU50_001,14.489,1808.37246,60.0
2026-03-04 11:36:00+00:00,DMU50_001,9.113,1808.52434,60.0
2026-03-04 11:37:00+00:00,DMU50_001,4.181,1808.59402,60.0
2026-03-04 11:38:00+00:00,DMU50_001,3.773,1808.6569,60.0
2026-03-04 11:39:00+00:00,DMU50_001,4.123,1808.72562,60.0
2026-03-04 11:40:00+00:00,DMU50_001,4.434,1808.79952,60.0
2026-03-04 11:41:00+00:00,DMU50_001,3.41,1808.85635,60.0
2026-03-04 11:42:00+00:00,DMU50_001,3.467,1808.91413,60.0
2026-03-04 11:43:00+00:00,DMU50_001,3.709,1808.97595,60.0
2026-03-04 11:44:00+00:00,DMU50_001,3.659,1809.03693,60.0
2026-03-04 11:45:00+00:00,DMU50_001,3.704,1809.09866,60.0
2026-03-04 11:46:00+00:00,DMU50_001,7.891,1809.23018,60.0
2026-03-04 11:47:00+00:00,DMU50_001,9.693,1809.39173,60.0
2026-03-04 11:48:00+00:00,DMU50_001,9.255,1809.54598,60.0
2026-03-04 11:49:00+00:00,DMU50_001,9.985,1809.7124,60.0
2026-03-04 11:50:00+00:00,DMU50_001,8.687,1809.85718,60.0
2026-03-04 11:51:00+00:00,DMU50_001,8.295,1809.99543,60.0
2026-03-04 11:52:00+00:00,DMU50_001,9.003,1810.14548,60.0
2026-03-04 11:53:00+00:00,DMU50_001,8.89,1810.29365,60.0
2026-03-04 11:54:00+00:00,DMU50_001,3.631,1810.35417,60.0
2026-03-04 11:55:00+00:00,DMU50_001,3.715,1810.41609,60.0
2026-03-04 11:56:00+00:00,DMU50_001,14.956,1810.66536,60.0
2026-03-04 11:57:00+00:00,DMU50_001,14.88,1810.91336,60.0
2026-03-04 11:58:00+00:00,DMU50_001,15.261,1811.16771,60.0
2026-03-04 11:59:00+00:00,DMU50_001,14.872,1811.41558,60.0
2026-03-04 12:00:00+00:00,DMU50_001,14.83,1811.66275,60.0
2026-03-04 12:01:00+00:00,DMU50_001,15.519,1811.9214,60.0
2026-03-04 12:02:00+00:00,DMU50_001,15.63,1812.1819,60.0
2026-03-04 12:03:00+00:00,DMU50_001,15.542,1812.44093,60.0
2026-03-04 12:04:00+00:00,DMU50_001,14.916,1812.68953,60.0
2026-03-04 12:05:00+00:00,DMU50_001,13.93,1812.9217,60.0
2026-03-04 12:06:00+00:00,DMU50_001,8.941,1813.07072,60.0
2026-03-04 12:07:00+00:00,DMU50_001,8.697,1813.21567,60.0
2026-03-04 12:08:00+00:00,DMU50_001,8.948,1813.3648,60.0
2026-03-04 12:09:00+00:00,DMU50_001,8.732,1813.51033,60.0
2026-03-04 12:10:00+00:00,DMU50_001,7.994,1813.64356,60.0
2026-03-04 12:11:00+00:00,DMU50_001,7.688,1813.77169,60.0
2026-03-04 12:12:00+00:00,DMU50_001,3.244,1813.82576,60.0
2026-03-04 12:13:00+00:00,DMU50_001,3.745,1813.88818,60.0
2026-03-04 12:14:00+00:00,DMU50_001,3.306,1813.94328,60.0
2026-03-04 12:15:00+00:00,DMU50_001,3.5,1814.00161,60.0
2026-03-04 12:16:00+00:00,DMU50_001,3.691,1814.06313,60.0
2026-03-04 12:17:00+00:00,DMU50_001,15.457,1814.32075,60.0
2026-03-04 12:18:00+00:00,DMU50_001,15.397,1814.57737,60.0
2026-03-04 12:19:00+00:00,DMU50_001,15.151,1814.82989,60.0
2026-03-04 12:20:00+00:00,DMU50_001,15.362,1815.08592,60.0
2026-03-04 12:21:00+00:00,DMU50_001,15.687,1815.34737,60.0
2026-03-04 12:22:00+00:00,DMU50_001,15.213,1815.60092,60.0
2026-03-04 12:23:00+00:00,DMU50_001,14.081,1815.8356,60.0
2026-03-04 12:24:00+00:00,DMU50_001,14.736,1816.0812,60.0
2026-03-04 12:25:00+00:00,DMU50_001,9.279,1816.23585,60.0
2026-03-04 12:26:00+00:00,DMU50_001,4.075,1816.30377,60.0
2026-03-04 12:27:00+00:00,DMU50_001,4.524,1816.37917,60.0
2026-03-04 12:28:00+00:00,DMU50_001,4.187,1816.44895,60.0
2026-03-04 12:29:00+00:00,DMU50_001,15.043,1816.69967,60.0
2026-03-04 12:30:00+00:00,DMU50_001,15.562,1816.95904,60.0
2026-03-04 12:31:00+00:00,DMU50_001,14.909,1817.20752,60.0
2026-03-04 12:32:00+00:00,DMU50_001,15.088,1817.45899,60.0
2026-03-04 12:33:00+00:00,DMU50_001,15.45,1817.71649,60.0
2026-03-04 12:34:00+00:00,DMU50_001,14.264,1817.95422,60.0
2026-03-04 12:35:00+00:00,DMU50_001,14.857,1818.20184,60.0
2026-03-04 12:36:00+00:00,DMU50_001,15.415,1818.45876,60.0
2026-03-04 12:37:00+00:00,DMU50_001,15.033,1818.70931,60.0
2026-03-04 12:38:00+00:00,DMU50_001,15.734,1818.97154,60.0
2026-03-04 12:39:00+00:00,DMU50_001,8.37,1819.11104,60.0
2026-03-04 12:40:00+00:00,DMU50_001,8.324,1819.24977,60.0
2026-03-04 12:41:00+00:00,DMU50_001,9.308,1819.4049,60.0
2026-03-04 12:42:00+00:00,DMU50_001,9.346,1819.56067,60.0
2026-03-04 12:43:00+00:00,DMU50_001,3.461,1819.61835,60.0
2026-03-04 12:44:00+00:00,DMU50_001,3.58,1819.67802,60.0
2026-03-04 12:45:00+00:00,DMU50_001,3.649,1819.73884,60.0
2026-03-04 12:46:00+00:00,DMU50_001,4.037,1819.80612,60.0
2026-03-04 12:47:00+00:00,DMU50_001,4.059,1819.87377,60.0
2026-03-04 12:48:00+00:00,DMU50_001,4.238,1819.9444,60.0
2026-03-04 12:49:00+00:00,DMU50_001,4.381,1820.01742,60.0
2026-03-04 12:50:00+00:00,DMU50_001,8.534,1820.15965,60.0
2026-03-04 12:51:00+00:00,DMU50_001,8.921,1820.30833,60.0
2026-03-04 12:52:00+00:00,DMU50_001,8.902,1820.4567,60.0
2026-03-04 12:53:00+00:00,DMU50_001,9.167,1820.60948,60.0
2026-03-04 12:54:00+00:00,DMU50_001,8.997,1820.75943,60.0
2026-03-04 12:55:00+00:00,DMU50_001,8.782,1820.9058,60.0
2026-03-04 12:56:00+00:00,DMU50_001,9.499,1821.06412,60.0
2026-03-04 12:57:00+00:00,DMU50_001,8.784,1821.21052,60.0
2026-03-04 12:58:00+00:00,DMU50_001,7.912,1821.34239,60.0
2026-03-04 12:59:00+00:00,DMU50_001,14.204,1821.57912,60.0
2026-03-04 13:00:00+00:00,DMU50_001,14.643,1821.82317,60.0
2026-03-04 13:01:00+00:00,DMU50_001,15.258,1822.07747,60.0
2026-03-04 13:02:00+00:00,DMU50_001,15.16,1822.33014,60.0
2026-03-04 13:03:00+00:00,DMU50_001,15.3,1822.58514,60.0
2026-03-04 13:04:00+00:00,DMU50_001,15.275,1822.83972,60.0
2026-03-04 13:05:00+00:00,DMU50_001,16.044,1823.10712,60.0
2026-03-04 13:06:00+00:00,DMU50_001,14.626,1823.35089,60.0
2026-03-04 13:07:00+00:00,DMU50_001,8.352,1823.49009,60.0
2026-03-04 13:08:00+00:00,DMU50_001,3.99,1823.55659,60.0
2026-03-04 13:09:00+00:00,DMU50_001,4.059,1823.62424,60.0
2026-03-04 13:10:00+00:00,DMU50_001,4.005,1823.69099,60.0
2026-03-04 13:11:00+00:00,DMU50_001,4.219,1823.76131,60.0
2026-03-04 13:12:00+00:00,DMU50_001,15.626,1824.02174,60.0
2026-03-04 13:13:00+00:00,DMU50_001,15.77,1824.28457,60.0
2026-03-04 13:14:00+00:00,DMU50_001,15.252,1824.53877,60.0
2026-03-04 13:15:00+00:00,DMU50_001,16.071,1824.80662,60.0
2026-03-04 13:16:00+00:00,DMU50_001,14.822,1825.05365,60.0
2026-03-04 13:17:00+00:00,DMU50_001,14.184,1825.29005,60.0
2026-03-04 13:18:00+00:00,DMU50_001,15.527,1825.54883,60.0
2026-03-04 13:19:00+00:00,DMU50_001,8.265,1825.68658,60.0
2026-03-04 13:20:00+00:00,DMU50_001,8.698,1825.83155,60.0
2026-03-04 13:21:00+00:00,DMU50_001,9.208,1825.98502,60.0
2026-03-04 13:22:00+00:00,DMU50_001,4.18,1826.05469,60.0
2026-03-04 13:23:00+00:00,DMU50_001,4.162,1826.12406,60.0
2026-03-04 13:24:00+00:00,DMU50_001,3.964,1826.19013,60.0
2026-03-04 13:25:00+00:00,DMU50_001,4.198,1826.2601,60.0
2026-03-04 13:26:00+00:00,DMU50_001,15.502,1826.51847,60.0
2026-03-04 13:27:00+00:00,DMU50_001,15.01,1826.76864,60.0
2026-03-04 13:28:00+00:00,DMU50_001,14.585,1827.01172,60.0
2026-03-04 13:29:00+00:00,DMU50_001,14.376,1827.25132,60.0
2026-03-04 13:30:00+00:00,DMU50_001,14.595,1827.49457,60.0
2026-03-04 13:31:00+00:00,DMU50_001,15.196,1827.74784,60.0
2026-03-04 13:32:00+00:00,DMU50_001,15.172,1828.00071,60.0
2026-03-04 13:33:00+00:00,DMU50_001,14.6,1828.24404,60.0
2026-03-04 13:34:00+00:00,DMU50_001,13.895,1828.47562,60.0
2026-03-04 13:35:00+00:00,DMU50_001,9.168,1828.62842,60.0
2026-03-04 13:36:00+00:00,DMU50_001,7.731,1828.75727,60.0
2026-03-04 13:37:00+00:00,DMU50_001,8.207,1828.89405,60.0
2026-03-04 13:38:00+00:00,DMU50_001,14.622,1829.13775,60.0
2026-03-04 13:39:00+00:00,DMU50_001,14.506,1829.37952,60.0
2026-03-04 13:40:00+00:00,DMU50_001,15.077,1829.6308,60.0
2026-03-04 13:41:00+00:00,DMU50_001,16.179,1829.90045,60.0
2026-03-04 13:42:00+00:00,DMU50_001,15.375,1830.1567,60.0
2026-03-04 13:43:00+00:00,DMU50_001,15.068,1830.40783,60.0
2026-03-04 13:44:00+00:00,DMU50_001,9.144,1830.56023,60.0
2026-03-04 13:45:00+00:00,DMU50_001,8.3,1830.69856,60.0
2026-03-04 13:46:00+00:00,DMU50_001,3.976,1830.76483,60.0
2026-03-04 13:47:00+00:00,DMU50_001,3.698,1830.82646,60.0
2026-03-04 13:48:00+00:00,DMU50_001,8.519,1830.96844,60.0
2026-03-04 13:49:00+00:00,DMU50_001,15.764,1831.23117,60.0
2026-03-04 13:50:00+00:00,DMU50_001,15.196,1831.48444,60.0
2026-03-04 13:51:00+00:00,DMU50_001,15.068,1831.73557,60.0
2026-03-04 13:52:00+00:00,DMU50_001,14.224,1831.97264,60.0
2026-03-04 13:53:00+00:00,DMU50_001,14.89,1832.22081,60.0
2026-03-04 13:54:00+00:00,DMU50_001,15.896,1832.48574,60.0
2026-03-04 13:55:00+00:00,DMU50_001,15.066,1832.73684,60.0
2026-03-04 13:56:00+00:00,DMU50_001,14.718,1832.98214,60.0
2026-03-04 13:57:00+00:00,DMU50_001,14.121,1833.21749,60.0
2026-03-04 13:58:00+00:00,DMU50_001,9.552,1833.37669,60.0
2026-03-04 13:59:00+00:00,DMU50_001,8.972,1833.52622,60.0
2026-03-04 14:00:00+00:00,DMU50_001,8.297,1833.6645,60.0
2026-03-04 14:01:00+00:00,DMU50_001,4.015,1833.73142,60.0
2026-03-04 14:02:00+00:00,DMU50_001,3.944,1833.79715,60.0
2026-03-04 14:03:00+00:00,DMU50_001,4.174,1833.86672,60.0
2026-03-04 14:04:00+00:00,DMU50_001,15.104,1834.11845,60.0
2026-03-04 14:05:00+00:00,DMU50_001,14.748,1834.36425,60.0
2026-03-04 14:06:00+00:00,DMU50_001,15.389,1834.62073,60.0
2026-03-04 14:07:00+00:00,DMU50_001,15.039,1834.87138,60.0
2026-03-04 14:08:00+00:00,DMU50_001,15.531,1835.13023,60.0
2026-03-04 14:09:00+00:00,DMU50_001,14.821,1835.37725,60.0
2026-03-04 14:10:00+00:00,DMU50_001,16.523,1835.65263,60.0
2026-03-04 14:11:00+00:00,DMU50_001,8.774,1835.79886,60.0
2026-03-04 14:12:00+00:00,DMU50_001,8.639,1835.94284,60.0
2026-03-04 14:13:00+00:00,DMU50_001,8.589,1836.08599,60.0
2026-03-04 14:14:00+00:00,DMU50_001,3.458,1836.14362,60.0
2026-03-04 14:15:00+00:00,DMU50_001,3.156,1836.19622,60.0
2026-03-04 14:16:00+00:00,DMU50_001,15.147,1836.44867,60.0
2026-03-04 14:17:00+00:00,DMU50_001,14.047,1836.68279,60.0
2026-03-04 14:18:00+00:00,DMU50_001,15.081,1836.93414,60.0
2026-03-04 14:19:00+00:00,DMU50_001,14.324,1837.17287,60.0
2026-03-04 14:20:00+00:00,DMU50_001,14.809,1837.41969,60.0
2026-03-04 14:21:00+00:00,DMU50_001,15.302,1837.67472,60.0
2026-03-04 14:22:00+00:00,DMU50_001,16.152,1837.94392,60.0
2026-03-04 14:23:00+00:00,DMU50_001,14.461,1838.18494,60.0
2026-03-04 14:24:00+00:00,DMU50_001,14.925,1838.43369,60.0
2026-03-04 14:25:00+00:00,DMU50_001,8.71,1838.57886,60.0
2026-03-04 14:26:00+00:00,DMU50_001,8.652,1838.72306,60.0
2026-03-04 14:27:00+00:00,DMU50_001,8.714,1838.86829,60.0
2026-03-04 14:28:00+00:00,DMU50_001,8.247,1839.00574,60.0
2026-03-04 14:29:00+00:00,DMU50_001,14.756,1839.25167,60.0
2026-03-04 14:30:00+00:00,DMU50_001,16.125,1839.52042,60.0
2026-03-04 14:31:00+00:00,DMU50_001,15.208,1839.77389,60.0
2026-03-04 14:32:00+00:00,DMU50_001,14.495,1840.01547,60.0
2026-03-04 14:33:00+00:00,DMU50_001,14.817,1840.26242,60.0
2026-03-04 14:34:00+00:00,DMU50_001,14.599,1840.50574,60.0
2026-03-04 14:35:00+00:00,DMU50_001,9.32,1840.66107,60.0
2026-03-04 14:36:00+00:00,DMU50_001,8.344,1840.80014,60.0
2026-03-04 14:37:00+00:00,DMU50_001,8.464,1840.94121,60.0
2026-03-04 14:38:00+00:00,DMU50_001,8.763,1841.08726,60.0
2026-03-04 14:39:00+00:00,DMU50_001,9.273,1841.24181,60.0
2026-03-04 14:40:00+00:00,DMU50_001,9.493,1841.40003,60.0
2026-03-04 14:41:00+00:00,DMU50_001,9.552,1841.55923,60.0
2026-03-04 14:42:00+00:00,DMU50_001,9.212,1841.71276,60.0
2026-03-04 14:43:00+00:00,DMU50_001,7.975,1841.84568,60.0
2026-03-04 14:44:00+00:00,DMU50_001,8.238,1841.98298,60.0
2026-03-04 14:45:00+00:00,DMU50_001,14.428,1842.22345,60.0
2026-03-04 14:46:00+00:00,DMU50_001,14.078,1842.45808,60.0
2026-03-04 14:47:00+00:00,DMU50_001,15.218,1842.71171,60.0
2026-03-04 14:48:00+00:00,DMU50_001,14.497,1842.95333,60.0
2026-03-04 14:49:00+00:00,DMU50_001,14.967,1843.20278,60.0
2026-03-04 14:50:00+00:00,DMU50_001,15.06,1843.45378,60.0
2026-03-04 14:51:00+00:00,DMU50_001,15.124,1843.70585,60.0
2026-03-04 14:52:00+00:00,DMU50_001,15.469,1843.96367,60.0
2026-03-04 14:53:00+00:00,DMU50_001,8.25,1844.10117,60.0
2026-03-04 14:54:00+00:00,DMU50_001,4.239,1844.17182,60.0
2026-03-04 14:55:00+00:00,DMU50_001,4.112,1844.24035,60.0
2026-03-04 14:56:00+00:00,DMU50_001,4.222,1844.31072,60.0
2026-03-04 14:57:00+00:00,DMU50_001,7.821,1844.44107,60.0
2026-03-04 14:58:00+00:00,DMU50_001,7.941,1844.57342,60.0
2026-03-04 14:59:00+00:00,DMU50_001,16.309,1844.84524,60.0
2026-03-04 15:00:00+00:00,DMU50_001,15.091,1845.09676,60.0
2026-03-04 15:01:00+00:00,DMU50_001,15.225,1845.35051,60.0
2026-03-04 15:02:00+00:00,DMU50_001,14.647,1845.59463,60.0
2026-03-04 15:03:00+00:00,DMU50_001,15.51,1845.85313,60.0
2026-03-04 15:04:00+00:00,DMU50_001,15.38,1846.10946,60.0
2026-03-04 15:05:00+00:00,DMU50_001,15.384,1846.36586,60.0
2026-03-04 15:06:00+00:00,DMU50_001,9.086,1846.51729,60.0
2026-03-04 15:07:00+00:00,DMU50_001,9.414,1846.67419,60.0
2026-03-04 15:08:00+00:00,DMU50_001,9.509,1846.83267,60.0
2026-03-04 15:09:00+00:00,DMU50_001,9.113,1846.98455,60.0
2026-03-04 15:10:00+00:00,DMU50_001,8.954,1847.13378,60.0
2026-03-04 15:11:00+00:00,DMU50_001,9.358,1847.28975,60.0
2026-03-04 15:12:00+00:00,DMU50_001,7.729,1847.41857,60.0
2026-03-04 15:13:00+00:00,DMU50_001,8.713,1847.56379,60.0
2026-03-04 15:14:00+00:00,DMU50_001,8.979,1847.71344,60.0
2026-03-04 15:15:00+00:00,DMU50_001,8.303,1847.85182,60.0
2026-03-04 15:16:00+00:00,DMU50_001,9.331,1848.00734,60.0
2026-03-04 15:17:00+00:00,DMU50_001,8.615,1848.15092,60.0
2026-03-04 15:18:00+00:00,DMU50_001,8.811,1848.29777,60.0
2026-03-04 15:19:00+00:00,DMU50_001,8.915,1848.44635,60.0
2026-03-04 15:20:00+00:00,DMU50_001,4.208,1848.51648,60.0
2026-03-04 15:21:00+00:00,DMU50_001,4.131,1848.58533,60.0
2026-03-04 15:22:00+00:00,DMU50_001,3.487,1848.64345,60.0
2026-03-04 15:23:00+00:00,DMU50_001,3.488,1848.70158,60.0
2026-03-04 15:24:00+00:00,DMU50_001,3.411,1848.75843,60.0
2026-03-04 15:25:00+00:00,DMU50_001,8.691,1848.90328,60.0
2026-03-04 15:26:00+00:00,DMU50_001,9.433,1849.0605,60.0
2026-03-04 15:27:00+00:00,DMU50_001,8.158,1849.19647,60.0
2026-03-04 15:28:00+00:00,DMU50_001,8.918,1849.3451,60.0
2026-03-04 15:29:00+00:00,DMU50_001,8.812,1849.49197,60.0
2026-03-04 15:30:00+00:00,DMU50_001,9.168,1849.64477,60.0
2026-03-04 15:31:00+00:00,DMU50_001,8.418,1849.78507,60.0
2026-03-04 15:32:00+00:00,DMU50_001,3.4,1849.84174,60.0
2026-03-04 15:33:00+00:00,DMU50_001,3.48,1849.89974,60.0
2026-03-04 15:34:00+00:00,DMU50_001,3.714,1849.96164,60.0
2026-03-04 15:35:00+00:00,DMU50_001,3.566,1850.02107,60.0
2026-03-04 15:36:00+00:00,DMU50_001,14.408,1850.2612,60.0
2026-03-04 15:37:00+00:00,DMU50_001,14.756,1850.50713,60.0
2026-03-04 15:38:00+00:00,DMU50_001,15.443,1850.76451,60.0
2026-03-04 15:39:00+00:00,DMU50_001,14.4,1851.00451,60.0
2026-03-04 15:40:00+00:00,DMU50_001,14.961,1851.25386,60.0
2026-03-04 15:41:00+00:00,DMU50_001,14.995,1851.50378,60.0
2026-03-04 15:42:00+00:00,DMU50_001,14.807,1851.75056,60.0
2026-03-04 15:43:00+00:00,DMU50_001,10.078,1851.91853,60.0
2026-03-04 15:44:00+00:00,DMU50_001,8.835,1852.06578,60.0
2026-03-04 15:45:00+00:00,DMU50_001,9.18,1852.21878,60.0
2026-03-04 15:46:00+00:00,DMU50_001,8.693,1852.36366,60.0
2026-03-04 15:47:00+00:00,DMU50_001,9.211,1852.51718,60.0
2026-03-04 15:48:00+00:00,DMU50_001,9.348,1852.67298,60.0
2026-03-04 15:49:00+00:00,DMU50_001,8.765,1852.81906,60.0
2026-03-04 15:50:00+00:00,DMU50_001,4.189,1852.88888,60.0
2026-03-04 15:51:00+00:00,DMU50_001,4.021,1852.9559,60.0
2026-03-04 15:52:00+00:00,DMU50_001,3.971,1853.02208,60.0
2026-03-04 15:53:00+00:00,DMU50_001,4.407,1853.09553,60.0
2026-03-04 15:54:00+00:00,DMU50_001,3.389,1853.15201,60.0
2026-03-04 15:55:00+00:00,DMU50_001,3.017,1853.20229,60.0
2026-03-04 15:56:00+00:00,DMU50_001,3.853,1853.26651,60.0
2026-03-04 15:57:00+00:00,DMU50_001,3.34,1853.32218,60.0
2026-03-04 15:58:00+00:00,DMU50_001,3.451,1853.3797,60.0
2026-03-04 15:59:00+00:00,DMU50_001,15.82,1853.64337,60.0
2026-03-04 16:00:00+00:00,DMU50_001,14.929,1853.89219,60.0
2026-03-04 16:01:00+00:00,DMU50_001,14.918,1854.14082,60.0
2026-03-04 16:02:00+00:00,DMU50_001,14.386,1854.38059,60.0
2026-03-04 16:03:00+00:00,DMU50_001,14.183,1854.61697,60.0
2026-03-04 16:04:00+00:00,DMU50_001,14.917,1854.86559,60.0
2026-03-04 16:05:00+00:00,DMU50_001,15.181,1855.11861,60.0
2026-03-04 16:06:00+00:00,DMU50_001,15.153,1855.37116,60.0
2026-03-04 16:07:00+00:00,DMU50_001,14.759,1855.61714,60.0
2026-03-04 16:08:00+00:00,DMU50_001,9.008,1855.76727,60.0
2026-03-04 16:09:00+00:00,DMU50_001,8.265,1855.90502,60.0
2026-03-04 16:10:00+00:00,DMU50_001,9.184,1856.05809,60.0
2026-03-04 16:11:00+00:00,DMU50_001,9.065,1856.20917,60.0
2026-03-04 16:12:00+00:00,DMU50_001,4.595,1856.28575,60.0
2026-03-04 16:13:00+00:00,DMU50_001,4.201,1856.35577,60.0
2026-03-04 16:14:00+00:00,DMU50_001,7.717,1856.48439,60.0
2026-03-04 16:15:00+00:00,DMU50_001,7.985,1856.61747,60.0
2026-03-04 16:16:00+00:00,DMU50_001,14.836,1856.86474,60.0
2026-03-04 16:17:00+00:00,DMU50_001,15.217,1857.11836,60.0
2026-03-04 16:18:00+00:00,DMU50_001,15.013,1857.36858,60.0
2026-03-04 16:19:00+00:00,DMU50_001,14.37,1857.60808,60.0
2026-03-04 16:20:00+00:00,DMU50_001,14.182,1857.84445,60.0
2026-03-04 16:21:00+00:00,DMU50_001,15.131,1858.09663,60.0
2026-03-04 16:22:00+00:00,DMU50_001,9.553,1858.25585,60.0
2026-03-04 16:23:00+00:00,DMU50_001,9.032,1858.40638,60.0
2026-03-04 16:24:00+00:00,DMU50_001,9.325,1858.5618,60.0
2026-03-04 16:25:00+00:00,DMU50_001,9.405,1858.71855,60.0
2026-03-04 16:26:00+00:00,DMU50_001,9.107,1858.87033,60.0
2026-03-04 16:27:00+00:00,DMU50_001,7.756,1858.9996,60.0
2026-03-04 16:28:00+00:00,DMU50_001,8.059,1859.13392,60.0
2026-03-04 16:29:00+00:00,DMU50_001,4.441,1859.20794,60.0
2026-03-04 16:30:00+00:00,DMU50_001,4.306,1859.27971,60.0
2026-03-04 16:31:00+00:00,DMU50_001,15.374,1859.53594,60.0
2026-03-04 16:32:00+00:00,DMU50_001,14.769,1859.78209,60.0
2026-03-04 16:33:00+00:00,DMU50_001,14.899,1860.03041,60.0
2026-03-04 16:34:00+00:00,DMU50_001,14.941,1860.27943,60.0
2026-03-04 16:35:00+00:00,DMU50_001,14.974,1860.529,60.0
2026-03-04 16:36:00+00:00,DMU50_001,15.584,1860.78873,60.0
2026-03-04 16:37:00+00:00,DMU50_001,13.826,1861.01916,60.0
2026-03-04 16:38:00+00:00,DMU50_001,15.015,1861.26941,60.0
2026-03-04 16:39:00+00:00,DMU50_001,14.96,1861.51874,60.0
2026-03-04 16:40:00+00:00,DMU50_001,8.451,1861.65959,60.0
2026-03-04 16:41:00+00:00,DMU50_001,9.269,1861.81407,60.0
2026-03-04 16:42:00+00:00,DMU50_001,8.71,1861.95924,60.0
2026-03-04 16:43:00+00:00,DMU50_001,3.429,1862.01639,60.0
2026-03-04 16:44:00+00:00,DMU50_001,3.87,1862.08089,60.0
2026-03-04 16:45:00+00:00,DMU50_001,3.702,1862.14259,60.0
2026-03-04 16:46:00+00:00,DMU50_001,3.615,1862.20284,60.0
2026-03-04 16:47:00+00:00,DMU50_001,8.114,1862.33807,60.0
2026-03-04 16:48:00+00:00,DMU50_001,14.918,1862.5867,60.0
2026-03-04 16:49:00+00:00,DMU50_001,16.0,1862.85337,60.0
2026-03-04 16:50:00+00:00,DMU50_001,15.401,1863.11005,60.0
2026-03-04 16:51:00+00:00,DMU50_001,14.625,1863.3538,60.0
2026-03-04 16:52:00+00:00,DMU50_001,14.3,1863.59213,60.0
2026-03-04 16:53:00+00:00,DMU50_001,15.283,1863.84685,60.0
2026-03-04 16:54:00+00:00,DMU50_001,14.972,1864.09638,60.0
2026-03-04 16:55:00+00:00,DMU50_001,8.428,1864.23685,60.0
2026-03-04 16:56:00+00:00,DMU50_001,9.171,1864.3897,60.0
2026-03-04 16:57:00+00:00,DMU50_001,3.446,1864.44713,60.0
2026-03-04 16:58:00+00:00,DMU50_001,3.606,1864.50723,60.0
2026-03-04 16:59:00+00:00,DMU50_001,3.588,1864.56703,60.0
2026-03-04 17:00:00+00:00,DMU50_001,3.378,1864.62333,60.0
2026-03-04 17:01:00+00:00,DMU50_001,15.316,1864.8786,60.0
2026-03-04 17:02:00+00:00,DMU50_001,14.751,1865.12445,60.0
2026-03-04 17:03:00+00:00,DMU50_001,14.784,1865.37085,60.0
2026-03-04 17:04:00+00:00,DMU50_001,14.734,1865.61642,60.0
2026-03-04 17:05:00+00:00,DMU50_001,15.565,1865.87584,60.0
2026-03-04 17:06:00+00:00,DMU50_001,14.86,1866.12351,60.0
2026-03-04 17:07:00+00:00,DMU50_001,15.686,1866.38494,60.0
2026-03-04 17:08:00+00:00,DMU50_001,15.892,1866.64981,60.0
2026-03-04 17:09:00+00:00,DMU50_001,14.631,1866.89366,60.0
2026-03-04 17:10:00+00:00,DMU50_001,7.832,1867.02419,60.0
2026-03-04 17:11:00+00:00,DMU50_001,9.418,1867.18116,60.0
2026-03-04 17:12:00+00:00,DMU50_001,8.863,1867.32888,60.0
2026-03-04 17:13:00+00:00,DMU50_001,4.027,1867.396,60.0
2026-03-04 17:14:00+00:00,DMU50_001,4.082,1867.46403,60.0
2026-03-04 17:15:00+00:00,DMU50_001,4.117,1867.53265,60.0
2026-03-04 17:16:00+00:00,DMU50_001,15.649,1867.79347,60.0
2026-03-04 17:17:00+00:00,DMU50_001,15.08,1868.0448,60.0
2026-03-04 17:18:00+00:00,DMU50_001,15.642,1868.3055,60.0
2026-03-04 17:19:00+00:00,DMU50_001,15.247,1868.55962,60.0
2026-03-04 17:20:00+00:00,DMU50_001,14.845,1868.80704,60.0
2026-03-04 17:21:00+00:00,DMU50_001,14.805,1869.05379,60.0
2026-03-04 17:22:00+00:00,DMU50_001,9.225,1869.20754,60.0
2026-03-04 17:23:00+00:00,DMU50_001,9.328,1869.36301,60.0
2026-03-04 17:24:00+00:00,DMU50_001,9.399,1869.51966,60.0
2026-03-04 17:25:00+00:00,DMU50_001,7.922,1869.65169,60.0
2026-03-04 17:26:00+00:00,DMU50_001,15.088,1869.90316,60.0
2026-03-04 17:27:00+00:00,DMU50_001,15.292,1870.15803,60.0
2026-03-04 17:28:00+00:00,DMU50_001,14.808,1870.40483,60.0
2026-03-04 17:29:00+00:00,DMU50_001,14.433,1870.64538,60.0
2026-03-04 17:30:00+00:00,DMU50_001,14.597,1870.88866,60.0
2026-03-04 17:31:00+00:00,DMU50_001,14.879,1871.13664,60.0
2026-03-04 17:32:00+00:00,DMU50_001,15.331,1871.39216,60.0
2026-03-04 17:33:00+00:00,DMU50_001,15.629,1871.65264,60.0
2026-03-04 17:34:00+00:00,DMU50_001,14.322,1871.89134,60.0
2026-03-04 17:35:00+00:00,DMU50_001,8.761,1872.03736,60.0
2026-03-04 17:36:00+00:00,DMU50_001,8.857,1872.18498,60.0
2026-03-04 17:37:00+00:00,DMU50_001,9.318,1872.34028,60.0
2026-03-04 17:38:00+00:00,DMU50_001,8.789,1872.48676,60.0
2026-03-04 17:39:00+00:00,DMU50_001,8.828,1872.63389,60.0
2026-03-04 17:40:00+00:00,DMU50_001,7.576,1872.76016,60.0
2026-03-04 17:41:00+00:00,DMU50_001,8.145,1872.89591,60.0
2026-03-04 17:42:00+00:00,DMU50_001,14.919,1873.14456,60.0
2026-03-04 17:43:00+00:00,DMU50_001,14.673,1873.38911,60.0
2026-03-04 17:44:00+00:00,DMU50_001,14.87,1873.63694,60.0
2026-03-04 17:45:00+00:00,DMU50_001,15.563,1873.89632,60.0
2026-03-04 17:46:00+00:00,DMU50_001,14.498,1874.13795,60.0
2026-03-04 17:47:00+00:00,DMU50_001,14.579,1874.38093,60.0
2026-03-04 17:48:00+00:00,DMU50_001,15.626,1874.64136,60.0
2026-03-04 17:49:00+00:00,DMU50_001,9.03,1874.79186,60.0
2026-03-04 17:50:00+00:00,DMU50_001,9.268,1874.94633,60.0
2026-03-04 17:51:00+00:00,DMU50_001,9.161,1875.09901,60.0
2026-03-04 17:52:00+00:00,DMU50_001,8.986,1875.24878,60.0
2026-03-04 17:53:00+00:00,DMU50_001,8.861,1875.39646,60.0
2026-03-04 17:54:00+00:00,DMU50_001,9.333,1875.55201,60.0
2026-03-04 17:55:00+00:00,DMU50_001,9.465,1875.70976,60.0
2026-03-04 17:56:00+00:00,DMU50_001,8.325,1875.84851,60.0
2026-03-04 17:57:00+00:00,DMU50_001,7.644,1875.97591,60.0
2026-03-04 17:58:00+00:00,DMU50_001,15.652,1876.23678,60.0
2026-03-04 17:59:00+00:00,DMU50_001,14.821,1876.4838,60.0
2026-03-04 18:00:00+00:00,DMU50_001,14.622,1876.7275,60.0
2026-03-04 18:01:00+00:00,DMU50_001,14.915,1876.97608,60.0
2026-03-04 18:02:00+00:00,DMU50_001,15.416,1877.23301,60.0
2026-03-04 18:03:00+00:00,DMU50_001,15.27,1877.48751,60.0
2026-03-04 18:04:00+00:00,DMU50_001,14.872,1877.73538,60.0
2026-03-04 18:05:00+00:00,DMU50_001,15.419,1877.99236,60.0
2026-03-04 18:06:00+00:00,DMU50_001,15.07,1878.24353,60.0
2026-03-04 18:07:00+00:00,DMU50_001,4.085,1878.31161,60.0
2026-03-04 18:08:00+00:00,DMU50_001,4.058,1878.37924,60.0
2026-03-04 18:09:00+00:00,DMU50_001,15.205,1878.63266,60.0
2026-03-04 18:10:00+00:00,DMU50_001,14.959,1878.88198,60.0
2026-03-04 18:11:00+00:00,DMU50_001,14.312,1879.12051,60.0
2026-03-04 18:12:00+00:00,DMU50_001,15.424,1879.37758,60.0
2026-03-04 18:13:00+00:00,DMU50_001,14.76,1879.62358,60.0
2026-03-04 18:14:00+00:00,DMU50_001,15.796,1879.88685,60.0
2026-03-04 18:15:00+00:00,DMU50_001,14.299,1880.12517,60.0
2026-03-04 18:16:00+00:00,DMU50_001,8.928,1880.27397,60.0
2026-03-04 18:17:00+00:00,DMU50_001,4.06,1880.34164,60.0
2026-03-04 18:18:00+00:00,DMU50_001,4.005,1880.40839,60.0
2026-03-04 18:19:00+00:00,DMU50_001,4.103,1880.47677,60.0
2026-03-04 18:20:00+00:00,DMU50_001,4.554,1880.55267,60.0
2026-03-04 18:21:00+00:00,DMU50_001,15.072,1880.80387,60.0
2026-03-04 18:22:00+00:00,DMU50_001,14.604,1881.04727,60.0
2026-03-04 18:23:00+00:00,DMU50_001,14.086,1881.28204,60.0
2026-03-04 18:24:00+00:00,DMU50_001,14.139,1881.51769,60.0
2026-03-04 18:25:00+00:00,DMU50_001,14.732,1881.76322,60.0
2026-03-04 18:26:00+00:00,DMU50_001,14.683,1882.00794,60.0
2026-03-04 18:27:00+00:00,DMU50_001,14.888,1882.25607,60.0
2026-03-04 18:28:00+00:00,DMU50_001,13.864,1882.48714,60.0
2026-03-04 18:29:00+00:00,DMU50_001,8.963,1882.63652,60.0
2026-03-04 18:30:00+00:00,DMU50_001,9.411,1882.79337,60.0
2026-03-04 18:31:00+00:00,DMU50_001,3.825,1882.85712,60.0
2026-03-04 18:32:00+00:00,DMU50_001,3.121,1882.90914,60.0
2026-03-04 18:33:00+00:00,DMU50_001,3.34,1882.96481,60.0
2026-03-04 18:34:00+00:00,DMU50_001,14.573,1883.20769,60.0
2026-03-04 18:35:00+00:00,DMU50_001,15.073,1883.45891,60.0
2026-03-04 18:36:00+00:00,DMU50_001,14.39,1883.69874,60.0
2026-03-04 18:37:00+00:00,DMU50_001,15.841,1883.96276,60.0
2026-03-04 18:38:00+00:00,DMU50_001,15.022,1884.21313,60.0
2026-03-04 18:39:00+00:00,DMU50_001,14.938,1884.4621,60.0
2026-03-04 18:40:00+00:00,DMU50_001,15.796,1884.72537,60.0
2026-03-04 18:41:00+00:00,DMU50_001,8.994,1884.87527,60.0
2026-03-04 18:42:00+00:00,DMU50_001,9.16,1885.02794,60.0
2026-03-04 18:43:00+00:00,DMU50_001,8.7,1885.17294,60.0
2026-03-04 18:44:00+00:00,DMU50_001,8.452,1885.31381,60.0
2026-03-04 18:45:00+00:00,DMU50_001,4.078,1885.38178,60.0
2026-03-04 18:46:00+00:00,DMU50_001,4.637,1885.45906,60.0
2026-03-04 18:47:00+00:00,DMU50_001,4.327,1885.53118,60.0
2026-03-04 18:48:00+00:00,DMU50_001,4.255,1885.6021,60.0
2026-03-04 18:49:00+00:00,DMU50_001,14.512,1885.84397,60.0
2026-03-04 18:50:00+00:00,DMU50_001,15.456,1886.10157,60.0
2026-03-04 18:51:00+00:00,DMU50_001,14.321,1886.34025,60.0
2026-03-04 18:52:00+00:00,DMU50_001,14.216,1886.57718,60.0
2026-03-04 18:53:00+00:00,DMU50_001,14.721,1886.82253,60.0
2026-03-04 18:54:00+00:00,DMU50_001,15.977,1887.08881,60.0
2026-03-04 18:55:00+00:00,DMU50_001,15.949,1887.35463,60.0
2026-03-04 18:56:00+00:00,DMU50_001,14.774,1887.60086,60.0
2026-03-04 18:57:00+00:00,DMU50_001,8.73,1887.74636,60.0
2026-03-04 18:58:00+00:00,DMU50_001,8.344,1887.88543,60.0
2026-03-04 18:59:00+00:00,DMU50_001,8.023,1888.01915,60.0
2026-03-04 19:00:00+00:00,DMU50_001,15.081,1888.2705,60.0
2026-03-04 19:01:00+00:00,DMU50_001,15.395,1888.52708,60.0
2026-03-04 19:02:00+00:00,DMU50_001,15.455,1888.78466,60.0
2026-03-04 19:03:00+00:00,DMU50_001,14.901,1889.03301,60.0
2026-03-04 19:04:00+00:00,DMU50_001,15.278,1889.28764,60.0
2026-03-04 19:05:00+00:00,DMU50_001,14.65,1889.53181,60.0
2026-03-04 19:06:00+00:00,DMU50_001,8.161,1889.66783,60.0
2026-03-04 19:07:00+00:00,DMU50_001,14.746,1889.9136,60.0
2026-03-04 19:08:00+00:00,DMU50_001,15.23,1890.16743,60.0
2026-03-04 19:09:00+00:00,DMU50_001,15.189,1890.42058,60.0
2026-03-04 19:10:00+00:00,DMU50_001,15.034,1890.67115,60.0
2026-03-04 19:11:00+00:00,DMU50_001,15.397,1890.92777,60.0
2026-03-04 19:12:00+00:00,DMU50_001,14.215,1891.16469,60.0
2026-03-04 19:13:00+00:00,DMU50_001,14.468,1891.40582,60.0
2026-03-04 19:14:00+00:00,DMU50_001,14.865,1891.65357,60.0
2026-03-04 19:15:00+00:00,DMU50_001,14.278,1891.89154,60.0
2026-03-04 19:16:00+00:00,DMU50_001,4.119,1891.96019,60.0
2026-03-04 19:17:00+00:00,DMU50_001,4.125,1892.02894,60.0
2026-03-04 19:18:00+00:00,DMU50_001,15.655,1892.28986,60.0
2026-03-04 19:19:00+00:00,DMU50_001,15.071,1892.54104,60.0
2026-03-04 19:20:00+00:00,DMU50_001,15.515,1892.79962,60.0
2026-03-04 19:21:00+00:00,DMU50_001,15.151,1893.05214,60.0
2026-03-04 19:22:00+00:00,DMU50_001,14.732,1893.29767,60.0
2026-03-04 19:23:00+00:00,DMU50_001,15.067,1893.54879,60.0
2026-03-04 19:24:00+00:00,DMU50_001,9.292,1893.70366,60.0
2026-03-04 19:25:00+00:00,DMU50_001,9.477,1893.86161,60.0
2026-03-04 19:26:00+00:00,DMU50_001,8.947,1894.01073,60.0
2026-03-04 19:27:00+00:00,DMU50_001,3.87,1894.07523,60.0
2026-03-04 19:28:00+00:00,DMU50_001,3.856,1894.1395,60.0
2026-03-04 19:29:00+00:00,DMU50_001,4.135,1894.20842,60.0
2026-03-04 19:30:00+00:00,DMU50_001,3.732,1894.27062,60.0
2026-03-04 19:31:00+00:00,DMU50_001,15.898,1894.53559,60.0
2026-03-04 19:32:00+00:00,DMU50_001,15.298,1894.79056,60.0
2026-03-04 19:33:00+00:00,DMU50_001,14.682,1895.03526,60.0
2026-03-04 19:34:00+00:00,DMU50_001,14.445,1895.27601,60.0
2026-03-04 19:35:00+00:00,DMU50_001,15.514,1895.53458,60.0
2026-03-04 19:36:00+00:00,DMU50_001,14.443,1895.7753,60.0
2026-03-04 19:37:00+00:00,DMU50_001,14.491,1896.01682,60.0
2026-03-04 19:38:00+00:00,DMU50_001,14.617,1896.26044,60.0
2026-03-04 19:39:00+00:00,DMU50_001,9.046,1896.41121,60.0
2026-03-04 19:40:00+00:00,DMU50_001,9.248,1896.56534,60.0
2026-03-04 19:41:00+00:00,DMU50_001,9.477,1896.72329,60.0
2026-03-04 19:42:00+00:00,DMU50_001,9.418,1896.88026,60.0
2026-03-04 19:43:00+00:00,DMU50_001,9.0,1897.03026,60.0
2026-03-04 19:44:00+00:00,DMU50_001,9.408,1897.18706,60.0
2026-03-04 19:45:00+00:00,DMU50_001,7.799,1897.31704,60.0
2026-03-04 19:46:00+00:00,DMU50_001,14.09,1897.55187,60.0
2026-03-04 19:47:00+00:00,DMU50_001,14.664,1897.79627,60.0
2026-03-04 19:48:00+00:00,DMU50_001,14.597,1898.03955,60.0
2026-03-04 19:49:00+00:00,DMU50_001,14.684,1898.28428,60.0
2026-03-04 19:50:00+00:00,DMU50_001,14.52,1898.52628,60.0
2026-03-04 19:51:00+00:00,DMU50_001,14.769,1898.77243,60.0
2026-03-04 19:52:00+00:00,DMU50_001,15.31,1899.0276,60.0
2026-03-04 19:53:00+00:00,DMU50_001,9.686,1899.18903,60.0
2026-03-04 19:54:00+00:00,DMU50_001,8.31,1899.32753,60.0
2026-03-04 19:55:00+00:00,DMU50_001,8.485,1899.46895,60.0
2026-03-04 19:56:00+00:00,DMU50_001,8.683,1899.61367,60.0
2026-03-04 19:57:00+00:00,DMU50_001,9.306,1899.76877,60.0
2026-03-04 19:58:00+00:00,DMU50_001,4.159,1899.83809,60.0
2026-03-04 19:59:00+00:00,DMU50_001,4.055,1899.90567,60.0
2026-03-04 20:00:00+00:00,DMU50_001,4.343,1899.97805,60.0
2026-03-04 20:01:00+00:00,DMU50_001,3.691,1900.03957,60.0
2026-03-04 20:02:00+00:00,DMU50_001,3.496,1900.09784,60.0
2026-03-04 20:03:00+00:00,DMU50_001,3.337,1900.15346,60.0
2026-03-04 20:04:00+00:00,DMU50_001,3.554,1900.21269,60.0
2026-03-04 20:05:00+00:00,DMU50_001,14.883,1900.46074,60.0
2026-03-04 20:06:00+00:00,DMU50_001,14.879,1900.70872,60.0
2026-03-04 20:07:00+00:00,DMU50_001,14.744,1900.95445,60.0
2026-03-04 20:08:00+00:00,DMU50_001,15.462,1901.21215,60.0
2026-03-04 20:09:00+00:00,DMU50_001,15.125,1901.46423,60.0
2026-03-04 20:10:00+00:00,DMU50_001,15.518,1901.72286,60.0
2026-03-04 20:11:00+00:00,DMU50_001,15.668,1901.98399,60.0
2026-03-04 20:12:00+00:00,DMU50_001,15.229,1902.23781,60.0
2026-03-04 20:13:00+00:00,DMU50_001,14.747,1902.48359,60.0
2026-03-04 20:14:00+00:00,DMU50_001,3.708,1902.54539,60.0
2026-03-04 20:15:00+00:00,DMU50_001,3.593,1902.60527,60.0
2026-03-04 20:16:00+00:00,DMU50_001,4.021,1902.67229,60.0
2026-03-04 20:17:00+00:00,DMU50_001,15.155,1902.92487,60.0
2026-03-04 20:18:00+00:00,DMU50_001,15.349,1903.18069,60.0
2026-03-04 20:19:00+00:00,DMU50_001,15.145,1903.43311,60.0
2026-03-04 20:20:00+00:00,DMU50_001,14.95,1903.68228,60.0
2026-03-04 20:21:00+00:00,DMU50_001,14.871,1903.93013,60.0
2026-03-04 20:22:00+00:00,DMU50_001,15.147,1904.18258,60.0
2026-03-04 20:23:00+00:00,DMU50_001,4.304,1904.25431,60.0
2026-03-04 20:24:00+00:00,DMU50_001,4.431,1904.32816,60.0
2026-03-04 20:25:00+00:00,DMU50_001,4.262,1904.39919,60.0
2026-03-04 20:26:00+00:00,DMU50_001,8.815,1904.54611,60.0
2026-03-04 20:27:00+00:00,DMU50_001,8.869,1904.69393,60.0
2026-03-04 20:28:00+00:00,DMU50_001,8.471,1904.83511,60.0
2026-03-04 20:29:00+00:00,DMU50_001,9.664,1904.99618,60.0
2026-03-04 20:30:00+00:00,DMU50_001,8.784,1905.14258,60.0
2026-03-04 20:31:00+00:00,DMU50_001,9.387,1905.29903,60.0
2026-03-04 20:32:00+00:00,DMU50_001,3.555,1905.35828,60.0
2026-03-04 20:33:00+00:00,DMU50_001,3.561,1905.41763,60.0
2026-03-04 20:34:00+00:00,DMU50_001,3.477,1905.47558,60.0
2026-03-04 20:35:00+00:00,DMU50_001,8.685,1905.62033,60.0
2026-03-04 20:36:00+00:00,DMU50_001,8.613,1905.76388,60.0
2026-03-04 20:37:00+00:00,DMU50_001,9.691,1905.9254,60.0
2026-03-04 20:38:00+00:00,DMU50_001,9.046,1906.07617,60.0
2026-03-04 20:39:00+00:00,DMU50_001,9.45,1906.23367,60.0
2026-03-04 20:40:00+00:00,DMU50_001,9.554,1906.3929,60.0
2026-03-04 20:41:00+00:00,DMU50_001,3.418,1906.44987,60.0
2026-03-04 20:42:00+00:00,DMU50_001,3.585,1906.50962,60.0
2026-03-04 20:43:00+00:00,DMU50_001,15.023,1906.76,60.0
2026-03-04 20:44:00+00:00,DMU50_001,14.421,1907.00035,60.0
2026-03-04 20:45:00+00:00,DMU50_001,14.907,1907.2488,60.0
2026-03-04 20:46:00+00:00,DMU50_001,15.294,1907.5037,60.0
2026-03-04 20:47:00+00:00,DMU50_001,14.75,1907.74953,60.0
2026-03-04 20:48:00+00:00,DMU50_001,14.838,1907.99683,60.0
2026-03-04 20:49:00+00:00,DMU50_001,14.913,1908.24538,60.0
2026-03-04 20:50:00+00:00,DMU50_001,9.845,1908.40946,60.0
2026-03-04 20:51:00+00:00,DMU50_001,8.266,1908.54723,60.0
2026-03-04 20:52:00+00:00,DMU50_001,9.201,1908.70058,60.0
2026-03-04 20:53:00+00:00,DMU50_001,8.899,1908.8489,60.0
2026-03-04 20:54:00+00:00,DMU50_001,8.744,1908.99463,60.0
2026-03-04 20:55:00+00:00,DMU50_001,8.889,1909.14278,60.0
2026-03-04 20:56:00+00:00,DMU50_001,3.633,1909.20333,60.0
2026-03-04 20:57:00+00:00,DMU50_001,3.645,1909.26408,60.0
2026-03-04 20:58:00+00:00,DMU50_001,3.537,1909.32303,60.0
2026-03-04 20:59:00+00:00,DMU50_001,3.719,1909.38501,60.0
2026-03-04 21:00:00+00:00,DMU50_001,15.634,1909.64558,60.0
2026-03-04 21:01:00+00:00,DMU50_001,15.408,1909.90238,60.0
2026-03-04 21:02:00+00:00,DMU50_001,14.727,1910.14783,60.0
2026-03-04 21:03:00+00:00,DMU50_001,15.247,1910.40195,60.0
2026-03-04 21:04:00+00:00,DMU50_001,15.25,1910.65612,60.0
2026-03-04 21:05:00+00:00,DMU50_001,14.592,1910.89932,60.0
2026-03-04 21:06:00+00:00,DMU50_001,14.215,1911.13624,60.0
2026-03-04 21:07:00+00:00,DMU50_001,13.989,1911.36939,60.0
2026-03-04 21:08:00+00:00,DMU50_001,9.028,1911.51986,60.0
2026-03-04 21:09:00+00:00,DMU50_001,9.119,1911.67184,60.0
2026-03-04 21:10:00+00:00,DMU50_001,8.527,1911.81396,60.0
2026-03-04 21:11:00+00:00,DMU50_001,9.418,1911.97093,60.0
2026-03-04 21:12:00+00:00,DMU50_001,9.061,1912.12195,60.0
2026-03-04 21:13:00+00:00,DMU50_001,9.54,1912.28095,60.0
2026-03-04 21:14:00+00:00,DMU50_001,4.274,1912.35218,60.0
2026-03-04 21:15:00+00:00,DMU50_001,3.987,1912.41863,60.0
2026-03-04 21:16:00+00:00,DMU50_001,4.292,1912.49016,60.0
2026-03-04 21:17:00+00:00,DMU50_001,4.334,1912.56239,60.0
2026-03-04 21:18:00+00:00,DMU50_001,14.726,1912.80782,60.0
2026-03-04 21:19:00+00:00,DMU50_001,14.279,1913.0458,60.0
2026-03-04 21:20:00+00:00,DMU50_001,15.05,1913.29663,60.0
2026-03-04 21:21:00+00:00,DMU50_001,14.5,1913.5383,60.0
2026-03-04 21:22:00+00:00,DMU50_001,15.56,1913.79763,60.0
2026-03-04 21:23:00+00:00,DMU50_001,14.796,1914.04423,60.0
2026-03-04 21:24:00+00:00,DMU50_001,9.69,1914.20573,60.0
2026-03-04 21:25:00+00:00,DMU50_001,3.775,1914.26865,60.0
2026-03-04 21:26:00+00:00,DMU50_001,4.227,1914.3391,60.0
2026-03-04 21:27:00+00:00,DMU50_001,15.715,1914.60102,60.0
2026-03-04 21:28:00+00:00,DMU50_001,14.555,1914.8436,60.0
2026-03-04 21:29:00+00:00,DMU50_001,14.92,1915.09227,60.0
2026-03-04 21:30:00+00:00,DMU50_001,14.798,1915.3389,60.0
2026-03-04 21:31:00+00:00,DMU50_001,14.658,1915.5832,60.0
2026-03-04 21:32:00+00:00,DMU50_001,15.122,1915.83523,60.0
2026-03-04 21:33:00+00:00,DMU50_001,14.352,1916.07443,60.0
2026-03-04 21:34:00+00:00,DMU50_001,14.945,1916.32351,60.0
2026-03-04 21:35:00+00:00,DMU50_001,3.603,1916.38356,60.0
2026-03-04 21:36:00+00:00,DMU50_001,3.457,1916.44118,60.0
2026-03-04 21:37:00+00:00,DMU50_001,3.3,1916.49618,60.0
2026-03-04 21:38:00+00:00,DMU50_001,3.706,1916.55795,60.0
2026-03-04 21:39:00+00:00,DMU50_001,15.365,1916.81403,60.0
2026-03-04 21:40:00+00:00,DMU50_001,14.479,1917.05535,60.0
2026-03-04 21:41:00+00:00,DMU50_001,14.353,1917.29457,60.0
2026-03-04 21:42:00+00:00,DMU50_001,14.524,1917.53664,60.0
2026-03-04 21:43:00+00:00,DMU50_001,15.273,1917.79119,60.0
2026-03-04 21:44:00+00:00,DMU50_001,15.138,1918.04349,60.0
2026-03-04 21:45:00+00:00,DMU50_001,15.395,1918.30007,60.0
2026-03-04 21:46:00+00:00,DMU50_001,8.87,1918.4479,60.0
2026-03-04 21:47:00+00:00,DMU50_001,8.63,1918.59173,60.0
2026-03-04 21:48:00+00:00,DMU50_001,9.368,1918.74786,60.0
2026-03-04 21:49:00+00:00,DMU50_001,8.779,1918.89418,60.0
2026-03-04 21:50:00+00:00,DMU50_001,9.075,1919.04543,60.0
2026-03-04 21:51:00+00:00,DMU50_001,7.535,1919.17101,60.0
2026-03-04 21:52:00+00:00,DMU50_001,14.715,1919.41626,60.0
2026-03-04 21:53:00+00:00,DMU50_001,15.505,1919.67468,60.0
2026-03-04 21:54:00+00:00,DMU50_001,14.642,1919.91871,60.0
2026-03-04 21:55:00+00:00,DMU50_001,15.407,1920.17549,60.0
2026-03-04 21:56:00+00:00,DMU50_001,13.834,1920.40606,60.0
2026-03-04 21:57:00+00:00,DMU50_001,14.72,1920.65139,60.0
2026-03-04 21:58:00+00:00,DMU50_001,14.914,1920.89996,60.0
2026-03-04 21:59:00+00:00,DMU50_001,15.871,1921.16448,60.0
2026-03-04 22:00:00+00:00,DMU50_001,14.415,1921.40473,60.0
2026-03-04 22:01:00+00:00,DMU50_001,9.268,1921.5592,60.0
2026-03-04 22:02:00+00:00,DMU50_001,8.317,1921.69782,60.0
2026-03-04 22:03:00+00:00,DMU50_001,7.784,1921.82755,60.0
2026-03-04 22:04:00+00:00,DMU50_001,14.813,1922.07443,60.0
2026-03-04 22:05:00+00:00,DMU50_001,15.071,1922.32561,60.0
2026-03-04 22:06:00+00:00,DMU50_001,14.259,1922.56326,60.0
2026-03-04 22:07:00+00:00,DMU50_001,14.772,1922.80946,60.0
2026-03-04 22:08:00+00:00,DMU50_001,15.638,1923.07009,60.0
2026-03-04 22:09:00+00:00,DMU50_001,15.261,1923.32444,60.0
2026-03-04 22:10:00+00:00,DMU50_001,8.937,1923.47339,60.0
2026-03-04 22:11:00+00:00,DMU50_001,9.045,1923.62414,60.0
2026-03-04 22:12:00+00:00,DMU50_001,9.232,1923.77801,60.0
2026-03-04 22:13:00+00:00,DMU50_001,9.309,1923.93316,60.0
2026-03-04 22:14:00+00:00,DMU50_001,8.777,1924.07944,60.0
2026-03-04 22:15:00+00:00,DMU50_001,4.507,1924.15456,60.0
2026-03-04 22:16:00+00:00,DMU50_001,4.463,1924.22894,60.0
2026-03-04 22:17:00+00:00,DMU50_001,4.335,1924.30119,60.0
2026-03-04 22:18:00+00:00,DMU50_001,8.663,1924.44557,60.0
2026-03-04 22:19:00+00:00,DMU50_001,8.592,1924.58877,60.0
2026-03-04 22:20:00+00:00,DMU50_001,8.869,1924.73659,60.0
2026-03-04 22:21:00+00:00,DMU50_001,9.024,1924.88699,60.0
2026-03-04 22:22:00+00:00,DMU50_001,8.293,1925.02521,60.0
2026-03-04 22:23:00+00:00,DMU50_001,9.198,1925.17851,60.0
2026-03-04 22:24:00+00:00,DMU50_001,9.515,1925.33709,60.0
2026-03-04 22:25:00+00:00,DMU50_001,9.231,1925.49094,60.0
2026-03-04 22:26:00+00:00,DMU50_001,3.365,1925.54702,60.0
2026-03-04 22:27:00+00:00,DMU50_001,3.341,1925.6027,60.0
2026-03-04 22:28:00+00:00,DMU50_001,15.15,1925.8552,60.0
2026-03-04 22:29:00+00:00,DMU50_001,14.923,1926.10392,60.0
2026-03-04 22:30:00+00:00,DMU50_001,15.222,1926.35762,60.0
2026-03-04 22:31:00+00:00,DMU50_001,15.301,1926.61264,60.0
2026-03-04 22:32:00+00:00,DMU50_001,15.546,1926.87174,60.0
2026-03-04 22:33:00+00:00,DMU50_001,14.434,1927.11231,60.0
2026-03-04 22:34:00+00:00,DMU50_001,15.111,1927.36416,60.0
2026-03-04 22:35:00+00:00,DMU50_001,14.818,1927.61113,60.0
2026-03-04 22:36:00+00:00,DMU50_001,14.951,1927.86031,60.0
2026-03-04 22:37:00+00:00,DMU50_001,15.432,1928.11751,60.0
2026-03-04 22:38:00+00:00,DMU50_001,9.389,1928.27399,60.0
2026-03-04 22:39:00+00:00,DMU50_001,9.559,1928.43331,60.0
2026-03-04 22:40:00+00:00,DMU50_001,8.128,1928.56878,60.0
2026-03-04 22:41:00+00:00,DMU50_001,8.956,1928.71805,60.0
2026-03-04 22:42:00+00:00,DMU50_001,8.899,1928.86637,60.0
2026-03-04 22:43:00+00:00,DMU50_001,8.306,1929.0048,60.0
2026-03-04 22:44:00+00:00,DMU50_001,9.536,1929.16373,60.0
2026-03-04 22:45:00+00:00,DMU50_001,8.871,1929.31158,60.0
2026-03-04 22:46:00+00:00,DMU50_001,9.202,1929.46495,60.0
2026-03-04 22:47:00+00:00,DMU50_001,9.272,1929.61948,60.0
2026-03-04 22:48:00+00:00,DMU50_001,8.502,1929.76118,60.0
2026-03-04 22:49:00+00:00,DMU50_001,3.315,1929.81643,60.0
2026-03-04 22:50:00+00:00,DMU50_001,3.809,1929.87991,60.0
2026-03-04 22:51:00+00:00,DMU50_001,3.558,1929.93921,60.0
2026-03-04 22:52:00+00:00,DMU50_001,3.384,1929.99561,60.0
2026-03-04 22:53:00+00:00,DMU50_001,3.475,1930.05353,60.0
2026-03-04 22:54:00+00:00,DMU50_001,8.326,1930.1923,60.0
2026-03-04 22:55:00+00:00,DMU50_001,3.687,1930.25375,60.0
2026-03-04 22:56:00+00:00,DMU50_001,3.207,1930.3072,60.0
2026-03-04 22:57:00+00:00,DMU50_001,3.827,1930.37098,60.0
2026-03-04 22:58:00+00:00,DMU50_001,3.693,1930.43253,60.0
2026-03-04 22:59:00+00:00,DMU50_001,14.924,1930.68126,60.0
2026-03-04 23:00:00+00:00,DMU50_001,14.404,1930.92133,60.0
2026-03-04 23:01:00+00:00,DMU50_001,15.527,1931.18011,60.0
2026-03-04 23:02:00+00:00,DMU50_001,15.238,1931.43408,60.0
2026-03-04 23:03:00+00:00,DMU50_001,14.271,1931.67193,60.0
2026-03-04 23:04:00+00:00,DMU50_001,14.884,1931.92,60.0
2026-03-04 23:05:00+00:00,DMU50_001,16.563,1932.19605,60.0
2026-03-04 23:06:00+00:00,DMU50_001,15.008,1932.44618,60.0
2026-03-04 23:07:00+00:00,DMU50_001,14.629,1932.69,60.0
2026-03-04 23:08:00+00:00,DMU50_001,8.597,1932.83328,60.0
2026-03-04 23:09:00+00:00,DMU50_001,8.532,1932.97548,60.0
2026-03-04 23:10:00+00:00,DMU50_001,9.339,1933.13113,60.0
2026-03-04 23:11:00+00:00,DMU50_001,9.563,1933.29051,60.0
2026-03-04 23:12:00+00:00,DMU50_001,9.099,1933.44216,60.0
2026-03-04 23:13:00+00:00,DMU50_001,9.502,1933.60053,60.0
2026-03-04 23:14:00+00:00,DMU50_001,8.661,1933.74488,60.0
2026-03-04 23:15:00+00:00,DMU50_001,9.065,1933.89596,60.0
2026-03-04 23:16:00+00:00,DMU50_001,15.144,1934.14836,60.0
2026-03-04 23:17:00+00:00,DMU50_001,15.691,1934.40988,60.0
2026-03-04 23:18:00+00:00,DMU50_001,15.159,1934.66253,60.0
2026-03-04 23:19:00+00:00,DMU50_001,14.687,1934.90731,60.0
2026-03-04 23:20:00+00:00,DMU50_001,15.032,1935.15784,60.0
2026-03-04 23:21:00+00:00,DMU50_001,14.162,1935.39387,60.0
2026-03-04 23:22:00+00:00,DMU50_001,13.84,1935.62454,60.0
2026-03-04 23:23:00+00:00,DMU50_001,15.416,1935.88147,60.0
2026-03-04 23:24:00+00:00,DMU50_001,14.813,1936.12835,60.0
2026-03-04 23:25:00+00:00,DMU50_001,8.895,1936.2766,60.0
2026-03-04 23:26:00+00:00,DMU50_001,9.332,1936.43213,60.0
2026-03-04 23:27:00+00:00,DMU50_001,9.559,1936.59145,60.0
2026-03-04 23:28:00+00:00,DMU50_001,9.214,1936.74502,60.0
2026-03-04 23:29:00+00:00,DMU50_001,9.771,1936.90787,60.0
2026-03-04 23:30:00+00:00,DMU50_001,4.301,1936.97955,60.0
2026-03-04 23:31:00+00:00,DMU50_001,4.26,1937.05055,60.0
2026-03-04 23:32:00+00:00,DMU50_001,4.248,1937.12135,60.0
2026-03-04 23:33:00+00:00,DMU50_001,3.243,1937.1754,60.0
2026-03-04 23:34:00+00:00,DMU50_001,3.691,1937.23692,60.0
2026-03-04 23:35:00+00:00,DMU50_001,3.011,1937.2871,60.0
2026-03-04 23:36:00+00:00,DMU50_001,3.383,1937.34348,60.0
2026-03-04 23:37:00+00:00,DMU50_001,3.505,1937.4019,60.0
2026-03-04 23:38:00+00:00,DMU50_001,14.605,1937.64532,60.0
2026-03-04 23:39:00+00:00,DMU50_001,14.774,1937.89155,60.0
2026-03-04 23:40:00+00:00,DMU50_001,15.92,1938.15688,60.0
2026-03-04 23:41:00+00:00,DMU50_001,15.552,1938.41608,60.0
2026-03-04 23:42:00+00:00,DMU50_001,14.657,1938.66036,60.0
2026-03-04 23:43:00+00:00,DMU50_001,14.765,1938.90644,60.0
2026-03-04 23:44:00+00:00,DMU50_001,14.361,1939.14579,60.0
2026-03-04 23:45:00+00:00,DMU50_001,15.352,1939.40166,60.0
2026-03-04 23:46:00+00:00,DMU50_001,14.875,1939.64958,60.0
2026-03-04 23:47:00+00:00,DMU50_001,14.017,1939.8832,60.0
2026-03-04 23:48:00+00:00,DMU50_001,9.04,1940.03387,60.0
2026-03-04 23:49:00+00:00,DMU50_001,9.176,1940.1868,60.0
2026-03-04 23:50:00+00:00,DMU50_001,9.385,1940.34322,60.0
2026-03-04 23:51:00+00:00,DMU50_001,4.185,1940.41297,60.0
2026-03-04 23:52:00+00:00,DMU50_001,4.125,1940.48172,60.0
2026-03-04 23:53:00+00:00,DMU50_001,4.597,1940.55834,60.0
2026-03-04 23:54:00+00:00,DMU50_001,9.003,1940.70839,60.0
2026-03-04 23:55:00+00:00,DMU50_001,9.288,1940.86319,60.0
2026-03-04 23:56:00+00:00,DMU50_001,8.784,1941.00959,60.0
2026-03-04 23:57:00+00:00,DMU50_001,9.276,1941.16419,60.0
2026-03-04 23:58:00+00:00,DMU50_001,8.418,1941.30449,60.0
2026-03-04 23:59:00+00:00,DMU50_001,8.815,1941.45141,60.0
2026-03-05 00:00:00+00:00,DMU50_001,8.517,1941.59336,60.0
2026-03-05 00:01:00+00:00,DMU50_001,4.079,1941.66134,60.0
2026-03-05 00:02:00+00:00,DMU50_001,4.45,1941.73551,60.0
2026-03-05 00:03:00+00:00,DMU50_001,4.078,1941.80348,60.0
2026-03-05 00:04:00+00:00,DMU50_001,4.344,1941.87588,60.0
2026-03-05 00:05:00+00:00,DMU50_001,9.607,1942.036,60.0
2026-03-05 00:06:00+00:00,DMU50_001,8.989,1942.18582,60.0
2026-03-05 00:07:00+00:00,DMU50_001,9.398,1942.34245,60.0
2026-03-05 00:08:00+00:00,DMU50_001,9.212,1942.49598,60.0
2026-03-05 00:09:00+00:00,DMU50_001,9.047,1942.64676,60.0
2026-03-05 00:10:00+00:00,DMU50_001,9.3,1942.80176,60.0
2026-03-05 00:11:00+00:00,DMU50_001,3.868,1942.86623,60.0
2026-03-05 00:12:00+00:00,DMU50_001,3.373,1942.92245,60.0
2026-03-05 00:13:00+00:00,DMU50_001,3.308,1942.97758,60.0
2026-03-05 00:14:00+00:00,DMU50_001,3.296,1943.03251,60.0
2026-03-05 00:15:00+00:00,DMU50_001,3.699,1943.09416,60.0
2026-03-05 00:16:00+00:00,DMU50_001,4.426,1943.16793,60.0
2026-03-05 00:17:00+00:00,DMU50_001,4.093,1943.23615,60.0
2026-03-05 00:18:00+00:00,DMU50_001,7.359,1943.3588,60.0
2026-03-05 00:19:00+00:00,DMU50_001,14.663,1943.60318,60.0
2026-03-05 00:20:00+00:00,DMU50_001,15.274,1943.85775,60.0
2026-03-05 00:21:00+00:00,DMU50_001,14.967,1944.1072,60.0
2026-03-05 00:22:00+00:00,DMU50_001,15.09,1944.3587,60.0
2026-03-05 00:23:00+00:00,DMU50_001,14.738,1944.60433,60.0
2026-03-05 00:24:00+00:00,DMU50_001,15.507,1944.86278,60.0
2026-03-05 00:25:00+00:00,DMU50_001,15.172,1945.11565,60.0
2026-03-05 00:26:00+00:00,DMU50_001,15.293,1945.37053,60.0
2026-03-05 00:27:00+00:00,DMU50_001,15.08,1945.62186,60.0
2026-03-05 00:28:00+00:00,DMU50_001,15.262,1945.87623,60.0
2026-03-05 00:29:00+00:00,DMU50_001,9.183,1946.02928,60.0
2026-03-05 00:30:00+00:00,DMU50_001,8.629,1946.1731,60.0
2026-03-05 00:31:00+00:00,DMU50_001,4.275,1946.24435,60.0
2026-03-05 00:32:00+00:00,DMU50_001,4.358,1946.31698,60.0
2026-03-05 00:33:00+00:00,DMU50_001,4.431,1946.39083,60.0
2026-03-05 00:34:00+00:00,DMU50_001,4.283,1946.46221,60.0
2026-03-05 00:35:00+00:00,DMU50_001,7.71,1946.59071,60.0
2026-03-05 00:36:00+00:00,DMU50_001,7.757,1946.71999,60.0
2026-03-05 00:37:00+00:00,DMU50_001,14.782,1946.96636,60.0
2026-03-05 00:38:00+00:00,DMU50_001,15.095,1947.21794,60.0
2026-03-05 00:39:00+00:00,DMU50_001,14.939,1947.46692,60.0
2026-03-05 00:40:00+00:00,DMU50_001,14.438,1947.70755,60.0
2026-03-05 00:41:00+00:00,DMU50_001,14.435,1947.94813,60.0
2026-03-05 00:42:00+00:00,DMU50_001,13.951,1948.18065,60.0
2026-03-05 00:43:00+00:00,DMU50_001,13.44,1948.40465,60.0
2026-03-05 00:44:00+00:00,DMU50_001,14.934,1948.65355,60.0
2026-03-05 00:45:00+00:00,DMU50_001,16.16,1948.92288,60.0
2026-03-05 00:46:00+00:00,DMU50_001,9.719,1949.08486,60.0
2026-03-05 00:47:00+00:00,DMU50_001,8.609,1949.22834,60.0
2026-03-05 00:48:00+00:00,DMU50_001,9.06,1949.37934,60.0
2026-03-05 00:49:00+00:00,DMU50_001,8.414,1949.51957,60.0
2026-03-05 00:50:00+00:00,DMU50_001,3.938,1949.5852,60.0
2026-03-05 00:51:00+00:00,DMU50_001,3.961,1949.65122,60.0
2026-03-05 00:52:00+00:00,DMU50_001,8.91,1949.79972,60.0
2026-03-05 00:53:00+00:00,DMU50_001,8.927,1949.9485,60.0
2026-03-05 00:54:00+00:00,DMU50_001,9.101,1950.10018,60.0
2026-03-05 00:55:00+00:00,DMU50_001,9.265,1950.2546,60.0
2026-03-05 00:56:00+00:00,DMU50_001,8.865,1950.40235,60.0
2026-03-05 00:57:00+00:00,DMU50_001,9.014,1950.55258,60.0
2026-03-05 00:58:00+00:00,DMU50_001,8.562,1950.69528,60.0
2026-03-05 00:59:00+00:00,DMU50_001,8.462,1950.83631,60.0
2026-03-05 01:00:00+00:00,DMU50_001,3.9,1950.90131,60.0
2026-03-05 01:01:00+00:00,DMU50_001,4.33,1950.97348,60.0
2026-03-05 01:02:00+00:00,DMU50_001,4.132,1951.04235,60.0
2026-03-05 01:03:00+00:00,DMU50_001,3.826,1951.10612,60.0
2026-03-05 01:04:00+00:00,DMU50_001,3.487,1951.16424,60.0
2026-03-05 01:05:00+00:00,DMU50_001,3.25,1951.21841,60.0
2026-03-05 01:06:00+00:00,DMU50_001,3.832,1951.28228,60.0
2026-03-05 01:07:00+00:00,DMU50_001,4.084,1951.35035,60.0
2026-03-05 01:08:00+00:00,DMU50_001,4.336,1951.42262,60.0
2026-03-05 01:09:00+00:00,DMU50_001,4.418,1951.49625,60.0
2026-03-05 01:10:00+00:00,DMU50_001,14.523,1951.7383,60.0
2026-03-05 01:11:00+00:00,DMU50_001,15.038,1951.98893,60.0
2026-03-05 01:12:00+00:00,DMU50_001,15.277,1952.24355,60.0
2026-03-05 01:13:00+00:00,DMU50_001,15.058,1952.49452,60.0
2026-03-05 01:14:00+00:00,DMU50_001,15.181,1952.74754,60.0
2026-03-05 01:15:00+00:00,DMU50_001,14.335,1952.98646,60.0
2026-03-05 01:16:00+00:00,DMU50_001,15.277,1953.24108,60.0
2026-03-05 01:17:00+00:00,DMU50_001,8.806,1953.38785,60.0
2026-03-05 01:18:00+00:00,DMU50_001,9.14,1953.54018,60.0
2026-03-05 01:19:00+00:00,DMU50_001,9.368,1953.69631,60.0
2026-03-05 01:20:00+00:00,DMU50_001,9.268,1953.85078,60.0
2026-03-05 01:21:00+00:00,DMU50_001,9.139,1954.0031,60.0
2026-03-05 01:22:00+00:00,DMU50_001,9.257,1954.15738,60.0
2026-03-05 01:23:00+00:00,DMU50_001,9.275,1954.31196,60.0
2026-03-05 01:24:00+00:00,DMU50_001,4.499,1954.38694,60.0
2026-03-05 01:25:00+00:00,DMU50_001,4.193,1954.45682,60.0
2026-03-05 01:26:00+00:00,DMU50_001,15.082,1954.70819,60.0
2026-03-05 01:27:00+00:00,DMU50_001,15.466,1954.96596,60.0
2026-03-05 01:28:00+00:00,DMU50_001,14.755,1955.21188,60.0
2026-03-05 01:29:00+00:00,DMU50_001,14.332,1955.45075,60.0
2026-03-05 01:30:00+00:00,DMU50_001,15.247,1955.70487,60.0
2026-03-05 01:31:00+00:00,DMU50_001,14.897,1955.95315,60.0
2026-03-05 01:32:00+00:00,DMU50_001,14.396,1956.19308,60.0
2026-03-05 01:33:00+00:00,DMU50_001,15.25,1956.44725,60.0
2026-03-05 01:34:00+00:00,DMU50_001,15.716,1956.70918,60.0
2026-03-05 01:35:00+00:00,DMU50_001,8.348,1956.84831,60.0
2026-03-05 01:36:00+00:00,DMU50_001,9.409,1957.00513,60.0
2026-03-05 01:37:00+00:00,DMU50_001,2.993,1957.05501,60.0
2026-03-05 01:38:00+00:00,DMU50_001,3.42,1957.11201,60.0
2026-03-05 01:39:00+00:00,DMU50_001,3.868,1957.17648,60.0
2026-03-05 01:40:00+00:00,DMU50_001,3.434,1957.23371,60.0
2026-03-05 01:41:00+00:00,DMU50_001,3.518,1957.29234,60.0
2026-03-05 01:42:00+00:00,DMU50_001,15.381,1957.54869,60.0
2026-03-05 01:43:00+00:00,DMU50_001,14.142,1957.78439,60.0
2026-03-05 01:44:00+00:00,DMU50_001,15.036,1958.03499,60.0
2026-03-05 01:45:00+00:00,DMU50_001,15.032,1958.28552,60.0
2026-03-05 01:46:00+00:00,DMU50_001,15.931,1958.55104,60.0
2026-03-05 01:47:00+00:00,DMU50_001,14.382,1958.79074,60.0
2026-03-05 01:48:00+00:00,DMU50_001,8.847,1958.93819,60.0
2026-03-05 01:49:00+00:00,DMU50_001,7.721,1959.06687,60.0
2026-03-05 01:50:00+00:00,DMU50_001,8.586,1959.20997,60.0
2026-03-05 01:51:00+00:00,DMU50_001,9.451,1959.36749,60.0
2026-03-05 01:52:00+00:00,DMU50_001,9.011,1959.51767,60.0
2026-03-05 01:53:00+00:00,DMU50_001,8.778,1959.66397,60.0
2026-03-05 01:54:00+00:00,DMU50_001,8.793,1959.81052,60.0
2026-03-05 01:55:00+00:00,DMU50_001,8.775,1959.95677,60.0
2026-03-05 01:56:00+00:00,DMU50_001,4.105,1960.02519,60.0
2026-03-05 01:57:00+00:00,DMU50_001,3.947,1960.09097,60.0
2026-03-05 01:58:00+00:00,DMU50_001,8.897,1960.23925,60.0
2026-03-05 01:59:00+00:00,DMU50_001,8.856,1960.38685,60.0
2026-03-05 02:00:00+00:00,DMU50_001,8.697,1960.5318,60.0
2026-03-05 02:01:00+00:00,DMU50_001,9.062,1960.68283,60.0
2026-03-05 02:02:00+00:00,DMU50_001,9.096,1960.83443,60.0
2026-03-05 02:03:00+00:00,DMU50_001,8.777,1960.98071,60.0
2026-03-05 02:04:00+00:00,DMU50_001,7.957,1961.11333,60.0
2026-03-05 02:05:00+00:00,DMU50_001,3.932,1961.17886,60.0
2026-03-05 02:06:00+00:00,DMU50_001,3.924,1961.24426,60.0
2026-03-05 02:07:00+00:00,DMU50_001,3.989,1961.31074,60.0
2026-03-05 02:08:00+00:00,DMU50_001,4.017,1961.37769,60.0
2026-03-05 02:09:00+00:00,DMU50_001,14.47,1961.61886,60.0
2026-03-05 02:10:00+00:00,DMU50_001,15.529,1961.87768,60.0
2026-03-05 02:11:00+00:00,DMU50_001,14.801,1962.12436,60.0
2026-03-05 02:12:00+00:00,DMU50_001,15.12,1962.37636,60.0
2026-03-05 02:13:00+00:00,DMU50_001,15.998,1962.64299,60.0
2026-03-05 02:14:00+00:00,DMU50_001,14.995,1962.89291,60.0
2026-03-05 02:15:00+00:00,DMU50_001,15.353,1963.14879,60.0
2026-03-05 02:16:00+00:00,DMU50_001,8.156,1963.28472,60.0
2026-03-05 02:17:00+00:00,DMU50_001,14.706,1963.52982,60.0
2026-03-05 02:18:00+00:00,DMU50_001,15.53,1963.78865,60.0
2026-03-05 02:19:00+00:00,DMU50_001,14.575,1964.03157,60.0
2026-03-05 02:20:00+00:00,DMU50_001,15.67,1964.29274,60.0
2026-03-05 02:21:00+00:00,DMU50_001,14.706,1964.53784,60.0
2026-03-05 02:22:00+00:00,DMU50_001,14.761,1964.78386,60.0
2026-03-05 02:23:00+00:00,DMU50_001,14.456,1965.02479,60.0
2026-03-05 02:24:00+00:00,DMU50_001,14.538,1965.26709,60.0
2026-03-05 02:25:00+00:00,DMU50_001,14.787,1965.51354,60.0
2026-03-05 02:26:00+00:00,DMU50_001,3.014,1965.56377,60.0
2026-03-05 02:27:00+00:00,DMU50_001,3.453,1965.62132,60.0
2026-03-05 02:28:00+00:00,DMU50_001,3.398,1965.67795,60.0
2026-03-05 02:29:00+00:00,DMU50_001,3.658,1965.73892,60.0
2026-03-05 02:30:00+00:00,DMU50_001,3.585,1965.79867,60.0
2026-03-05 02:31:00+00:00,DMU50_001,4.058,1965.8663,60.0
2026-03-05 02:32:00+00:00,DMU50_001,4.108,1965.93477,60.0
2026-03-05 02:33:00+00:00,DMU50_001,4.153,1966.00399,60.0
2026-03-05 02:34:00+00:00,DMU50_001,15.743,1966.26637,60.0
2026-03-05 02:35:00+00:00,DMU50_001,14.589,1966.50952,60.0
2026-03-05 02:36:00+00:00,DMU50_001,14.64,1966.75352,60.0
2026-03-05 02:37:00+00:00,DMU50_001,14.436,1966.99412,60.0
2026-03-05 02:38:00+00:00,DMU50_001,14.259,1967.23177,60.0
2026-03-05 02:39:00+00:00,DMU50_001,15.154,1967.48434,60.0
2026-03-05 02:40:00+00:00,DMU50_001,9.081,1967.63569,60.0
2026-03-05 02:41:00+00:00,DMU50_001,9.513,1967.79424,60.0
2026-03-05 02:42:00+00:00,DMU50_001,9.417,1967.95119,60.0
2026-03-05 02:43:00+00:00,DMU50_001,9.959,1968.11717,60.0
2026-03-05 02:44:00+00:00,DMU50_001,8.97,1968.26667,60.0
2026-03-05 02:45:00+00:00,DMU50_001,8.896,1968.41494,60.0
2026-03-05 02:46:00+00:00,DMU50_001,3.24,1968.46894,60.0
2026-03-05 02:47:00+00:00,DMU50_001,3.639,1968.52959,60.0
2026-03-05 02:48:00+00:00,DMU50_001,3.524,1968.58832,60.0
2026-03-05 02:49:00+00:00,DMU50_001,3.63,1968.64882,60.0
2026-03-05 02:50:00+00:00,DMU50_001,3.272,1968.70335,60.0
2026-03-05 02:51:00+00:00,DMU50_001,15.176,1968.95628,60.0
2026-03-05 02:52:00+00:00,DMU50_001,15.103,1969.208,60.0
2026-03-05 02:53:00+00:00,DMU50_001,15.07,1969.45917,60.0
2026-03-05 02:54:00+00:00,DMU50_001,14.658,1969.70347,60.0
2026-03-05 02:55:00+00:00,DMU50_001,15.595,1969.96339,60.0
2026-03-05 02:56:00+00:00,DMU50_001,16.025,1970.23047,60.0
2026-03-05 02:57:00+00:00,DMU50_001,14.445,1970.47122,60.0
2026-03-05 02:58:00+00:00,DMU50_001,15.36,1970.72722,60.0
2026-03-05 02:59:00+00:00,DMU50_001,3.624,1970.78762,60.0
2026-03-05 03:00:00+00:00,DMU50_001,4.334,1970.85985,60.0
2026-03-05 03:01:00+00:00,DMU50_001,3.826,1970.92362,60.0
2026-03-05 03:02:00+00:00,DMU50_001,14.738,1971.16925,60.0
2026-03-05 03:03:00+00:00,DMU50_001,14.343,1971.4083,60.0
2026-03-05 03:04:00+00:00,DMU50_001,14.892,1971.6565,60.0
2026-03-05 03:05:00+00:00,DMU50_001,15.419,1971.91348,60.0
2026-03-05 03:06:00+00:00,DMU50_001,14.071,1972.148,60.0
2026-03-05 03:07:00+00:00,DMU50_001,14.82,1972.395,60.0
2026-03-05 03:08:00+00:00,DMU50_001,8.795,1972.54158,60.0
2026-03-05 03:09:00+00:00,DMU50_001,9.632,1972.70211,60.0
2026-03-05 03:10:00+00:00,DMU50_001,9.173,1972.85499,60.0
2026-03-05 03:11:00+00:00,DMU50_001,8.529,1972.99714,60.0
2026-03-05 03:12:00+00:00,DMU50_001,7.859,1973.12812,60.0
2026-03-05 03:13:00+00:00,DMU50_001,8.467,1973.26924,60.0
2026-03-05 03:14:00+00:00,DMU50_001,15.357,1973.52519,60.0
2026-03-05 03:15:00+00:00,DMU50_001,14.541,1973.76754,60.0
2026-03-05 03:16:00+00:00,DMU50_001,14.866,1974.01531,60.0
2026-03-05 03:17:00+00:00,DMU50_001,14.882,1974.26334,60.0
2026-03-05 03:18:00+00:00,DMU50_001,14.731,1974.50886,60.0
2026-03-05 03:19:00+00:00,DMU50_001,14.145,1974.74461,60.0
2026-03-05 03:20:00+00:00,DMU50_001,14.661,1974.98896,60.0
2026-03-05 03:21:00+00:00,DMU50_001,15.695,1975.25054,60.0
2026-03-05 03:22:00+00:00,DMU50_001,14.809,1975.49736,60.0
2026-03-05 03:23:00+00:00,DMU50_001,8.959,1975.64668,60.0
2026-03-05 03:24:00+00:00,DMU50_001,9.056,1975.79761,60.0
2026-03-05 03:25:00+00:00,DMU50_001,3.944,1975.86334,60.0
2026-03-05 03:26:00+00:00,DMU50_001,3.502,1975.92171,60.0
2026-03-05 03:27:00+00:00,DMU50_001,3.719,1975.98369,60.0
2026-03-05 03:28:00+00:00,DMU50_001,3.38,1976.04002,60.0
2026-03-05 03:29:00+00:00,DMU50_001,7.922,1976.17205,60.0
2026-03-05 03:30:00+00:00,DMU50_001,15.006,1976.42215,60.0
2026-03-05 03:31:00+00:00,DMU50_001,14.613,1976.6657,60.0
2026-03-05 03:32:00+00:00,DMU50_001,14.898,1976.914,60.0
2026-03-05 03:33:00+00:00,DMU50_001,15.444,1977.1714,60.0
2026-03-05 03:34:00+00:00,DMU50_001,14.6,1977.41473,60.0
2026-03-05 03:35:00+00:00,DMU50_001,15.0,1977.66473,60.0
2026-03-05 03:36:00+00:00,DMU50_001,9.283,1977.81945,60.0
2026-03-05 03:37:00+00:00,DMU50_001,8.67,1977.96395,60.0
2026-03-05 03:38:00+00:00,DMU50_001,9.438,1978.12125,60.0
2026-03-05 03:39:00+00:00,DMU50_001,9.029,1978.27173,60.0
2026-03-05 03:40:00+00:00,DMU50_001,8.934,1978.42063,60.0
2026-03-05 03:41:00+00:00,DMU50_001,8.197,1978.55725,60.0
2026-03-05 03:42:00+00:00,DMU50_001,8.851,1978.70477,60.0
2026-03-05 03:43:00+00:00,DMU50_001,8.111,1978.83995,60.0
2026-03-05 03:44:00+00:00,DMU50_001,15.873,1979.1045,60.0
2026-03-05 03:45:00+00:00,DMU50_001,15.284,1979.35923,60.0
2026-03-05 03:46:00+00:00,DMU50_001,15.563,1979.61861,60.0
2026-03-05 03:47:00+00:00,DMU50_001,14.395,1979.85853,60.0
2026-03-05 03:48:00+00:00,DMU50_001,14.937,1980.10748,60.0
2026-03-05 03:49:00+00:00,DMU50_001,15.61,1980.36765,60.0
2026-03-05 03:50:00+00:00,DMU50_001,14.556,1980.61025,60.0
2026-03-05 03:51:00+00:00,DMU50_001,15.483,1980.8683,60.0
2026-03-05 03:52:00+00:00,DMU50_001,15.367,1981.12442,60.0
2026-03-05 03:53:00+00:00,DMU50_001,4.255,1981.19534,60.0
2026-03-05 03:54:00+00:00,DMU50_001,4.134,1981.26424,60.0
2026-03-05 03:55:00+00:00,DMU50_001,14.507,1981.50602,60.0
2026-03-05 03:56:00+00:00,DMU50_001,15.888,1981.77082,60.0
2026-03-05 03:57:00+00:00,DMU50_001,15.316,1982.02609,60.0
2026-03-05 03:58:00+00:00,DMU50_001,15.17,1982.27892,60.0
2026-03-05 03:59:00+00:00,DMU50_001,14.794,1982.52549,60.0
2026-03-05 04:00:00+00:00,DMU50_001,15.019,1982.77581,60.0
2026-03-05 04:01:00+00:00,DMU50_001,9.066,1982.92691,60.0
2026-03-05 04:02:00+00:00,DMU50_001,9.16,1983.07958,60.0
2026-03-05 04:03:00+00:00,DMU50_001,9.294,1983.23448,60.0
2026-03-05 04:04:00+00:00,DMU50_001,3.344,1983.29021,60.0
2026-03-05 04:05:00+00:00,DMU50_001,3.207,1983.34366,60.0
2026-03-05 04:06:00+00:00,DMU50_001,3.517,1983.40228,60.0
2026-03-05 04:07:00+00:00,DMU50_001,3.851,1983.46646,60.0
2026-03-05 04:08:00+00:00,DMU50_001,4.135,1983.53538,60.0
2026-03-05 04:09:00+00:00,DMU50_001,4.098,1983.60368,60.0
2026-03-05 04:10:00+00:00,DMU50_001,15.246,1983.85778,60.0
2026-03-05 04:11:00+00:00,DMU50_001,15.991,1984.1243,60.0
2026-03-05 04:12:00+00:00,DMU50_001,14.028,1984.3581,60.0
2026-03-05 04:13:00+00:00,DMU50_001,16.137,1984.62705,60.0
2026-03-05 04:14:00+00:00,DMU50_001,14.883,1984.8751,60.0
2026-03-05 04:15:00+00:00,DMU50_001,15.174,1985.128,60.0
2026-03-05 04:16:00+00:00,DMU50_001,14.293,1985.36622,60.0
2026-03-05 04:17:00+00:00,DMU50_001,15.498,1985.62452,60.0
2026-03-05 04:18:00+00:00,DMU50_001,9.017,1985.7748,60.0
2026-03-05 04:19:00+00:00,DMU50_001,8.975,1985.92438,60.0
2026-03-05 04:20:00+00:00,DMU50_001,8.225,1986.06146,60.0
2026-03-05 04:21:00+00:00,DMU50_001,9.03,1986.21196,60.0
2026-03-05 04:22:00+00:00,DMU50_001,8.254,1986.34953,60.0
2026-03-05 04:23:00+00:00,DMU50_001,3.453,1986.40708,60.0
2026-03-05 04:24:00+00:00,DMU50_001,3.735,1986.46933,60.0
2026-03-05 04:25:00+00:00,DMU50_001,3.727,1986.53145,60.0
2026-03-05 04:26:00+00:00,DMU50_001,3.372,1986.58765,60.0
2026-03-05 04:27:00+00:00,DMU50_001,3.819,1986.6513,60.0
2026-03-05 04:28:00+00:00,DMU50_001,15.023,1986.90168,60.0
2026-03-05 04:29:00+00:00,DMU50_001,15.025,1987.1521,60.0
2026-03-05 04:30:00+00:00,DMU50_001,15.049,1987.40292,60.0
2026-03-05 04:31:00+00:00,DMU50_001,15.035,1987.6535,60.0
2026-03-05 04:32:00+00:00,DMU50_001,13.685,1987.88158,60.0
2026-03-05 04:33:00+00:00,DMU50_001,14.907,1988.13003,60.0
2026-03-05 04:34:00+00:00,DMU50_001,8.454,1988.27093,60.0
2026-03-05 04:35:00+00:00,DMU50_001,9.651,1988.43178,60.0
2026-03-05 04:36:00+00:00,DMU50_001,9.634,1988.59235,60.0
2026-03-05 04:37:00+00:00,DMU50_001,9.341,1988.74803,60.0
2026-03-05 04:38:00+00:00,DMU50_001,4.152,1988.81723,60.0
2026-03-05 04:39:00+00:00,DMU50_001,3.998,1988.88386,60.0
2026-03-05 04:40:00+00:00,DMU50_001,7.803,1989.01391,60.0
2026-03-05 04:41:00+00:00,DMU50_001,8.583,1989.15696,60.0
2026-03-05 04:42:00+00:00,DMU50_001,4.062,1989.22466,60.0
2026-03-05 04:43:00+00:00,DMU50_001,3.729,1989.28681,60.0
2026-03-05 04:44:00+00:00,DMU50_001,4.406,1989.36024,60.0
2026-03-05 04:45:00+00:00,DMU50_001,8.45,1989.50107,60.0
2026-03-05 04:46:00+00:00,DMU50_001,8.498,1989.6427,60.0
2026-03-05 04:47:00+00:00,DMU50_001,4.408,1989.71617,60.0
2026-03-05 04:48:00+00:00,DMU50_001,4.44,1989.79017,60.0
2026-03-05 04:49:00+00:00,DMU50_001,4.211,1989.86035,60.0
2026-03-05 04:50:00+00:00,DMU50_001,13.962,1990.09305,60.0
2026-03-05 04:51:00+00:00,DMU50_001,15.014,1990.34328,60.0
2026-03-05 04:52:00+00:00,DMU50_001,15.311,1990.59846,60.0
2026-03-05 04:53:00+00:00,DMU50_001,14.932,1990.84733,60.0
2026-03-05 04:54:00+00:00,DMU50_001,14.91,1991.09583,60.0
2026-03-05 04:55:00+00:00,DMU50_001,14.518,1991.3378,60.0
2026-03-05 04:56:00+00:00,DMU50_001,14.499,1991.57945,60.0
2026-03-05 04:57:00+00:00,DMU50_001,15.919,1991.84477,60.0
2026-03-05 04:58:00+00:00,DMU50_001,15.937,1992.11039,60.0
2026-03-05 04:59:00+00:00,DMU50_001,8.999,1992.26037,60.0
2026-03-05 05:00:00+00:00,DMU50_001,9.113,1992.41225,60.0
2026-03-05 05:01:00+00:00,DMU50_001,8.608,1992.55572,60.0
2026-03-05 05:02:00+00:00,DMU50_001,9.257,1992.71,60.0
2026-03-05 05:03:00+00:00,DMU50_001,4.552,1992.78587,60.0
2026-03-05 05:04:00+00:00,DMU50_001,3.894,1992.85077,60.0
2026-03-05 05:05:00+00:00,DMU50_001,4.293,1992.92232,60.0
2026-03-05 05:06:00+00:00,DMU50_001,4.308,1992.99412,60.0
2026-03-05 05:07:00+00:00,DMU50_001,15.264,1993.24852,60.0
2026-03-05 05:08:00+00:00,DMU50_001,15.821,1993.5122,60.0
2026-03-05 05:09:00+00:00,DMU50_001,16.018,1993.77917,60.0
2026-03-05 05:10:00+00:00,DMU50_001,14.883,1994.02722,60.0
2026-03-05 05:11:00+00:00,DMU50_001,15.337,1994.28284,60.0
2026-03-05 05:12:00+00:00,DMU50_001,15.042,1994.53354,60.0
2026-03-05 05:13:00+00:00,DMU50_001,8.747,1994.67932,60.0
2026-03-05 05:14:00+00:00,DMU50_001,9.108,1994.83112,60.0
2026-03-05 05:15:00+00:00,DMU50_001,9.269,1994.9856,60.0
2026-03-05 05:16:00+00:00,DMU50_001,9.087,1995.13705,60.0
2026-03-05 05:17:00+00:00,DMU50_001,8.648,1995.28118,60.0
2026-03-05 05:18:00+00:00,DMU50_001,7.861,1995.4122,60.0
2026-03-05 05:19:00+00:00,DMU50_001,8.818,1995.55917,60.0
2026-03-05 05:20:00+00:00,DMU50_001,8.663,1995.70355,60.0
2026-03-05 05:21:00+00:00,DMU50_001,9.125,1995.85563,60.0
2026-03-05 05:22:00+00:00,DMU50_001,9.167,1996.00841,60.0
2026-03-05 05:23:00+00:00,DMU50_001,9.392,1996.16494,60.0
2026-03-05 05:24:00+00:00,DMU50_001,8.657,1996.30922,60.0
2026-03-05 05:25:00+00:00,DMU50_001,8.769,1996.45537,60.0
2026-03-05 05:26:00+00:00,DMU50_001,4.511,1996.53055,60.0
2026-03-05 05:27:00+00:00,DMU50_001,4.167,1996.6,60.0
2026-03-05 05:28:00+00:00,DMU50_001,4.206,1996.6701,60.0
2026-03-05 05:29:00+00:00,DMU50_001,4.165,1996.73952,60.0
2026-03-05 05:30:00+00:00,DMU50_001,15.567,1996.99897,60.0
2026-03-05 05:31:00+00:00,DMU50_001,15.586,1997.25874,60.0
2026-03-05 05:32:00+00:00,DMU50_001,15.557,1997.51802,60.0
2026-03-05 05:33:00+00:00,DMU50_001,15.013,1997.76824,60.0
2026-03-05 05:34:00+00:00,DMU50_001,14.564,1998.01097,60.0
2026-03-05 05:35:00+00:00,DMU50_001,15.963,1998.27702,60.0
2026-03-05 05:36:00+00:00,DMU50_001,15.428,1998.53415,60.0
2026-03-05 05:37:00+00:00,DMU50_001,14.772,1998.78035,60.0
2026-03-05 05:38:00+00:00,DMU50_001,15.712,1999.04222,60.0
2026-03-05 05:39:00+00:00,DMU50_001,14.732,1999.28775,60.0
2026-03-05 05:40:00+00:00,DMU50_001,9.564,1999.44715,60.0
2026-03-05 05:41:00+00:00,DMU50_001,9.591,1999.607,60.0
2026-03-05 05:42:00+00:00,DMU50_001,3.316,1999.66227,60.0
2026-03-05 05:43:00+00:00,DMU50_001,3.616,1999.72254,60.0
2026-03-05 05:44:00+00:00,DMU50_001,8.235,1999.85979,60.0
2026-03-05 05:45:00+00:00,DMU50_001,8.784,2000.00619,60.0
2026-03-05 05:46:00+00:00,DMU50_001,14.629,2000.25001,60.0
2026-03-05 05:47:00+00:00,DMU50_001,15.716,2000.51194,60.0
2026-03-05 05:48:00+00:00,DMU50_001,15.009,2000.76209,60.0
2026-03-05 05:49:00+00:00,DMU50_001,14.379,2001.00174,60.0
2026-03-05 05:50:00+00:00,DMU50_001,14.94,2001.25074,60.0
2026-03-05 05:51:00+00:00,DMU50_001,15.001,2001.50076,60.0
2026-03-05 05:52:00+00:00,DMU50_001,14.471,2001.74194,60.0
2026-03-05 05:53:00+00:00,DMU50_001,15.156,2001.99454,60.0
2026-03-05 05:54:00+00:00,DMU50_001,9.383,2002.15092,60.0
2026-03-05 05:55:00+00:00,DMU50_001,9.095,2002.3025,60.0
2026-03-05 05:56:00+00:00,DMU50_001,8.783,2002.44888,60.0
2026-03-05 05:57:00+00:00,DMU50_001,7.955,2002.58146,60.0
2026-03-05 05:58:00+00:00,DMU50_001,14.998,2002.83143,60.0
2026-03-05 05:59:00+00:00,DMU50_001,15.109,2003.08325,60.0
2026-03-05 06:00:00+00:00,DMU50_001,15.555,2003.3425,60.0
2026-03-05 06:01:00+00:00,DMU50_001,15.136,2003.59477,60.0
2026-03-05 06:02:00+00:00,DMU50_001,14.299,2003.83309,60.0
2026-03-05 06:03:00+00:00,DMU50_001,14.719,2004.07841,60.0
2026-03-05 06:04:00+00:00,DMU50_001,15.083,2004.32979,60.0
2026-03-05 06:05:00+00:00,DMU50_001,15.562,2004.58916,60.0
2026-03-05 06:06:00+00:00,DMU50_001,15.649,2004.84998,60.0
2026-03-05 06:07:00+00:00,DMU50_001,15.887,2005.11476,60.0
2026-03-05 06:08:00+00:00,DMU50_001,9.052,2005.26563,60.0
2026-03-05 06:09:00+00:00,DMU50_001,9.305,2005.42071,60.0
2026-03-05 06:10:00+00:00,DMU50_001,8.418,2005.56101,60.0
2026-03-05 06:11:00+00:00,DMU50_001,9.172,2005.71388,60.0
2026-03-05 06:12:00+00:00,DMU50_001,7.677,2005.84183,60.0
2026-03-05 06:13:00+00:00,DMU50_001,3.487,2005.89995,60.0
2026-03-05 06:14:00+00:00,DMU50_001,4.106,2005.96838,60.0
2026-03-05 06:15:00+00:00,DMU50_001,3.561,2006.02773,60.0
2026-03-05 06:16:00+00:00,DMU50_001,14.568,2006.27053,60.0
2026-03-05 06:17:00+00:00,DMU50_001,15.204,2006.52393,60.0
2026-03-05 06:18:00+00:00,DMU50_001,14.741,2006.76961,60.0
2026-03-05 06:19:00+00:00,DMU50_001,14.52,2007.01161,60.0
2026-03-05 06:20:00+00:00,DMU50_001,16.052,2007.27914,60.0
2026-03-05 06:21:00+00:00,DMU50_001,15.533,2007.53802,60.0
2026-03-05 06:22:00+00:00,DMU50_001,15.173,2007.7909,60.0
2026-03-05 06:23:00+00:00,DMU50_001,14.804,2008.03763,60.0
2026-03-05 06:24:00+00:00,DMU50_001,14.845,2008.28505,60.0
2026-03-05 06:25:00+00:00,DMU50_001,9.617,2008.44533,60.0
2026-03-05 06:26:00+00:00,DMU50_001,9.123,2008.59738,60.0
2026-03-05 06:27:00+00:00,DMU50_001,7.767,2008.72683,60.0
2026-03-05 06:28:00+00:00,DMU50_001,4.684,2008.8049,60.0
2026-03-05 06:29:00+00:00,DMU50_001,4.237,2008.87552,60.0
2026-03-05 06:30:00+00:00,DMU50_001,4.269,2008.94667,60.0
2026-03-05 06:31:00+00:00,DMU50_001,15.543,2009.20572,60.0
2026-03-05 06:32:00+00:00,DMU50_001,15.233,2009.4596,60.0
2026-03-05 06:33:00+00:00,DMU50_001,15.373,2009.71582,60.0
2026-03-05 06:34:00+00:00,DMU50_001,14.788,2009.96229,60.0
2026-03-05 06:35:00+00:00,DMU50_001,14.385,2010.20204,60.0
2026-03-05 06:36:00+00:00,DMU50_001,15.14,2010.45437,60.0
2026-03-05 06:37:00+00:00,DMU50_001,15.716,2010.7163,60.0
2026-03-05 06:38:00+00:00,DMU50_001,14.676,2010.9609,60.0
2026-03-05 06:39:00+00:00,DMU50_001,14.636,2011.20483,60.0
2026-03-05 06:40:00+00:00,DMU50_001,9.488,2011.36296,60.0
2026-03-05 06:41:00+00:00,DMU50_001,8.817,2011.50991,60.0
2026-03-05 06:42:00+00:00,DMU50_001,8.836,2011.65718,60.0
2026-03-05 06:43:00+00:00,DMU50_001,8.851,2011.8047,60.0
2026-03-05 06:44:00+00:00,DMU50_001,8.974,2011.95427,60.0
2026-03-05 06:45:00+00:00,DMU50_001,3.885,2012.01902,60.0
2026-03-05 06:46:00+00:00,DMU50_001,4.092,2012.08722,60.0
2026-03-05 06:47:00+00:00,DMU50_001,4.246,2012.15799,60.0
2026-03-05 06:48:00+00:00,DMU50_001,4.245,2012.22874,60.0
2026-03-05 06:49:00+00:00,DMU50_001,3.732,2012.29094,60.0
2026-03-05 06:50:00+00:00,DMU50_001,3.868,2012.35541,60.0
2026-03-05 06:51:00+00:00,DMU50_001,3.802,2012.41878,60.0
2026-03-05 06:52:00+00:00,DMU50_001,15.457,2012.6764,60.0
2026-03-05 06:53:00+00:00,DMU50_001,14.926,2012.92517,60.0
2026-03-05 06:54:00+00:00,DMU50_001,14.688,2013.16997,60.0
2026-03-05 06:55:00+00:00,DMU50_001,15.009,2013.42012,60.0
2026-03-05 06:56:00+00:00,DMU50_001,15.293,2013.675,60.0
2026-03-05 06:57:00+00:00,DMU50_001,15.411,2013.93185,60.0
2026-03-05 06:58:00+00:00,DMU50_001,15.312,2014.18705,60.0
2026-03-05 06:59:00+00:00,DMU50_001,14.939,2014.43603,60.0
2026-03-05 07:00:00+00:00,DMU50_001,9.315,2014.59128,60.0
2026-03-05 07:01:00+00:00,DMU50_001,9.504,2014.74968,60.0
2026-03-05 07:02:00+00:00,DMU50_001,9.352,2014.90555,60.0
2026-03-05 07:03:00+00:00,DMU50_001,8.987,2015.05533,60.0
2026-03-05 07:04:00+00:00,DMU50_001,8.666,2015.19976,60.0
2026-03-05 07:05:00+00:00,DMU50_001,8.657,2015.34404,60.0
2026-03-05 07:06:00+00:00,DMU50_001,3.364,2015.40011,60.0
2026-03-05 07:07:00+00:00,DMU50_001,3.551,2015.45929,60.0
2026-03-05 07:08:00+00:00,DMU50_001,9.208,2015.61276,60.0
2026-03-05 07:09:00+00:00,DMU50_001,8.434,2015.75333,60.0
2026-03-05 07:10:00+00:00,DMU50_001,8.798,2015.89996,60.0
2026-03-05 07:11:00+00:00,DMU50_001,9.097,2016.05158,60.0
2026-03-05 07:12:00+00:00,DMU50_001,8.64,2016.19558,60.0
2026-03-05 07:13:00+00:00,DMU50_001,9.174,2016.34848,60.0
2026-03-05 07:14:00+00:00,DMU50_001,8.877,2016.49643,60.0
2026-03-05 07:15:00+00:00,DMU50_001,4.055,2016.56401,60.0
2026-03-05 07:16:00+00:00,DMU50_001,4.211,2016.63419,60.0
2026-03-05 07:17:00+00:00,DMU50_001,15.196,2016.88746,60.0
2026-03-05 07:18:00+00:00,DMU50_001,14.576,2017.13039,60.0
2026-03-05 07:19:00+00:00,DMU50_001,14.879,2017.37837,60.0
2026-03-05 07:20:00+00:00,DMU50_001,15.234,2017.63227,60.0
2026-03-05 07:21:00+00:00,DMU50_001,14.619,2017.87592,60.0
2026-03-05 07:22:00+00:00,DMU50_001,14.171,2018.1121,60.0
2026-03-05 07:23:00+00:00,DMU50_001,14.232,2018.3493,60.0
2026-03-05 07:24:00+00:00,DMU50_001,8.833,2018.49652,60.0
2026-03-05 07:25:00+00:00,DMU50_001,8.473,2018.63774,60.0
2026-03-05 07:26:00+00:00,DMU50_001,8.861,2018.78542,60.0
2026-03-05 07:27:00+00:00,DMU50_001,9.666,2018.94652,60.0
2026-03-05 07:28:00+00:00,DMU50_001,8.449,2019.08734,60.0
2026-03-05 07:29:00+00:00,DMU50_001,7.915,2019.21926,60.0
2026-03-05 07:30:00+00:00,DMU50_001,4.626,2019.29636,60.0
2026-03-05 07:31:00+00:00,DMU50_001,4.282,2019.36773,60.0
2026-03-05 07:32:00+00:00,DMU50_001,4.126,2019.4365,60.0
2026-03-05 07:33:00+00:00,DMU50_001,4.169,2019.50598,60.0
2026-03-05 07:34:00+00:00,DMU50_001,15.215,2019.75956,60.0
2026-03-05 07:35:00+00:00,DMU50_001,15.848,2020.02369,60.0
2026-03-05 07:36:00+00:00,DMU50_001,14.735,2020.26927,60.0
2026-03-05 07:37:00+00:00,DMU50_001,14.621,2020.51295,60.0
2026-03-05 07:38:00+00:00,DMU50_001,14.311,2020.75147,60.0
2026-03-05 07:39:00+00:00,DMU50_001,15.052,2021.00234,60.0
2026-03-05 07:40:00+00:00,DMU50_001,14.297,2021.24062,60.0
2026-03-05 07:41:00+00:00,DMU50_001,14.768,2021.48675,60.0
2026-03-05 07:42:00+00:00,DMU50_001,14.546,2021.72918,60.0
2026-03-05 07:43:00+00:00,DMU50_001,8.322,2021.86788,60.0
2026-03-05 07:44:00+00:00,DMU50_001,7.847,2021.99866,60.0
2026-03-05 07:45:00+00:00,DMU50_001,15.198,2022.25196,60.0
2026-03-05 07:46:00+00:00,DMU50_001,14.198,2022.48859,60.0
2026-03-05 07:47:00+00:00,DMU50_001,15.066,2022.73969,60.0
2026-03-05 07:48:00+00:00,DMU50_001,14.398,2022.97966,60.0
2026-03-05 07:49:00+00:00,DMU50_001,14.787,2023.22611,60.0
2026-03-05 07:50:00+00:00,DMU50_001,16.106,2023.49454,60.0
2026-03-05 07:51:00+00:00,DMU50_001,15.466,2023.75231,60.0
2026-03-05 07:52:00+00:00,DMU50_001,8.949,2023.90146,60.0
2026-03-05 07:53:00+00:00,DMU50_001,4.84,2023.98213,60.0
2026-03-05 07:54:00+00:00,DMU50_001,4.017,2024.04908,60.0
2026-03-05 07:55:00+00:00,DMU50_001,4.433,2024.12296,60.0
2026-03-05 07:56:00+00:00,DMU50_001,3.893,2024.18784,60.0
2026-03-05 07:57:00+00:00,DMU50_001,14.878,2024.43581,60.0
2026-03-05 07:58:00+00:00,DMU50_001,14.326,2024.67458,60.0
2026-03-05 07:59:00+00:00,DMU50_001,15.129,2024.92673,60.0
2026-03-05 08:00:00+00:00,DMU50_001,15.028,2025.1772,60.0
2026-03-05 08:01:00+00:00,DMU50_001,14.846,2025.42463,60.0
2026-03-05 08:02:00+00:00,DMU50_001,15.546,2025.68373,60.0
2026-03-05 08:03:00+00:00,DMU50_001,14.716,2025.929,60.0
2026-03-05 08:04:00+00:00,DMU50_001,15.163,2026.18172,60.0
2026-03-05 08:05:00+00:00,DMU50_001,9.328,2026.33719,60.0
2026-03-05 08:06:00+00:00,DMU50_001,8.407,2026.47731,60.0
2026-03-05 08:07:00+00:00,DMU50_001,8.701,2026.62233,60.0
2026-03-05 08:08:00+00:00,DMU50_001,9.022,2026.7727,60.0
2026-03-05 08:09:00+00:00,DMU50_001,9.252,2026.9269,60.0
2026-03-05 08:10:00+00:00,DMU50_001,4.484,2027.00163,60.0
2026-03-05 08:11:00+00:00,DMU50_001,4.157,2027.07091,60.0
2026-03-05 08:12:00+00:00,DMU50_001,4.137,2027.13986,60.0
2026-03-05 08:13:00+00:00,DMU50_001,4.025,2027.20694,60.0
2026-03-05 08:14:00+00:00,DMU50_001,15.165,2027.45969,60.0
2026-03-05 08:15:00+00:00,DMU50_001,14.851,2027.70721,60.0
2026-03-05 08:16:00+00:00,DMU50_001,14.863,2027.95493,60.0
2026-03-05 08:17:00+00:00,DMU50_001,14.953,2028.20415,60.0
2026-03-05 08:18:00+00:00,DMU50_001,15.276,2028.45875,60.0
2026-03-05 08:19:00+00:00,DMU50_001,14.718,2028.70405,60.0
2026-03-05 08:20:00+00:00,DMU50_001,14.614,2028.94762,60.0
2026-03-05 08:21:00+00:00,DMU50_001,9.173,2029.1005,60.0
2026-03-05 08:22:00+00:00,DMU50_001,3.595,2029.16042,60.0
2026-03-05 08:23:00+00:00,DMU50_001,4.079,2029.2284,60.0
2026-03-05 08:24:00+00:00,DMU50_001,3.97,2029.29457,60.0
2026-03-05 08:25:00+00:00,DMU50_001,4.441,2029.36859,60.0
2026-03-05 08:26:00+00:00,DMU50_001,14.78,2029.61492,60.0
2026-03-05 08:27:00+00:00,DMU50_001,14.72,2029.86025,60.0
2026-03-05 08:28:00+00:00,DMU50_001,14.976,2030.10985,60.0
2026-03-05 08:29:00+00:00,DMU50_001,14.702,2030.35488,60.0
2026-03-05 08:30:00+00:00,DMU50_001,14.799,2030.60153,60.0
2026-03-05 08:31:00+00:00,DMU50_001,15.049,2030.85235,60.0
2026-03-05 08:32:00+00:00,DMU50_001,14.789,2031.09883,60.0
2026-03-05 08:33:00+00:00,DMU50_001,14.785,2031.34525,60.0
2026-03-05 08:34:00+00:00,DMU50_001,8.596,2031.48852,60.0
2026-03-05 08:35:00+00:00,DMU50_001,8.538,2031.63082,60.0
2026-03-05 08:36:00+00:00,DMU50_001,3.512,2031.68935,60.0
2026-03-05 08:37:00+00:00,DMU50_001,3.561,2031.7487,60.0
2026-03-05 08:38:00+00:00,DMU50_001,3.214,2031.80227,60.0
2026-03-05 08:39:00+00:00,DMU50_001,4.352,2031.8748,60.0
2026-03-05 08:40:00+00:00,DMU50_001,4.353,2031.94735,60.0
2026-03-05 08:41:00+00:00,DMU50_001,15.487,2032.20547,60.0
2026-03-05 08:42:00+00:00,DMU50_001,15.15,2032.45797,60.0
2026-03-05 08:43:00+00:00,DMU50_001,15.319,2032.71329,60.0
2026-03-05 08:44:00+00:00,DMU50_001,16.093,2032.98151,60.0
2026-03-05 08:45:00+00:00,DMU50_001,14.849,2033.22899,60.0
2026-03-05 08:46:00+00:00,DMU50_001,14.477,2033.47027,60.0
2026-03-05 08:47:00+00:00,DMU50_001,14.233,2033.70749,60.0
2026-03-05 08:48:00+00:00,DMU50_001,9.702,2033.86919,60.0
2026-03-05 08:49:00+00:00,DMU50_001,4.554,2033.94509,60.0
2026-03-05 08:50:00+00:00,DMU50_001,4.015,2034.01201,60.0
2026-03-05 08:51:00+00:00,DMU50_001,4.055,2034.07959,60.0
2026-03-05 08:52:00+00:00,DMU50_001,7.903,2034.21131,60.0
2026-03-05 08:53:00+00:00,DMU50_001,8.367,2034.35076,60.0
2026-03-05 08:54:00+00:00,DMU50_001,14.356,2034.59003,60.0
2026-03-05 08:55:00+00:00,DMU50_001,14.017,2034.82365,60.0
2026-03-05 08:56:00+00:00,DMU50_001,16.084,2035.09172,60.0
2026-03-05 08:57:00+00:00,DMU50_001,15.156,2035.34432,60.0
2026-03-05 08:58:00+00:00,DMU50_001,15.227,2035.5981,60.0
2026-03-05 08:59:00+00:00,DMU50_001,14.897,2035.84638,60.0
2026-03-05 09:00:00+00:00,DMU50_001,15.233,2036.10026,60.0
2026-03-05 09:01:00+00:00,DMU50_001,14.243,2036.33764,60.0
2026-03-05 09:02:00+00:00,DMU50_001,14.58,2036.58064,60.0
2026-03-05 09:03:00+00:00,DMU50_001,9.042,2036.73134,60.0
2026-03-05 09:04:00+00:00,DMU50_001,8.092,2036.86621,60.0
2026-03-05 09:05:00+00:00,DMU50_001,8.879,2037.01419,60.0
2026-03-05 09:06:00+00:00,DMU50_001,4.127,2037.08297,60.0
2026-03-05 09:07:00+00:00,DMU50_001,4.139,2037.15195,60.0
2026-03-05 09:08:00+00:00,DMU50_001,14.724,2037.39735,60.0
2026-03-05 09:09:00+00:00,DMU50_001,14.502,2037.63905,60.0
2026-03-05 09:10:00+00:00,DMU50_001,14.089,2037.87387,60.0
2026-03-05 09:11:00+00:00,DMU50_001,15.072,2038.12507,60.0
2026-03-05 09:12:00+00:00,DMU50_001,14.85,2038.37257,60.0
2026-03-05 09:13:00+00:00,DMU50_001,14.312,2038.6111,60.0
2026-03-05 09:14:00+00:00,DMU50_001,9.025,2038.76152,60.0
2026-03-05 09:15:00+00:00,DMU50_001,8.882,2038.90955,60.0
2026-03-05 09:16:00+00:00,DMU50_001,8.816,2039.05648,60.0
2026-03-05 09:17:00+00:00,DMU50_001,8.137,2039.1921,60.0
2026-03-05 09:18:00+00:00,DMU50_001,9.273,2039.34665,60.0
2026-03-05 09:19:00+00:00,DMU50_001,7.63,2039.47382,60.0
2026-03-05 09:20:00+00:00,DMU50_001,8.019,2039.60747,60.0
2026-03-05 09:21:00+00:00,DMU50_001,14.596,2039.85074,60.0
2026-03-05 09:22:00+00:00,DMU50_001,14.806,2040.09751,60.0
2026-03-05 09:23:00+00:00,DMU50_001,15.576,2040.35711,60.0
2026-03-05 09:24:00+00:00,DMU50_001,15.266,2040.61154,60.0
2026-03-05 09:25:00+00:00,DMU50_001,15.565,2040.87096,60.0
2026-03-05 09:26:00+00:00,DMU50_001,15.165,2041.12371,60.0
2026-03-05 09:27:00+00:00,DMU50_001,15.198,2041.37701,60.0
2026-03-05 09:28:00+00:00,DMU50_001,14.109,2041.61216,60.0
2026-03-05 09:29:00+00:00,DMU50_001,14.841,2041.85951,60.0
2026-03-05 09:30:00+00:00,DMU50_001,8.91,2042.00801,60.0
2026-03-05 09:31:00+00:00,DMU50_001,9.489,2042.16616,60.0
2026-03-05 09:32:00+00:00,DMU50_001,8.798,2042.31279,60.0
2026-03-05 09:33:00+00:00,DMU50_001,9.106,2042.46456,60.0
2026-03-05 09:34:00+00:00,DMU50_001,4.245,2042.53531,60.0
2026-03-05 09:35:00+00:00,DMU50_001,4.432,2042.60918,60.0
2026-03-05 09:36:00+00:00,DMU50_001,14.933,2042.85806,60.0
2026-03-05 09:37:00+00:00,DMU50_001,15.414,2043.11496,60.0
2026-03-05 09:38:00+00:00,DMU50_001,14.148,2043.35076,60.0
2026-03-05 09:39:00+00:00,DMU50_001,14.193,2043.58731,60.0
2026-03-05 09:40:00+00:00,DMU50_001,13.858,2043.81828,60.0
2026-03-05 09:41:00+00:00,DMU50_001,15.393,2044.07483,60.0
2026-03-05 09:42:00+00:00,DMU50_001,15.337,2044.33045,60.0
2026-03-05 09:43:00+00:00,DMU50_001,15.448,2044.58792,60.0
2026-03-05 09:44:00+00:00,DMU50_001,14.661,2044.83227,60.0
2026-03-05 09:45:00+00:00,DMU50_001,14.718,2045.07757,60.0
2026-03-05 09:46:00+00:00,DMU50_001,14.939,2045.32655,60.0
2026-03-05 09:47:00+00:00,DMU50_001,15.722,2045.58858,60.0
2026-03-05 09:48:00+00:00,DMU50_001,15.847,2045.8527,60.0
2026-03-05 09:49:00+00:00,DMU50_001,15.397,2046.10932,60.0
2026-03-05 09:50:00+00:00,DMU50_001,8.099,2046.2443,60.0
2026-03-05 09:51:00+00:00,DMU50_001,9.534,2046.4032,60.0
2026-03-05 09:52:00+00:00,DMU50_001,8.898,2046.5515,60.0
2026-03-05 09:53:00+00:00,DMU50_001,8.844,2046.6989,60.0
2026-03-05 09:54:00+00:00,DMU50_001,8.948,2046.84803,60.0
2026-03-05 09:55:00+00:00,DMU50_001,8.609,2046.99151,60.0
2026-03-05 09:56:00+00:00,DMU50_001,8.93,2047.14034,60.0
2026-03-05 09:57:00+00:00,DMU50_001,3.977,2047.20662,60.0
2026-03-05 09:58:00+00:00,DMU50_001,4.405,2047.28004,60.0
2026-03-05 09:59:00+00:00,DMU50_001,4.309,2047.35186,60.0
2026-03-05 10:00:00+00:00,DMU50_001,4.486,2047.42663,60.0
2026-03-05 10:01:00+00:00,DMU50_001,14.185,2047.66305,60.0
2026-03-05 10:02:00+00:00,DMU50_001,15.951,2047.9289,60.0
2026-03-05 10:03:00+00:00,DMU50_001,14.214,2048.1658,60.0
2026-03-05 10:04:00+00:00,DMU50_001,14.401,2048.40582,60.0
2026-03-05 10:05:00+00:00,DMU50_001,14.69,2048.65065,60.0
2026-03-05 10:06:00+00:00,DMU50_001,15.654,2048.91155,60.0
2026-03-05 10:07:00+00:00,DMU50_001,15.113,2049.16343,60.0
2026-03-05 10:08:00+00:00,DMU50_001,8.902,2049.3118,60.0
2026-03-05 10:09:00+00:00,DMU50_001,8.683,2049.45652,60.0
2026-03-05 10:10:00+00:00,DMU50_001,3.225,2049.51027,60.0
2026-03-05 10:11:00+00:00,DMU50_001,3.727,2049.57239,60.0
2026-03-05 10:12:00+00:00,DMU50_001,3.66,2049.63339,60.0
2026-03-05 10:13:00+00:00,DMU50_001,3.77,2049.69622,60.0
2026-03-05 10:14:00+00:00,DMU50_001,3.579,2049.75587,60.0
2026-03-05 10:15:00+00:00,DMU50_001,13.679,2049.98385,60.0
2026-03-05 10:16:00+00:00,DMU50_001,14.378,2050.22348,60.0
2026-03-05 10:17:00+00:00,DMU50_001,15.232,2050.47735,60.0
2026-03-05 10:18:00+00:00,DMU50_001,14.815,2050.72427,60.0
2026-03-05 10:19:00+00:00,DMU50_001,14.721,2050.96962,60.0
2026-03-05 10:20:00+00:00,DMU50_001,14.448,2051.21042,60.0
2026-03-05 10:21:00+00:00,DMU50_001,15.474,2051.46832,60.0
2026-03-05 10:22:00+00:00,DMU50_001,15.228,2051.72212,60.0
2026-03-05 10:23:00+00:00,DMU50_001,4.3,2051.79379,60.0
2026-03-05 10:24:00+00:00,DMU50_001,4.073,2051.86167,60.0
2026-03-05 10:25:00+00:00,DMU50_001,4.235,2051.93225,60.0
2026-03-05 10:26:00+00:00,DMU50_001,3.932,2051.99778,60.0
2026-03-05 10:27:00+00:00,DMU50_001,14.935,2052.2467,60.0
2026-03-05 10:28:00+00:00,DMU50_001,13.736,2052.47563,60.0
2026-03-05 10:29:00+00:00,DMU50_001,14.216,2052.71256,60.0
2026-03-05 10:30:00+00:00,DMU50_001,14.839,2052.95988,60.0
2026-03-05 10:31:00+00:00,DMU50_001,16.188,2053.22968,60.0
2026-03-05 10:32:00+00:00,DMU50_001,14.1,2053.46468,60.0
2026-03-05 10:33:00+00:00,DMU50_001,14.378,2053.70431,60.0
2026-03-05 10:34:00+00:00,DMU50_001,9.087,2053.85576,60.0
2026-03-05 10:35:00+00:00,DMU50_001,9.708,2054.01756,60.0
2026-03-05 10:36:00+00:00,DMU50_001,9.081,2054.16891,60.0
2026-03-05 10:37:00+00:00,DMU50_001,9.281,2054.32359,60.0
2026-03-05 10:38:00+00:00,DMU50_001,8.865,2054.47134,60.0
2026-03-05 10:39:00+00:00,DMU50_001,3.398,2054.52797,60.0
2026-03-05 10:40:00+00:00,DMU50_001,3.516,2054.58657,60.0
2026-03-05 10:41:00+00:00,DMU50_001,3.368,2054.6427,60.0
2026-03-05 10:42:00+00:00,DMU50_001,3.645,2054.70345,60.0
2026-03-05 10:43:00+00:00,DMU50_001,14.197,2054.94007,60.0
2026-03-05 10:44:00+00:00,DMU50_001,15.445,2055.19749,60.0
2026-03-05 10:45:00+00:00,DMU50_001,15.02,2055.44782,60.0
2026-03-05 10:46:00+00:00,DMU50_001,14.893,2055.69604,60.0
2026-03-05 10:47:00+00:00,DMU50_001,14.179,2055.93236,60.0
2026-03-05 10:48:00+00:00,DMU50_001,14.51,2056.17419,60.0
2026-03-05 10:49:00+00:00,DMU50_001,15.599,2056.43417,60.0
2026-03-05 10:50:00+00:00,DMU50_001,14.896,2056.68244,60.0
2026-03-05 10:51:00+00:00,DMU50_001,15.139,2056.93476,60.0
2026-03-05 10:52:00+00:00,DMU50_001,8.648,2057.07889,60.0
2026-03-05 10:53:00+00:00,DMU50_001,8.988,2057.22869,60.0
2026-03-05 10:54:00+00:00,DMU50_001,8.451,2057.36954,60.0
2026-03-05 10:55:00+00:00,DMU50_001,3.52,2057.42821,60.0
2026-03-05 10:56:00+00:00,DMU50_001,3.574,2057.48778,60.0
2026-03-05 10:57:00+00:00,DMU50_001,3.564,2057.54718,60.0
2026-03-05 10:58:00+00:00,DMU50_001,3.319,2057.6025,60.0
2026-03-05 10:59:00+00:00,DMU50_001,3.432,2057.6597,60.0
2026-03-05 11:00:00+00:00,DMU50_001,15.269,2057.91418,60.0
2026-03-05 11:01:00+00:00,DMU50_001,14.894,2058.16241,60.0
2026-03-05 11:02:00+00:00,DMU50_001,14.856,2058.41001,60.0
2026-03-05 11:03:00+00:00,DMU50_001,15.952,2058.67588,60.0
2026-03-05 11:04:00+00:00,DMU50_001,14.525,2058.91796,60.0
2026-03-05 11:05:00+00:00,DMU50_001,15.54,2059.17696,60.0
2026-03-05 11:06:00+00:00,DMU50_001,8.538,2059.31926,60.0
2026-03-05 11:07:00+00:00,DMU50_001,4.331,2059.39144,60.0
2026-03-05 11:08:00+00:00,DMU50_001,4.342,2059.46381,60.0
2026-03-05 11:09:00+00:00,DMU50_001,4.098,2059.53211,60.0
2026-03-05 11:10:00+00:00,DMU50_001,3.957,2059.59806,60.0
2026-03-05 11:11:00+00:00,DMU50_001,3.106,2059.64983,60.0
2026-03-05 11:12:00+00:00,DMU50_001,3.377,2059.70611,60.0
2026-03-05 11:13:00+00:00,DMU50_001,8.158,2059.84208,60.0
2026-03-05 11:14:00+00:00,DMU50_001,3.984,2059.90848,60.0
2026-03-05 11:15:00+00:00,DMU50_001,4.219,2059.9788,60.0
2026-03-05 11:16:00+00:00,DMU50_001,7.557,2060.10475,60.0
2026-03-05 11:17:00+00:00,DMU50_001,7.93,2060.23692,60.0
2026-03-05 11:18:00+00:00,DMU50_001,14.426,2060.47735,60.0
2026-03-05 11:19:00+00:00,DMU50_001,14.961,2060.7267,60.0
2026-03-05 11:20:00+00:00,DMU50_001,14.749,2060.97252,60.0
2026-03-05 11:21:00+00:00,DMU50_001,14.405,2061.2126,60.0
2026-03-05 11:22:00+00:00,DMU50_001,14.671,2061.45712,60.0
2026-03-05 11:23:00+00:00,DMU50_001,14.533,2061.69934,60.0
2026-03-05 11:24:00+00:00,DMU50_001,14.343,2061.93839,60.0
2026-03-05 11:25:00+00:00,DMU50_001,15.541,2062.19741,60.0
2026-03-05 11:26:00+00:00,DMU50_001,14.82,2062.44441,60.0
2026-03-05 11:27:00+00:00,DMU50_001,8.119,2062.57973,60.0
2026-03-05 11:28:00+00:00,DMU50_001,8.751,2062.72558,60.0
2026-03-05 11:29:00+00:00,DMU50_001,8.274,2062.86348,60.0
2026-03-05 11:30:00+00:00,DMU50_001,14.619,2063.10713,60.0
2026-03-05 11:31:00+00:00,DMU50_001,15.749,2063.36961,60.0
2026-03-05 11:32:00+00:00,DMU50_001,14.572,2063.61248,60.0
2026-03-05 11:33:00+00:00,DMU50_001,15.252,2063.86668,60.0
2026-03-05 11:34:00+00:00,DMU50_001,15.518,2064.12531,60.0
2026-03-05 11:35:00+00:00,DMU50_001,15.225,2064.37906,60.0
2026-03-05 11:36:00+00:00,DMU50_001,14.313,2064.61761,60.0
2026-03-05 11:37:00+00:00,DMU50_001,8.623,2064.76133,60.0
2026-03-05 11:38:00+00:00,DMU50_001,9.468,2064.91913,60.0
2026-03-05 11:39:00+00:00,DMU50_001,8.678,2065.06376,60.0
2026-03-05 11:40:00+00:00,DMU50_001,9.39,2065.22026,60.0
2026-03-05 11:41:00+00:00,DMU50_001,8.828,2065.36739,60.0
2026-03-05 11:42:00+00:00,DMU50_001,9.057,2065.51834,60.0
2026-03-05 11:43:00+00:00,DMU50_001,8.446,2065.65911,60.0
2026-03-05 11:44:00+00:00,DMU50_001,7.818,2065.78941,60.0
2026-03-05 11:45:00+00:00,DMU50_001,4.025,2065.85649,60.0
2026-03-05 11:46:00+00:00,DMU50_001,4.245,2065.92724,60.0
2026-03-05 11:47:00+00:00,DMU50_001,4.219,2065.99756,60.0
2026-03-05 11:48:00+00:00,DMU50_001,3.593,2066.05744,60.0
2026-03-05 11:49:00+00:00,DMU50_001,3.402,2066.11414,60.0
2026-03-05 11:50:00+00:00,DMU50_001,3.314,2066.16937,60.0
2026-03-05 11:51:00+00:00,DMU50_001,9.073,2066.32059,60.0
2026-03-05 11:52:00+00:00,DMU50_001,8.588,2066.46372,60.0
2026-03-05 11:53:00+00:00,DMU50_001,9.431,2066.6209,60.0
2026-03-05 11:54:00+00:00,DMU50_001,8.954,2066.77013,60.0
2026-03-05 11:55:00+00:00,DMU50_001,8.87,2066.91796,60.0
2026-03-05 11:56:00+00:00,DMU50_001,9.185,2067.07104,60.0
2026-03-05 11:57:00+00:00,DMU50_001,8.969,2067.22052,60.0
2026-03-05 11:58:00+00:00,DMU50_001,7.503,2067.34557,60.0
2026-03-05 11:59:00+00:00,DMU50_001,7.682,2067.4736,60.0
2026-03-05 12:00:00+00:00,DMU50_001,4.412,2067.54713,60.0
2026-03-05 12:01:00+00:00,DMU50_001,4.217,2067.61741,60.0
2026-03-05 12:02:00+00:00,DMU50_001,3.864,2067.68181,60.0
2026-03-05 12:03:00+00:00,DMU50_001,4.27,2067.75298,60.0
2026-03-05 12:04:00+00:00,DMU50_001,7.832,2067.88351,60.0
2026-03-05 12:05:00+00:00,DMU50_001,7.738,2068.01248,60.0
2026-03-05 12:06:00+00:00,DMU50_001,14.428,2068.25295,60.0
2026-03-05 12:07:00+00:00,DMU50_001,15.5,2068.51128,60.0
2026-03-05 12:08:00+00:00,DMU50_001,14.017,2068.7449,60.0
2026-03-05 12:09:00+00:00,DMU50_001,14.581,2068.98792,60.0
2026-03-05 12:10:00+00:00,DMU50_001,15.06,2069.23892,60.0
2026-03-05 12:11:00+00:00,DMU50_001,15.789,2069.50207,60.0
2026-03-05 12:12:00+00:00,DMU50_001,15.277,2069.75669,60.0
2026-03-05 12:13:00+00:00,DMU50_001,14.577,2069.99964,60.0
2026-03-05 12:14:00+00:00,DMU50_001,15.765,2070.26239,60.0
2026-03-05 12:15:00+00:00,DMU50_001,8.458,2070.40336,60.0
2026-03-05 12:16:00+00:00,DMU50_001,4.253,2070.47424,60.0
2026-03-05 12:17:00+00:00,DMU50_001,4.298,2070.54587,60.0
2026-03-05 12:18:00+00:00,DMU50_001,4.024,2070.61294,60.0
2026-03-05 12:19:00+00:00,DMU50_001,15.349,2070.86876,60.0
2026-03-05 12:20:00+00:00,DMU50_001,14.743,2071.11448,60.0
2026-03-05 12:21:00+00:00,DMU50_001,15.348,2071.37028,60.0
2026-03-05 12:22:00+00:00,DMU50_001,14.08,2071.60495,60.0
2026-03-05 12:23:00+00:00,DMU50_001,15.167,2071.85773,60.0
2026-03-05 12:24:00+00:00,DMU50_001,14.794,2072.1043,60.0
2026-03-05 12:25:00+00:00,DMU50_001,15.575,2072.36388,60.0
2026-03-05 12:26:00+00:00,DMU50_001,14.978,2072.61351,60.0
2026-03-05 12:27:00+00:00,DMU50_001,15.625,2072.87393,60.0
2026-03-05 12:28:00+00:00,DMU50_001,9.203,2073.02731,60.0
2026-03-05 12:29:00+00:00,DMU50_001,8.949,2073.17646,60.0
2026-03-05 12:30:00+00:00,DMU50_001,9.315,2073.33171,60.0
2026-03-05 12:31:00+00:00,DMU50_001,8.238,2073.46901,60.0
2026-03-05 12:32:00+00:00,DMU50_001,8.142,2073.60471,60.0
2026-03-05 12:33:00+00:00,DMU50_001,13.854,2073.83561,60.0
2026-03-05 12:34:00+00:00,DMU50_001,14.509,2074.07743,60.0
2026-03-05 12:35:00+00:00,DMU50_001,15.692,2074.33896,60.0
2026-03-05 12:36:00+00:00,DMU50_001,14.372,2074.57849,60.0
2026-03-05 12:37:00+00:00,DMU50_001,15.441,2074.83584,60.0
2026-03-05 12:38:00+00:00,DMU50_001,15.353,2075.09172,60.0
2026-03-05 12:39:00+00:00,DMU50_001,14.637,2075.33567,60.0
2026-03-05 12:40:00+00:00,DMU50_001,14.002,2075.56904,60.0
2026-03-05 12:41:00+00:00,DMU50_001,14.716,2075.81431,60.0
2026-03-05 12:42:00+00:00,DMU50_001,16.039,2076.08163,60.0
2026-03-05 12:43:00+00:00,DMU50_001,8.655,2076.22588,60.0
2026-03-05 12:44:00+00:00,DMU50_001,8.682,2076.37058,60.0
2026-03-05 12:45:00+00:00,DMU50_001,8.601,2076.51393,60.0
2026-03-05 12:46:00+00:00,DMU50_001,4.443,2076.58798,60.0
2026-03-05 12:47:00+00:00,DMU50_001,4.151,2076.65716,60.0
2026-03-05 12:48:00+00:00,DMU50_001,14.687,2076.90194,60.0
2026-03-05 12:49:00+00:00,DMU50_001,15.707,2077.16372,60.0
2026-03-05 12:50:00+00:00,DMU50_001,15.29,2077.41855,60.0
2026-03-05 12:51:00+00:00,DMU50_001,14.54,2077.66088,60.0
2026-03-05 12:52:00+00:00,DMU50_001,14.388,2077.90068,60.0
2026-03-05 12:53:00+00:00,DMU50_001,15.579,2078.16033,60.0
2026-03-05 12:54:00+00:00,DMU50_001,15.008,2078.41046,60.0
2026-03-05 12:55:00+00:00,DMU50_001,14.225,2078.64754,60.0
2026-03-05 12:56:00+00:00,DMU50_001,14.108,2078.88267,60.0
2026-03-05 12:57:00+00:00,DMU50_001,8.554,2079.02524,60.0
2026-03-05 12:58:00+00:00,DMU50_001,8.504,2079.16697,60.0
2026-03-05 12:59:00+00:00,DMU50_001,8.182,2079.30334,60.0
2026-03-05 13:00:00+00:00,DMU50_001,3.28,2079.35801,60.0
2026-03-05 13:01:00+00:00,DMU50_001,3.316,2079.41328,60.0
2026-03-05 13:02:00+00:00,DMU50_001,3.407,2079.47006,60.0
2026-03-05 13:03:00+00:00,DMU50_001,15.846,2079.73416,60.0
2026-03-05 13:04:00+00:00,DMU50_001,14.867,2079.98194,60.0
2026-03-05 13:05:00+00:00,DMU50_001,14.916,2080.23054,60.0
2026-03-05 13:06:00+00:00,DMU50_001,15.255,2080.48479,60.0
2026-03-05 13:07:00+00:00,DMU50_001,14.881,2080.73281,60.0
2026-03-05 13:08:00+00:00,DMU50_001,15.2,2080.98614,60.0
2026-03-05 13:09:00+00:00,DMU50_001,15.14,2081.23847,60.0
2026-03-05 13:10:00+00:00,DMU50_001,15.061,2081.48949,60.0
2026-03-05 13:11:00+00:00,DMU50_001,16.383,2081.76254,60.0
2026-03-05 13:12:00+00:00,DMU50_001,15.456,2082.02014,60.0
2026-03-05 13:13:00+00:00,DMU50_001,3.984,2082.08654,60.0
2026-03-05 13:14:00+00:00,DMU50_001,4.274,2082.15777,60.0
2026-03-05 13:15:00+00:00,DMU50_001,4.042,2082.22514,60.0
2026-03-05 13:16:00+00:00,DMU50_001,4.289,2082.29662,60.0
2026-03-05 13:17:00+00:00,DMU50_001,14.312,2082.53515,60.0
2026-03-05 13:18:00+00:00,DMU50_001,14.446,2082.77592,60.0
2026-03-05 13:19:00+00:00,DMU50_001,15.172,2083.02879,60.0
2026-03-05 13:20:00+00:00,DMU50_001,15.499,2083.28711,60.0
2026-03-05 13:21:00+00:00,DMU50_001,15.251,2083.54129,60.0
2026-03-05 13:22:00+00:00,DMU50_001,15.427,2083.79841,60.0
2026-03-05 13:23:00+00:00,DMU50_001,15.187,2084.05153,60.0
2026-03-05 13:24:00+00:00,DMU50_001,15.086,2084.30296,60.0
2026-03-05 13:25:00+00:00,DMU50_001,14.748,2084.54876,60.0
2026-03-05 13:26:00+00:00,DMU50_001,8.244,2084.68616,60.0
2026-03-05 13:27:00+00:00,DMU50_001,8.307,2084.82461,60.0
2026-03-05 13:28:00+00:00,DMU50_001,14.968,2085.07408,60.0
2026-03-05 13:29:00+00:00,DMU50_001,14.942,2085.32311,60.0
2026-03-05 13:30:00+00:00,DMU50_001,15.796,2085.58638,60.0
2026-03-05 13:31:00+00:00,DMU50_001,14.99,2085.83621,60.0
2026-03-05 13:32:00+00:00,DMU50_001,15.038,2086.08684,60.0
2026-03-05 13:33:00+00:00,DMU50_001,15.242,2086.34087,60.0
2026-03-05 13:34:00+00:00,DMU50_001,14.951,2086.59005,60.0
2026-03-05 13:35:00+00:00,DMU50_001,14.59,2086.83322,60.0
2026-03-05 13:36:00+00:00,DMU50_001,15.189,2087.08637,60.0
2026-03-05 13:37:00+00:00,DMU50_001,8.984,2087.2361,60.0
2026-03-05 13:38:00+00:00,DMU50_001,9.737,2087.39838,60.0
2026-03-05 13:39:00+00:00,DMU50_001,9.315,2087.55363,60.0
2026-03-05 13:40:00+00:00,DMU50_001,8.762,2087.69966,60.0
2026-03-05 13:41:00+00:00,DMU50_001,9.292,2087.85453,60.0
2026-03-05 13:42:00+00:00,DMU50_001,3.562,2087.9139,60.0
2026-03-05 13:43:00+00:00,DMU50_001,3.762,2087.9766,60.0
2026-03-05 13:44:00+00:00,DMU50_001,3.395,2088.03318,60.0
2026-03-05 13:45:00+00:00,DMU50_001,3.538,2088.09215,60.0
2026-03-05 13:46:00+00:00,DMU50_001,3.48,2088.15015,60.0
2026-03-05 13:47:00+00:00,DMU50_001,15.029,2088.40063,60.0
2026-03-05 13:48:00+00:00,DMU50_001,14.557,2088.64325,60.0
2026-03-05 13:49:00+00:00,DMU50_001,15.288,2088.89805,60.0
2026-03-05 13:50:00+00:00,DMU50_001,15.209,2089.15153,60.0
2026-03-05 13:51:00+00:00,DMU50_001,15.643,2089.41225,60.0
2026-03-05 13:52:00+00:00,DMU50_001,14.995,2089.66217,60.0
2026-03-05 13:53:00+00:00,DMU50_001,14.794,2089.90874,60.0
2026-03-05 13:54:00+00:00,DMU50_001,15.395,2090.16532,60.0
2026-03-05 13:55:00+00:00,DMU50_001,14.603,2090.4087,60.0
2026-03-05 13:56:00+00:00,DMU50_001,9.434,2090.56593,60.0
2026-03-05 13:57:00+00:00,DMU50_001,9.433,2090.72315,60.0
2026-03-05 13:58:00+00:00,DMU50_001,9.503,2090.88153,60.0
2026-03-05 13:59:00+00:00,DMU50_001,9.151,2091.03405,60.0
2026-03-05 14:00:00+00:00,DMU50_001,4.103,2091.10243,60.0
2026-03-05 14:01:00+00:00,DMU50_001,4.222,2091.1728,60.0
2026-03-05 14:02:00+00:00,DMU50_001,4.276,2091.24407,60.0
2026-03-05 14:03:00+00:00,DMU50_001,4.088,2091.3122,60.0
2026-03-05 14:04:00+00:00,DMU50_001,15.667,2091.57332,60.0
2026-03-05 14:05:00+00:00,DMU50_001,15.29,2091.82815,60.0
2026-03-05 14:06:00+00:00,DMU50_001,14.554,2092.07072,60.0
2026-03-05 14:07:00+00:00,DMU50_001,15.941,2092.3364,60.0
2026-03-05 14:08:00+00:00,DMU50_001,15.049,2092.58722,60.0
2026-03-05 14:09:00+00:00,DMU50_001,14.453,2092.8281,60.0
2026-03-05 14:10:00+00:00,DMU50_001,14.585,2093.07118,60.0
2026-03-05 14:11:00+00:00,DMU50_001,15.744,2093.33358,60.0
2026-03-05 14:12:00+00:00,DMU50_001,15.912,2093.59878,60.0
2026-03-05 14:13:00+00:00,DMU50_001,15.505,2093.8572,60.0
2026-03-05 14:14:00+00:00,DMU50_001,8.396,2093.99713,60.0
2026-03-05 14:15:00+00:00,DMU50_001,8.365,2094.13655,60.0
2026-03-05 14:16:00+00:00,DMU50_001,4.311,2094.2084,60.0
2026-03-05 14:17:00+00:00,DMU50_001,4.266,2094.2795,60.0
2026-03-05 14:18:00+00:00,DMU50_001,4.308,2094.3513,60.0
2026-03-05 14:19:00+00:00,DMU50_001,4.347,2094.42375,60.0
2026-03-05 14:20:00+00:00,DMU50_001,14.629,2094.66757,60.0
2026-03-05 14:21:00+00:00,DMU50_001,15.366,2094.92367,60.0
2026-03-05 14:22:00+00:00,DMU50_001,15.729,2095.18582,60.0
2026-03-05 14:23:00+00:00,DMU50_001,14.897,2095.4341,60.0
2026-03-05 14:24:00+00:00,DMU50_001,14.843,2095.68148,60.0
2026-03-05 14:25:00+00:00,DMU50_001,15.238,2095.93545,60.0
2026-03-05 14:26:00+00:00,DMU50_001,14.675,2096.18003,60.0
2026-03-05 14:27:00+00:00,DMU50_001,14.342,2096.41906,60.0
2026-03-05 14:28:00+00:00,DMU50_001,15.574,2096.67863,60.0
2026-03-05 14:29:00+00:00,DMU50_001,8.82,2096.82563,60.0
2026-03-05 14:30:00+00:00,DMU50_001,9.007,2096.97575,60.0
2026-03-05 14:31:00+00:00,DMU50_001,8.756,2097.12168,60.0
2026-03-05 14:32:00+00:00,DMU50_001,9.511,2097.2802,60.0
2026-03-05 14:33:00+00:00,DMU50_001,3.671,2097.34138,60.0
2026-03-05 14:34:00+00:00,DMU50_001,3.452,2097.39891,60.0
2026-03-05 14:35:00+00:00,DMU50_001,14.41,2097.63908,60.0
2026-03-05 14:36:00+00:00,DMU50_001,14.827,2097.8862,60.0
2026-03-05 14:37:00+00:00,DMU50_001,15.285,2098.14095,60.0
2026-03-05 14:38:00+00:00,DMU50_001,15.094,2098.39252,60.0
2026-03-05 14:39:00+00:00,DMU50_001,15.055,2098.64344,60.0
2026-03-05 14:40:00+00:00,DMU50_001,15.106,2098.89521,60.0
2026-03-05 14:41:00+00:00,DMU50_001,15.379,2099.15153,60.0
2026-03-05 14:42:00+00:00,DMU50_001,14.979,2099.40118,60.0
2026-03-05 14:43:00+00:00,DMU50_001,15.225,2099.65493,60.0
2026-03-05 14:44:00+00:00,DMU50_001,8.605,2099.79835,60.0
2026-03-05 14:45:00+00:00,DMU50_001,10.022,2099.96538,60.0
2026-03-05 14:46:00+00:00,DMU50_001,8.886,2100.11348,60.0
2026-03-05 14:47:00+00:00,DMU50_001,9.081,2100.26483,60.0
2026-03-05 14:48:00+00:00,DMU50_001,4.313,2100.33671,60.0
2026-03-05 14:49:00+00:00,DMU50_001,4.118,2100.40534,60.0
2026-03-05 14:50:00+00:00,DMU50_001,4.202,2100.47537,60.0
2026-03-05 14:51:00+00:00,DMU50_001,8.998,2100.62534,60.0
2026-03-05 14:52:00+00:00,DMU50_001,8.634,2100.76924,60.0
2026-03-05 14:53:00+00:00,DMU50_001,9.175,2100.92216,60.0
2026-03-05 14:54:00+00:00,DMU50_001,8.34,2101.06116,60.0
2026-03-05 14:55:00+00:00,DMU50_001,9.701,2101.22284,60.0
2026-03-05 14:56:00+00:00,DMU50_001,9.317,2101.37812,60.0
2026-03-05 14:57:00+00:00,DMU50_001,8.192,2101.51465,60.0
2026-03-05 14:58:00+00:00,DMU50_001,3.153,2101.5672,60.0
2026-03-05 14:59:00+00:00,DMU50_001,3.341,2101.62288,60.0
2026-03-05 15:00:00+00:00,DMU50_001,3.778,2101.68585,60.0
2026-03-05 15:01:00+00:00,DMU50_001,5.03,2101.76968,60.0
2026-03-05 15:02:00+00:00,DMU50_001,4.439,2101.84366,60.0
2026-03-05 15:03:00+00:00,DMU50_001,8.311,2101.98218,60.0
2026-03-05 15:04:00+00:00,DMU50_001,8.157,2102.11813,60.0
2026-03-05 15:05:00+00:00,DMU50_001,14.576,2102.36106,60.0
2026-03-05 15:06:00+00:00,DMU50_001,15.498,2102.61936,60.0
2026-03-05 15:07:00+00:00,DMU50_001,14.449,2102.86018,60.0
2026-03-05 15:08:00+00:00,DMU50_001,14.395,2103.1001,60.0
2026-03-05 15:09:00+00:00,DMU50_001,14.363,2103.33948,60.0
2026-03-05 15:10:00+00:00,DMU50_001,15.488,2103.59761,60.0
2026-03-05 15:11:00+00:00,DMU50_001,14.971,2103.84713,60.0
2026-03-05 15:12:00+00:00,DMU50_001,15.05,2104.09796,60.0
2026-03-05 15:13:00+00:00,DMU50_001,14.992,2104.34783,60.0
2026-03-05 15:14:00+00:00,DMU50_001,8.55,2104.49033,60.0
2026-03-05 15:15:00+00:00,DMU50_001,8.732,2104.63586,60.0
2026-03-05 15:16:00+00:00,DMU50_001,3.376,2104.69213,60.0
2026-03-05 15:17:00+00:00,DMU50_001,3.219,2104.74578,60.0
2026-03-05 15:18:00+00:00,DMU50_001,3.399,2104.80243,60.0
2026-03-05 15:19:00+00:00,DMU50_001,3.284,2104.85716,60.0
2026-03-05 15:20:00+00:00,DMU50_001,3.616,2104.91743,60.0
2026-03-05 15:21:00+00:00,DMU50_001,4.332,2104.98963,60.0
2026-03-05 15:22:00+00:00,DMU50_001,3.941,2105.05531,60.0
2026-03-05 15:23:00+00:00,DMU50_001,4.141,2105.12433,60.0
2026-03-05 15:24:00+00:00,DMU50_001,15.928,2105.3898,60.0
2026-03-05 15:25:00+00:00,DMU50_001,14.51,2105.63163,60.0
2026-03-05 15:26:00+00:00,DMU50_001,15.213,2105.88518,60.0
2026-03-05 15:27:00+00:00,DMU50_001,15.053,2106.13606,60.0
2026-03-05 15:28:00+00:00,DMU50_001,15.546,2106.39516,60.0
2026-03-05 15:29:00+00:00,DMU50_001,15.148,2106.64763,60.0
2026-03-05 15:30:00+00:00,DMU50_001,14.784,2106.89403,60.0
2026-03-05 15:31:00+00:00,DMU50_001,9.027,2107.04448,60.0
2026-03-05 15:32:00+00:00,DMU50_001,3.516,2107.10308,60.0
2026-03-05 15:33:00+00:00,DMU50_001,3.482,2107.16111,60.0
2026-03-05 15:34:00+00:00,DMU50_001,14.34,2107.40011,60.0
2026-03-05 15:35:00+00:00,DMU50_001,15.622,2107.66048,60.0
2026-03-05 15:36:00+00:00,DMU50_001,15.533,2107.91936,60.0
2026-03-05 15:37:00+00:00,DMU50_001,14.478,2108.16066,60.0
2026-03-05 15:38:00+00:00,DMU50_001,14.85,2108.40816,60.0
2026-03-05 15:39:00+00:00,DMU50_001,14.887,2108.65628,60.0
2026-03-05 15:40:00+00:00,DMU50_001,14.422,2108.89665,60.0
2026-03-05 15:41:00+00:00,DMU50_001,14.067,2109.1311,60.0
2026-03-05 15:42:00+00:00,DMU50_001,14.665,2109.37552,60.0
2026-03-05 15:43:00+00:00,DMU50_001,8.857,2109.52314,60.0
2026-03-05 15:44:00+00:00,DMU50_001,8.424,2109.66354,60.0
2026-03-05 15:45:00+00:00,DMU50_001,8.053,2109.79776,60.0
2026-03-05 15:46:00+00:00,DMU50_001,3.733,2109.85998,60.0
2026-03-05 15:47:00+00:00,DMU50_001,3.668,2109.92111,60.0
2026-03-05 15:48:00+00:00,DMU50_001,3.475,2109.97903,60.0
2026-03-05 15:49:00+00:00,DMU50_001,7.448,2110.10316,60.0
2026-03-05 15:50:00+00:00,DMU50_001,15.358,2110.35913,60.0
2026-03-05 15:51:00+00:00,DMU50_001,15.073,2110.61035,60.0
2026-03-05 15:52:00+00:00,DMU50_001,15.212,2110.86388,60.0
2026-03-05 15:53:00+00:00,DMU50_001,15.968,2111.13001,60.0
2026-03-05 15:54:00+00:00,DMU50_001,14.588,2111.37314,60.0
2026-03-05 15:55:00+00:00,DMU50_001,13.563,2111.59919,60.0
2026-03-05 15:56:00+00:00,DMU50_001,14.473,2111.84041,60.0
2026-03-05 15:57:00+00:00,DMU50_001,9.194,2111.99364,60.0
2026-03-05 15:58:00+00:00,DMU50_001,8.008,2112.12711,60.0
2026-03-05 15:59:00+00:00,DMU50_001,14.392,2112.36698,60.0
2026-03-05 16:00:00+00:00,DMU50_001,14.29,2112.60515,60.0
2026-03-05 16:01:00+00:00,DMU50_001,14.823,2112.8522,60.0
2026-03-05 16:02:00+00:00,DMU50_001,14.377,2113.09182,60.0
2026-03-05 16:03:00+00:00,DMU50_001,15.26,2113.34615,60.0
2026-03-05 16:04:00+00:00,DMU50_001,14.794,2113.59272,60.0
2026-03-05 16:05:00+00:00,DMU50_001,14.686,2113.83749,60.0
2026-03-05 16:06:00+00:00,DMU50_001,14.621,2114.08117,60.0
2026-03-05 16:07:00+00:00,DMU50_001,15.132,2114.33337,60.0
2026-03-05 16:08:00+00:00,DMU50_001,9.017,2114.48365,60.0
2026-03-05 16:09:00+00:00,DMU50_001,9.081,2114.635,60.0
2026-03-05 16:10:00+00:00,DMU50_001,9.072,2114.7862,60.0
2026-03-05 16:11:00+00:00,DMU50_001,7.978,2114.91917,60.0
2026-03-05 16:12:00+00:00,DMU50_001,7.69,2115.04734,60.0
2026-03-05 16:13:00+00:00,DMU50_001,3.354,2115.10324,60.0
2026-03-05 16:14:00+00:00,DMU50_001,3.421,2115.16026,60.0
2026-03-05 16:15:00+00:00,DMU50_001,3.913,2115.22548,60.0
2026-03-05 16:16:00+00:00,DMU50_001,8.46,2115.36648,60.0
2026-03-05 16:17:00+00:00,DMU50_001,8.832,2115.51368,60.0
2026-03-05 16:18:00+00:00,DMU50_001,9.039,2115.66433,60.0
2026-03-05 16:19:00+00:00,DMU50_001,8.879,2115.81231,60.0
2026-03-05 16:20:00+00:00,DMU50_001,9.43,2115.96948,60.0
2026-03-05 16:21:00+00:00,DMU50_001,8.877,2116.11743,60.0
2026-03-05 16:22:00+00:00,DMU50_001,4.153,2116.18665,60.0
2026-03-05 16:23:00+00:00,DMU50_001,4.363,2116.25937,60.0
2026-03-05 16:24:00+00:00,DMU50_001,4.562,2116.3354,60.0
2026-03-05 16:25:00+00:00,DMU50_001,15.704,2116.59713,60.0
2026-03-05 16:26:00+00:00,DMU50_001,14.932,2116.846,60.0
2026-03-05 16:27:00+00:00,DMU50_001,14.975,2117.09558,60.0
2026-03-05 16:28:00+00:00,DMU50_001,15.023,2117.34596,60.0
2026-03-05 16:29:00+00:00,DMU50_001,15.073,2117.59718,60.0
2026-03-05 16:30:00+00:00,DMU50_001,14.576,2117.84011,60.0
2026-03-05 16:31:00+00:00,DMU50_001,15.468,2118.09791,60.0
2026-03-05 16:32:00+00:00,DMU50_001,15.103,2118.34963,60.0
2026-03-05 16:33:00+00:00,DMU50_001,14.978,2118.59926,60.0
2026-03-05 16:34:00+00:00,DMU50_001,8.492,2118.74079,60.0
2026-03-05 16:35:00+00:00,DMU50_001,9.025,2118.89121,60.0
2026-03-05 16:36:00+00:00,DMU50_001,8.243,2119.02859,60.0
2026-03-05 16:37:00+00:00,DMU50_001,8.767,2119.17471,60.0
2026-03-05 16:38:00+00:00,DMU50_001,7.831,2119.30523,60.0
2026-03-05 16:39:00+00:00,DMU50_001,4.257,2119.37618,60.0
2026-03-05 16:40:00+00:00,DMU50_001,4.576,2119.45245,60.0
2026-03-05 16:41:00+00:00,DMU50_001,4.314,2119.52435,60.0
2026-03-05 16:42:00+00:00,DMU50_001,4.49,2119.59918,60.0
2026-03-05 16:43:00+00:00,DMU50_001,9.258,2119.75348,60.0
2026-03-05 16:44:00+00:00,DMU50_001,9.45,2119.91098,60.0
2026-03-05 16:45:00+00:00,DMU50_001,9.743,2120.07336,60.0
2026-03-05 16:46:00+00:00,DMU50_001,8.707,2120.21848,60.0
2026-03-05 16:47:00+00:00,DMU50_001,8.681,2120.36316,60.0
2026-03-05 16:48:00+00:00,DMU50_001,9.268,2120.51763,60.0
2026-03-05 16:49:00+00:00,DMU50_001,8.999,2120.66761,60.0
2026-03-05 16:50:00+00:00,DMU50_001,4.244,2120.73834,60.0
2026-03-05 16:51:00+00:00,DMU50_001,4.15,2120.80751,60.0
2026-03-05 16:52:00+00:00,DMU50_001,4.081,2120.87553,60.0
2026-03-05 16:53:00+00:00,DMU50_001,4.524,2120.95093,60.0
2026-03-05 16:54:00+00:00,DMU50_001,14.45,2121.19176,60.0
2026-03-05 16:55:00+00:00,DMU50_001,15.343,2121.44748,60.0
2026-03-05 16:56:00+00:00,DMU50_001,15.262,2121.70185,60.0
2026-03-05 16:57:00+00:00,DMU50_001,14.21,2121.93868,60.0
2026-03-05 16:58:00+00:00,DMU50_001,14.585,2122.18176,60.0
2026-03-05 16:59:00+00:00,DMU50_001,14.669,2122.42624,60.0
2026-03-05 17:00:00+00:00,DMU50_001,15.282,2122.68094,60.0
2026-03-05 17:01:00+00:00,DMU50_001,8.853,2122.82849,60.0
2026-03-05 17:02:00+00:00,DMU50_001,8.966,2122.97792,60.0
2026-03-05 17:03:00+00:00,DMU50_001,8.417,2123.1182,60.0
2026-03-05 17:04:00+00:00,DMU50_001,9.93,2123.2837,60.0
2026-03-05 17:05:00+00:00,DMU50_001,9.028,2123.43417,60.0
2026-03-05 17:06:00+00:00,DMU50_001,4.3,2123.50584,60.0
2026-03-05 17:07:00+00:00,DMU50_001,4.092,2123.57404,60.0
2026-03-05 17:08:00+00:00,DMU50_001,7.804,2123.70411,60.0
2026-03-05 17:09:00+00:00,DMU50_001,8.574,2123.84701,60.0
2026-03-05 17:10:00+00:00,DMU50_001,8.233,2123.98423,60.0
2026-03-05 17:11:00+00:00,DMU50_001,9.111,2124.13608,60.0
2026-03-05 17:12:00+00:00,DMU50_001,8.515,2124.278,60.0
2026-03-05 17:13:00+00:00,DMU50_001,8.838,2124.4253,60.0
2026-03-05 17:14:00+00:00,DMU50_001,8.745,2124.57105,60.0
2026-03-05 17:15:00+00:00,DMU50_001,8.606,2124.71448,60.0
2026-03-05 17:16:00+00:00,DMU50_001,9.014,2124.86471,60.0
2026-03-05 17:17:00+00:00,DMU50_001,2.986,2124.91448,60.0
2026-03-05 17:18:00+00:00,DMU50_001,3.437,2124.97176,60.0
2026-03-05 17:19:00+00:00,DMU50_001,3.482,2125.02979,60.0
2026-03-05 17:20:00+00:00,DMU50_001,8.456,2125.17072,60.0
2026-03-05 17:21:00+00:00,DMU50_001,9.605,2125.3308,60.0
2026-03-05 17:22:00+00:00,DMU50_001,8.762,2125.47683,60.0
2026-03-05 17:23:00+00:00,DMU50_001,8.905,2125.62525,60.0
2026-03-05 17:24:00+00:00,DMU50_001,8.763,2125.7713,60.0
2026-03-05 17:25:00+00:00,DMU50_001,8.967,2125.92075,60.0
2026-03-05 17:26:00+00:00,DMU50_001,3.762,2125.98345,60.0
2026-03-05 17:27:00+00:00,DMU50_001,3.995,2126.05003,60.0
2026-03-05 17:28:00+00:00,DMU50_001,3.649,2126.11085,60.0
2026-03-05 17:29:00+00:00,DMU50_001,3.718,2126.17282,60.0
2026-03-05 17:30:00+00:00,DMU50_001,15.858,2126.43712,60.0
2026-03-05 17:31:00+00:00,DMU50_001,15.124,2126.68919,60.0
2026-03-05 17:32:00+00:00,DMU50_001,15.785,2126.95227,60.0
2026-03-05 17:33:00+00:00,DMU50_001,15.396,2127.20887,60.0
2026-03-05 17:34:00+00:00,DMU50_001,15.072,2127.46007,60.0
2026-03-05 17:35:00+00:00,DMU50_001,15.175,2127.71299,60.0
2026-03-05 17:36:00+00:00,DMU50_001,8.271,2127.85084,60.0
2026-03-05 17:37:00+00:00,DMU50_001,9.117,2128.00279,60.0
2026-03-05 17:38:00+00:00,DMU50_001,8.383,2128.14251,60.0
2026-03-05 17:39:00+00:00,DMU50_001,8.35,2128.28168,60.0
2026-03-05 17:40:00+00:00,DMU50_001,9.077,2128.43296,60.0
2026-03-05 17:41:00+00:00,DMU50_001,8.554,2128.57553,60.0
2026-03-05 17:42:00+00:00,DMU50_001,8.997,2128.72548,60.0
2026-03-05 17:43:00+00:00,DMU50_001,9.055,2128.8764,60.0
2026-03-05 17:44:00+00:00,DMU50_001,8.055,2129.01065,60.0
2026-03-05 17:45:00+00:00,DMU50_001,7.729,2129.13947,60.0
2026-03-05 17:46:00+00:00,DMU50_001,4.38,2129.21247,60.0
2026-03-05 17:47:00+00:00,DMU50_001,4.182,2129.28217,60.0
2026-03-05 17:48:00+00:00,DMU50_001,4.288,2129.35364,60.0
2026-03-05 17:49:00+00:00,DMU50_001,8.521,2129.49566,60.0
2026-03-05 17:50:00+00:00,DMU50_001,8.929,2129.64448,60.0
2026-03-05 17:51:00+00:00,DMU50_001,9.439,2129.8018,60.0
2026-03-05 17:52:00+00:00,DMU50_001,9.388,2129.95827,60.0
2026-03-05 17:53:00+00:00,DMU50_001,8.681,2130.10295,60.0
2026-03-05 17:54:00+00:00,DMU50_001,8.782,2130.24932,60.0
2026-03-05 17:55:00+00:00,DMU50_001,7.703,2130.3777,60.0
2026-03-05 17:56:00+00:00,DMU50_001,14.672,2130.62223,60.0
2026-03-05 17:57:00+00:00,DMU50_001,14.3,2130.86056,60.0
2026-03-05 17:58:00+00:00,DMU50_001,14.931,2131.10941,60.0
2026-03-05 17:59:00+00:00,DMU50_001,15.317,2131.36469,60.0
2026-03-05 18:00:00+00:00,DMU50_001,14.607,2131.60814,60.0
2026-03-05 18:01:00+00:00,DMU50_001,14.955,2131.85739,60.0
2026-03-05 18:02:00+00:00,DMU50_001,14.89,2132.10556,60.0
2026-03-05 18:03:00+00:00,DMU50_001,15.528,2132.36436,60.0
2026-03-05 18:04:00+00:00,DMU50_001,14.694,2132.60926,60.0
2026-03-05 18:05:00+00:00,DMU50_001,14.712,2132.85446,60.0
2026-03-05 18:06:00+00:00,DMU50_001,8.662,2132.99883,60.0
2026-03-05 18:07:00+00:00,DMU50_001,8.545,2133.14125,60.0
2026-03-05 18:08:00+00:00,DMU50_001,9.212,2133.29478,60.0
2026-03-05 18:09:00+00:00,DMU50_001,4.173,2133.36433,60.0
2026-03-05 18:10:00+00:00,DMU50_001,4.211,2133.43451,60.0
2026-03-05 18:11:00+00:00,DMU50_001,4.455,2133.50876,60.0
2026-03-05 18:12:00+00:00,DMU50_001,15.666,2133.76986,60.0
2026-03-05 18:13:00+00:00,DMU50_001,14.177,2134.00614,60.0
2026-03-05 18:14:00+00:00,DMU50_001,15.324,2134.26154,60.0
2026-03-05 18:15:00+00:00,DMU50_001,15.113,2134.51342,60.0
2026-03-05 18:16:00+00:00,DMU50_001,14.769,2134.75957,60.0
2026-03-05 18:17:00+00:00,DMU50_001,15.164,2135.0123,60.0
2026-03-05 18:18:00+00:00,DMU50_001,14.137,2135.24792,60.0
2026-03-05 18:19:00+00:00,DMU50_001,15.731,2135.5101,60.0
2026-03-05 18:20:00+00:00,DMU50_001,4.303,2135.58182,60.0
2026-03-05 18:21:00+00:00,DMU50_001,4.027,2135.64894,60.0
2026-03-05 18:22:00+00:00,DMU50_001,4.083,2135.71699,60.0
2026-03-05 18:23:00+00:00,DMU50_001,3.859,2135.78131,60.0
2026-03-05 18:24:00+00:00,DMU50_001,3.437,2135.83859,60.0
2026-03-05 18:25:00+00:00,DMU50_001,3.403,2135.89531,60.0
2026-03-05 18:26:00+00:00,DMU50_001,3.235,2135.94923,60.0
2026-03-05 18:27:00+00:00,DMU50_001,15.388,2136.2057,60.0
2026-03-05 18:28:00+00:00,DMU50_001,15.638,2136.46633,60.0
2026-03-05 18:29:00+00:00,DMU50_001,14.986,2136.7161,60.0
2026-03-05 18:30:00+00:00,DMU50_001,14.847,2136.96355,60.0
2026-03-05 18:31:00+00:00,DMU50_001,15.217,2137.21717,60.0
2026-03-05 18:32:00+00:00,DMU50_001,14.99,2137.467,60.0
2026-03-05 18:33:00+00:00,DMU50_001,14.459,2137.70798,60.0
2026-03-05 18:34:00+00:00,DMU50_001,14.674,2137.95255,60.0
2026-03-05 18:35:00+00:00,DMU50_001,14.852,2138.20008,60.0
2026-03-05 18:36:00+00:00,DMU50_001,9.099,2138.35173,60.0
2026-03-05 18:37:00+00:00,DMU50_001,9.004,2138.5018,60.0
2026-03-05 18:38:00+00:00,DMU50_001,9.084,2138.6532,60.0
2026-03-05 18:39:00+00:00,DMU50_001,8.39,2138.79303,60.0
2026-03-05 18:40:00+00:00,DMU50_001,3.633,2138.85358,60.0
2026-03-05 18:41:00+00:00,DMU50_001,3.501,2138.91193,60.0
2026-03-05 18:42:00+00:00,DMU50_001,4.011,2138.97878,60.0
2026-03-05 18:43:00+00:00,DMU50_001,3.422,2139.03581,60.0
2026-03-05 18:44:00+00:00,DMU50_001,3.565,2139.09523,60.0
2026-03-05 18:45:00+00:00,DMU50_001,16.415,2139.36881,60.0
2026-03-05 18:46:00+00:00,DMU50_001,15.097,2139.62043,60.0
2026-03-05 18:47:00+00:00,DMU50_001,14.966,2139.86986,60.0
2026-03-05 18:48:00+00:00,DMU50_001,14.507,2140.11164,60.0
2026-03-05 18:49:00+00:00,DMU50_001,15.764,2140.37437,60.0
2026-03-05 18:50:00+00:00,DMU50_001,14.42,2140.6147,60.0
2026-03-05 18:51:00+00:00,DMU50_001,15.214,2140.86827,60.0
2026-03-05 18:52:00+00:00,DMU50_001,14.763,2141.11432,60.0
2026-03-05 18:53:00+00:00,DMU50_001,14.905,2141.36274,60.0
2026-03-05 18:54:00+00:00,DMU50_001,8.43,2141.50324,60.0
2026-03-05 18:55:00+00:00,DMU50_001,9.537,2141.66219,60.0
2026-03-05 18:56:00+00:00,DMU50_001,4.144,2141.73126,60.0
2026-03-05 18:57:00+00:00,DMU50_001,3.957,2141.79721,60.0
2026-03-05 18:58:00+00:00,DMU50_001,4.451,2141.87139,60.0
2026-03-05 18:59:00+00:00,DMU50_001,14.748,2142.11719,60.0
2026-03-05 19:00:00+00:00,DMU50_001,15.167,2142.36997,60.0
2026-03-05 19:01:00+00:00,DMU50_001,15.421,2142.62699,60.0
2026-03-05 19:02:00+00:00,DMU50_001,15.237,2142.88094,60.0
2026-03-05 19:03:00+00:00,DMU50_001,13.902,2143.11264,60.0
2026-03-05 19:04:00+00:00,DMU50_001,15.348,2143.36844,60.0
2026-03-05 19:05:00+00:00,DMU50_001,14.95,2143.61761,60.0
2026-03-05 19:06:00+00:00,DMU50_001,14.835,2143.86486,60.0
2026-03-05 19:07:00+00:00,DMU50_001,14.945,2144.11394,60.0
2026-03-05 19:08:00+00:00,DMU50_001,8.356,2144.25321,60.0
2026-03-05 19:09:00+00:00,DMU50_001,9.077,2144.40449,60.0
2026-03-05 19:10:00+00:00,DMU50_001,3.927,2144.46994,60.0
2026-03-05 19:11:00+00:00,DMU50_001,4.143,2144.53899,60.0
2026-03-05 19:12:00+00:00,DMU50_001,4.231,2144.60951,60.0
2026-03-05 19:13:00+00:00,DMU50_001,8.322,2144.74821,60.0
2026-03-05 19:14:00+00:00,DMU50_001,4.036,2144.81548,60.0
2026-03-05 19:15:00+00:00,DMU50_001,4.49,2144.89031,60.0
2026-03-05 19:16:00+00:00,DMU50_001,4.389,2144.96346,60.0
2026-03-05 19:17:00+00:00,DMU50_001,4.114,2145.03203,60.0
2026-03-05 19:18:00+00:00,DMU50_001,14.446,2145.2728,60.0
2026-03-05 19:19:00+00:00,DMU50_001,14.278,2145.51077,60.0
2026-03-05 19:20:00+00:00,DMU50_001,15.136,2145.76304,60.0
2026-03-05 19:21:00+00:00,DMU50_001,14.631,2146.00689,60.0
2026-03-05 19:22:00+00:00,DMU50_001,15.6,2146.26689,60.0
2026-03-05 19:23:00+00:00,DMU50_001,14.66,2146.51122,60.0
2026-03-05 19:24:00+00:00,DMU50_001,14.55,2146.75372,60.0
2026-03-05 19:25:00+00:00,DMU50_001,15.117,2147.00567,60.0
2026-03-05 19:26:00+00:00,DMU50_001,8.726,2147.1511,60.0
2026-03-05 19:27:00+00:00,DMU50_001,9.003,2147.30115,60.0
2026-03-05 19:28:00+00:00,DMU50_001,9.394,2147.45772,60.0
2026-03-05 19:29:00+00:00,DMU50_001,4.223,2147.5281,60.0
2026-03-05 19:30:00+00:00,DMU50_001,4.224,2147.5985,60.0
2026-03-05 19:31:00+00:00,DMU50_001,4.241,2147.66918,60.0
2026-03-05 19:32:00+00:00,DMU50_001,7.492,2147.79405,60.0
2026-03-05 19:33:00+00:00,DMU50_001,8.118,2147.92935,60.0
2026-03-05 19:34:00+00:00,DMU50_001,4.232,2147.99988,60.0
2026-03-05 19:35:00+00:00,DMU50_001,4.379,2148.07286,60.0
2026-03-05 19:36:00+00:00,DMU50_001,15.303,2148.32791,60.0
2026-03-05 19:37:00+00:00,DMU50_001,14.899,2148.57623,60.0
2026-03-05 19:38:00+00:00,DMU50_001,15.516,2148.83483,60.0
2026-03-05 19:39:00+00:00,DMU50_001,14.854,2149.0824,60.0
2026-03-05 19:40:00+00:00,DMU50_001,15.124,2149.33447,60.0
2026-03-05 19:41:00+00:00,DMU50_001,14.844,2149.58187,60.0
2026-03-05 19:42:00+00:00,DMU50_001,15.231,2149.83572,60.0
2026-03-05 19:43:00+00:00,DMU50_001,14.812,2150.08259,60.0
2026-03-05 19:44:00+00:00,DMU50_001,15.824,2150.34632,60.0
2026-03-05 19:45:00+00:00,DMU50_001,9.807,2150.50977,60.0
2026-03-05 19:46:00+00:00,DMU50_001,9.35,2150.6656,60.0
2026-03-05 19:47:00+00:00,DMU50_001,9.617,2150.82588,60.0
2026-03-05 19:48:00+00:00,DMU50_001,8.384,2150.96561,60.0
2026-03-05 19:49:00+00:00,DMU50_001,8.431,2151.10613,60.0
2026-03-05 19:50:00+00:00,DMU50_001,4.136,2151.17506,60.0
2026-03-05 19:51:00+00:00,DMU50_001,4.208,2151.24519,60.0
2026-03-05 19:52:00+00:00,DMU50_001,4.16,2151.31452,60.0
2026-03-05 19:53:00+00:00,DMU50_001,14.179,2151.55084,60.0
2026-03-05 19:54:00+00:00,DMU50_001,15.576,2151.81044,60.0
2026-03-05 19:55:00+00:00,DMU50_001,16.077,2152.07839,60.0
2026-03-05 19:56:00+00:00,DMU50_001,15.64,2152.33906,60.0
2026-03-05 19:57:00+00:00,DMU50_001,15.543,2152.59811,60.0
2026-03-05 19:58:00+00:00,DMU50_001,15.113,2152.84999,60.0
2026-03-05 19:59:00+00:00,DMU50_001,14.579,2153.09297,60.0
2026-03-05 20:00:00+00:00,DMU50_001,15.036,2153.34357,60.0
2026-03-05 20:01:00+00:00,DMU50_001,9.842,2153.5076,60.0
2026-03-05 20:02:00+00:00,DMU50_001,8.859,2153.65525,60.0
2026-03-05 20:03:00+00:00,DMU50_001,8.818,2153.80222,60.0
2026-03-05 20:04:00+00:00,DMU50_001,9.443,2153.9596,60.0
2026-03-05 20:05:00+00:00,DMU50_001,3.735,2154.02185,60.0
2026-03-05 20:06:00+00:00,DMU50_001,3.33,2154.07735,60.0
2026-03-05 20:07:00+00:00,DMU50_001,8.895,2154.2256,60.0
2026-03-05 20:08:00+00:00,DMU50_001,8.799,2154.37225,60.0
2026-03-05 20:09:00+00:00,DMU50_001,9.028,2154.52272,60.0
2026-03-05 20:10:00+00:00,DMU50_001,9.441,2154.68007,60.0
2026-03-05 20:11:00+00:00,DMU50_001,8.678,2154.8247,60.0
2026-03-05 20:12:00+00:00,DMU50_001,9.436,2154.98197,60.0
2026-03-05 20:13:00+00:00,DMU50_001,9.041,2155.13265,60.0
2026-03-05 20:14:00+00:00,DMU50_001,9.93,2155.29815,60.0
2026-03-05 20:15:00+00:00,DMU50_001,9.128,2155.45028,60.0
2026-03-05 20:16:00+00:00,DMU50_001,4.181,2155.51996,60.0
2026-03-05 20:17:00+00:00,DMU50_001,4.315,2155.59188,60.0
2026-03-05 20:18:00+00:00,DMU50_001,4.133,2155.66076,60.0
2026-03-05 20:19:00+00:00,DMU50_001,3.841,2155.72478,60.0
2026-03-05 20:20:00+00:00,DMU50_001,14.88,2155.97278,60.0
2026-03-05 20:21:00+00:00,DMU50_001,14.872,2156.22065,60.0
2026-03-05 20:22:00+00:00,DMU50_001,14.204,2156.45738,60.0
2026-03-05 20:23:00+00:00,DMU50_001,14.963,2156.70676,60.0
2026-03-05 20:24:00+00:00,DMU50_001,13.966,2156.93953,60.0
2026-03-05 20:25:00+00:00,DMU50_001,14.826,2157.18663,60.0
2026-03-05 20:26:00+00:00,DMU50_001,15.122,2157.43866,60.0
2026-03-05 20:27:00+00:00,DMU50_001,9.039,2157.58931,60.0
2026-03-05 20:28:00+00:00,DMU50_001,8.836,2157.73658,60.0
2026-03-05 20:29:00+00:00,DMU50_001,4.183,2157.8063,60.0
2026-03-05 20:30:00+00:00,DMU50_001,4.043,2157.87368,60.0
2026-03-05 20:31:00+00:00,DMU50_001,4.202,2157.94371,60.0
2026-03-05 20:32:00+00:00,DMU50_001,15.029,2158.19419,60.0
2026-03-05 20:33:00+00:00,DMU50_001,14.55,2158.43669,60.0
2026-03-05 20:34:00+00:00,DMU50_001,15.134,2158.68892,60.0
2026-03-05 20:35:00+00:00,DMU50_001,15.131,2158.9411,60.0
2026-03-05 20:36:00+00:00,DMU50_001,14.917,2159.18972,60.0
2026-03-05 20:37:00+00:00,DMU50_001,16.211,2159.4599,60.0
2026-03-05 20:38:00+00:00,DMU50_001,14.93,2159.70873,60.0
2026-03-05 20:39:00+00:00,DMU50_001,14.86,2159.9564,60.0
2026-03-05 20:40:00+00:00,DMU50_001,8.831,2160.10358,60.0
2026-03-05 20:41:00+00:00,DMU50_001,8.612,2160.24711,60.0
2026-03-05 20:42:00+00:00,DMU50_001,9.274,2160.40168,60.0
2026-03-05 20:43:00+00:00,DMU50_001,8.726,2160.54711,60.0
2026-03-05 20:44:00+00:00,DMU50_001,8.773,2160.69333,60.0
2026-03-05 20:45:00+00:00,DMU50_001,8.785,2160.83975,60.0
2026-03-05 20:46:00+00:00,DMU50_001,7.705,2160.96817,60.0
2026-03-05 20:47:00+00:00,DMU50_001,7.475,2161.09275,60.0
2026-03-05 20:48:00+00:00,DMU50_001,14.769,2161.3389,60.0
2026-03-05 20:49:00+00:00,DMU50_001,15.437,2161.59618,60.0
2026-03-05 20:50:00+00:00,DMU50_001,15.098,2161.84781,60.0
2026-03-05 20:51:00+00:00,DMU50_001,15.78,2162.11081,60.0
2026-03-05 20:52:00+00:00,DMU50_001,15.375,2162.36706,60.0
2026-03-05 20:53:00+00:00,DMU50_001,15.262,2162.62143,60.0
2026-03-05 20:54:00+00:00,DMU50_001,15.941,2162.88711,60.0
2026-03-05 20:55:00+00:00,DMU50_001,8.961,2163.03646,60.0
2026-03-05 20:56:00+00:00,DMU50_001,9.025,2163.18688,60.0
2026-03-05 20:57:00+00:00,DMU50_001,8.995,2163.3368,60.0
2026-03-05 20:58:00+00:00,DMU50_001,4.509,2163.41195,60.0
2026-03-05 20:59:00+00:00,DMU50_001,4.201,2163.48197,60.0
2026-03-05 21:00:00+00:00,DMU50_001,4.07,2163.5498,60.0
2026-03-05 21:01:00+00:00,DMU50_001,4.318,2163.62177,60.0
2026-03-05 21:02:00+00:00,DMU50_001,14.592,2163.86497,60.0
2026-03-05 21:03:00+00:00,DMU50_001,15.267,2164.11942,60.0
2026-03-05 21:04:00+00:00,DMU50_001,15.207,2164.37287,60.0
2026-03-05 21:05:00+00:00,DMU50_001,14.905,2164.62129,60.0
2026-03-05 21:06:00+00:00,DMU50_001,15.283,2164.87601,60.0
2026-03-05 21:07:00+00:00,DMU50_001,14.256,2165.11361,60.0
2026-03-05 21:08:00+00:00,DMU50_001,15.081,2165.36496,60.0
2026-03-05 21:09:00+00:00,DMU50_001,14.769,2165.61111,60.0
2026-03-05 21:10:00+00:00,DMU50_001,16.431,2165.88496,60.0
2026-03-05 21:11:00+00:00,DMU50_001,9.062,2166.03599,60.0
2026-03-05 21:12:00+00:00,DMU50_001,8.761,2166.18201,60.0
2026-03-05 21:13:00+00:00,DMU50_001,8.449,2166.32283,60.0
2026-03-05 21:14:00+00:00,DMU50_001,4.461,2166.39718,60.0
2026-03-05 21:15:00+00:00,DMU50_001,4.13,2166.46601,60.0
2026-03-05 21:16:00+00:00,DMU50_001,4.042,2166.53338,60.0
2026-03-05 21:17:00+00:00,DMU50_001,15.168,2166.78618,60.0
2026-03-05 21:18:00+00:00,DMU50_001,15.325,2167.0416,60.0
2026-03-05 21:19:00+00:00,DMU50_001,15.317,2167.29688,60.0
2026-03-05 21:20:00+00:00,DMU50_001,15.01,2167.54705,60.0
2026-03-05 21:21:00+00:00,DMU50_001,15.08,2167.79838,60.0
2026-03-05 21:22:00+00:00,DMU50_001,15.116,2168.05031,60.0
2026-03-05 21:23:00+00:00,DMU50_001,15.168,2168.30311,60.0
2026-03-05 21:24:00+00:00,DMU50_001,9.17,2168.45594,60.0
2026-03-05 21:25:00+00:00,DMU50_001,9.438,2168.61324,60.0
2026-03-05 21:26:00+00:00,DMU50_001,9.023,2168.76362,60.0
2026-03-05 21:27:00+00:00,DMU50_001,8.673,2168.90817,60.0
2026-03-05 21:28:00+00:00,DMU50_001,8.942,2169.0572,60.0
2026-03-05 21:29:00+00:00,DMU50_001,9.302,2169.21223,60.0
2026-03-05 21:30:00+00:00,DMU50_001,7.464,2169.33663,60.0
2026-03-05 21:31:00+00:00,DMU50_001,8.288,2169.47476,60.0
2026-03-05 21:32:00+00:00,DMU50_001,9.367,2169.63088,60.0
2026-03-05 21:33:00+00:00,DMU50_001,9.608,2169.79101,60.0
2026-03-05 21:34:00+00:00,DMU50_001,8.494,2169.93258,60.0
2026-03-05 21:35:00+00:00,DMU50_001,9.04,2170.08325,60.0
2026-03-05 21:36:00+00:00,DMU50_001,8.84,2170.23058,60.0
2026-03-05 21:37:00+00:00,DMU50_001,8.896,2170.37885,60.0
2026-03-05 21:38:00+00:00,DMU50_001,9.122,2170.53088,60.0
2026-03-05 21:39:00+00:00,DMU50_001,3.241,2170.5849,60.0
2026-03-05 21:40:00+00:00,DMU50_001,3.279,2170.63955,60.0
2026-03-05 21:41:00+00:00,DMU50_001,3.44,2170.69688,60.0
2026-03-05 21:42:00+00:00,DMU50_001,4.171,2170.7664,60.0
2026-03-05 21:43:00+00:00,DMU50_001,3.975,2170.83265,60.0
2026-03-05 21:44:00+00:00,DMU50_001,4.358,2170.90528,60.0
2026-03-05 21:45:00+00:00,DMU50_001,3.416,2170.96221,60.0
2026-03-05 21:46:00+00:00,DMU50_001,3.416,2171.01914,60.0
2026-03-05 21:47:00+00:00,DMU50_001,3.557,2171.07842,60.0
2026-03-05 21:48:00+00:00,DMU50_001,14.936,2171.32735,60.0
2026-03-05 21:49:00+00:00,DMU50_001,15.419,2171.58433,60.0
2026-03-05 21:50:00+00:00,DMU50_001,14.533,2171.82655,60.0
2026-03-05 21:51:00+00:00,DMU50_001,14.301,2172.0649,60.0
2026-03-05 21:52:00+00:00,DMU50_001,14.845,2172.31232,60.0
2026-03-05 21:53:00+00:00,DMU50_001,15.03,2172.56282,60.0
2026-03-05 21:54:00+00:00,DMU50_001,14.38,2172.80249,60.0
2026-03-05 21:55:00+00:00,DMU50_001,14.306,2173.04092,60.0
2026-03-05 21:56:00+00:00,DMU50_001,15.091,2173.29244,60.0
2026-03-05 21:57:00+00:00,DMU50_001,8.697,2173.43739,60.0
2026-03-05 21:58:00+00:00,DMU50_001,8.419,2173.57771,60.0
2026-03-05 21:59:00+00:00,DMU50_001,9.386,2173.73414,60.0
2026-03-05 22:00:00+00:00,DMU50_001,8.747,2173.87992,60.0
2026-03-05 22:01:00+00:00,DMU50_001,4.43,2173.95375,60.0
2026-03-05 22:02:00+00:00,DMU50_001,4.206,2174.02385,60.0
2026-03-05 22:03:00+00:00,DMU50_001,4.259,2174.09483,60.0
2026-03-05 22:04:00+00:00,DMU50_001,8.915,2174.24341,60.0
2026-03-05 22:05:00+00:00,DMU50_001,7.938,2174.37571,60.0
2026-03-05 22:06:00+00:00,DMU50_001,8.545,2174.51813,60.0
2026-03-05 22:07:00+00:00,DMU50_001,8.95,2174.6673,60.0
2026-03-05 22:08:00+00:00,DMU50_001,9.146,2174.81973,60.0
2026-03-05 22:09:00+00:00,DMU50_001,8.284,2174.9578,60.0
2026-03-05 22:10:00+00:00,DMU50_001,4.189,2175.02762,60.0
2026-03-05 22:11:00+00:00,DMU50_001,3.976,2175.09389,60.0
2026-03-05 22:12:00+00:00,DMU50_001,4.247,2175.16467,60.0
2026-03-05 22:13:00+00:00,DMU50_001,4.196,2175.2346,60.0
2026-03-05 22:14:00+00:00,DMU50_001,15.372,2175.4908,60.0
2026-03-05 22:15:00+00:00,DMU50_001,15.533,2175.74968,60.0
2026-03-05 22:16:00+00:00,DMU50_001,15.229,2176.0035,60.0
2026-03-05 22:17:00+00:00,DMU50_001,15.43,2176.26067,60.0
2026-03-05 22:18:00+00:00,DMU50_001,14.825,2176.50775,60.0
2026-03-05 22:19:00+00:00,DMU50_001,16.412,2176.78128,60.0
2026-03-05 22:20:00+00:00,DMU50_001,14.391,2177.02113,60.0
2026-03-05 22:21:00+00:00,DMU50_001,14.736,2177.26673,60.0
2026-03-05 22:22:00+00:00,DMU50_001,9.361,2177.42275,60.0
2026-03-05 22:23:00+00:00,DMU50_001,9.301,2177.57777,60.0
2026-03-05 22:24:00+00:00,DMU50_001,9.195,2177.73102,60.0
2026-03-05 22:25:00+00:00,DMU50_001,9.27,2177.88552,60.0
2026-03-05 22:26:00+00:00,DMU50_001,3.783,2177.94857,60.0
2026-03-05 22:27:00+00:00,DMU50_001,4.518,2178.02387,60.0
2026-03-05 22:28:00+00:00,DMU50_001,4.159,2178.09319,60.0
2026-03-05 22:29:00+00:00,DMU50_001,15.623,2178.35357,60.0
2026-03-05 22:30:00+00:00,DMU50_001,13.983,2178.58662,60.0
2026-03-05 22:31:00+00:00,DMU50_001,15.128,2178.83875,60.0
2026-03-05 22:32:00+00:00,DMU50_001,14.718,2179.08405,60.0
2026-03-05 22:33:00+00:00,DMU50_001,15.286,2179.33882,60.0
2026-03-05 22:34:00+00:00,DMU50_001,15.159,2179.59147,60.0
2026-03-05 22:35:00+00:00,DMU50_001,15.183,2179.84452,60.0
2026-03-05 22:36:00+00:00,DMU50_001,8.576,2179.98745,60.0
2026-03-05 22:37:00+00:00,DMU50_001,8.977,2180.13707,60.0
2026-03-05 22:38:00+00:00,DMU50_001,8.928,2180.28587,60.0
2026-03-05 22:39:00+00:00,DMU50_001,9.198,2180.43917,60.0
2026-03-05 22:40:00+00:00,DMU50_001,9.396,2180.59577,60.0
2026-03-05 22:41:00+00:00,DMU50_001,4.23,2180.66627,60.0
2026-03-05 22:42:00+00:00,DMU50_001,3.945,2180.73202,60.0
2026-03-05 22:43:00+00:00,DMU50_001,9.043,2180.88274,60.0
2026-03-05 22:44:00+00:00,DMU50_001,10.044,2181.05014,60.0
2026-03-05 22:45:00+00:00,DMU50_001,9.658,2181.21111,60.0
2026-03-05 22:46:00+00:00,DMU50_001,7.81,2181.34128,60.0
2026-03-05 22:47:00+00:00,DMU50_001,9.025,2181.4917,60.0
2026-03-05 22:48:00+00:00,DMU50_001,9.373,2181.64792,60.0
2026-03-05 22:49:00+00:00,DMU50_001,8.927,2181.7967,60.0
2026-03-05 22:50:00+00:00,DMU50_001,8.816,2181.94363,60.0
2026-03-05 22:51:00+00:00,DMU50_001,7.92,2182.07563,60.0
2026-03-05 22:52:00+00:00,DMU50_001,8.166,2182.21173,60.0
2026-03-05 22:53:00+00:00,DMU50_001,14.426,2182.45216,60.0
2026-03-05 22:54:00+00:00,DMU50_001,15.594,2182.71206,60.0
2026-03-05 22:55:00+00:00,DMU50_001,14.972,2182.96159,60.0
2026-03-05 22:56:00+00:00,DMU50_001,14.532,2183.20379,60.0
2026-03-05 22:57:00+00:00,DMU50_001,15.562,2183.46316,60.0
2026-03-05 22:58:00+00:00,DMU50_001,14.227,2183.70028,60.0
2026-03-05 22:59:00+00:00,DMU50_001,14.722,2183.94565,60.0
2026-03-05 23:00:00+00:00,DMU50_001,14.714,2184.19088,60.0
2026-03-05 23:01:00+00:00,DMU50_001,16.072,2184.45875,60.0
2026-03-05 23:02:00+00:00,DMU50_001,8.726,2184.60418,60.0
2026-03-05 23:03:00+00:00,DMU50_001,8.138,2184.73981,60.0
2026-03-05 23:04:00+00:00,DMU50_001,8.767,2184.88593,60.0
2026-03-05 23:05:00+00:00,DMU50_001,9.182,2185.03896,60.0
2026-03-05 23:06:00+00:00,DMU50_001,9.314,2185.19419,60.0
2026-03-05 23:07:00+00:00,DMU50_001,4.655,2185.27177,60.0
2026-03-05 23:08:00+00:00,DMU50_001,4.481,2185.34645,60.0
2026-03-05 23:09:00+00:00,DMU50_001,4.238,2185.41708,60.0
2026-03-05 23:10:00+00:00,DMU50_001,4.022,2185.48411,60.0
2026-03-05 23:11:00+00:00,DMU50_001,9.65,2185.64494,60.0
2026-03-05 23:12:00+00:00,DMU50_001,8.853,2185.79249,60.0
2026-03-05 23:13:00+00:00,DMU50_001,8.737,2185.93811,60.0
2026-03-05 23:14:00+00:00,DMU50_001,8.833,2186.08533,60.0
2026-03-05 23:15:00+00:00,DMU50_001,8.499,2186.22698,60.0
2026-03-05 23:16:00+00:00,DMU50_001,8.814,2186.37388,60.0
2026-03-05 23:17:00+00:00,DMU50_001,8.907,2186.52233,60.0
2026-03-05 23:18:00+00:00,DMU50_001,9.292,2186.6772,60.0
2026-03-05 23:19:00+00:00,DMU50_001,3.422,2186.73423,60.0
2026-03-05 23:20:00+00:00,DMU50_001,3.247,2186.78835,60.0
2026-03-05 23:21:00+00:00,DMU50_001,3.179,2186.84133,60.0
2026-03-05 23:22:00+00:00,DMU50_001,9.084,2186.99273,60.0
2026-03-05 23:23:00+00:00,DMU50_001,9.029,2187.14321,60.0
2026-03-05 23:24:00+00:00,DMU50_001,8.778,2187.28951,60.0
2026-03-05 23:25:00+00:00,DMU50_001,8.813,2187.43639,60.0
2026-03-05 23:26:00+00:00,DMU50_001,9.155,2187.58897,60.0
2026-03-05 23:27:00+00:00,DMU50_001,9.556,2187.74824,60.0
2026-03-05 23:28:00+00:00,DMU50_001,4.044,2187.81564,60.0
2026-03-05 23:29:00+00:00,DMU50_001,4.218,2187.88594,60.0
2026-03-05 23:30:00+00:00,DMU50_001,9.383,2188.04232,60.0
2026-03-05 23:31:00+00:00,DMU50_001,8.69,2188.18715,60.0
2026-03-05 23:32:00+00:00,DMU50_001,8.994,2188.33705,60.0
2026-03-05 23:33:00+00:00,DMU50_001,8.985,2188.4868,60.0
2026-03-05 23:34:00+00:00,DMU50_001,8.475,2188.62805,60.0
2026-03-05 23:35:00+00:00,DMU50_001,9.067,2188.77917,60.0
2026-03-05 23:36:00+00:00,DMU50_001,9.013,2188.92939,60.0
2026-03-05 23:37:00+00:00,DMU50_001,9.222,2189.08309,60.0
2026-03-05 23:38:00+00:00,DMU50_001,8.525,2189.22517,60.0
2026-03-05 23:39:00+00:00,DMU50_001,8.003,2189.35855,60.0
2026-03-05 23:40:00+00:00,DMU50_001,8.415,2189.4988,60.0
2026-03-05 23:41:00+00:00,DMU50_001,16.039,2189.76612,60.0
2026-03-05 23:42:00+00:00,DMU50_001,15.64,2190.02679,60.0
2026-03-05 23:43:00+00:00,DMU50_001,14.411,2190.26697,60.0
2026-03-05 23:44:00+00:00,DMU50_001,15.226,2190.52074,60.0
2026-03-05 23:45:00+00:00,DMU50_001,14.758,2190.76671,60.0
2026-03-05 23:46:00+00:00,DMU50_001,15.142,2191.01908,60.0
2026-03-05 23:47:00+00:00,DMU50_001,14.614,2191.26265,60.0
2026-03-05 23:48:00+00:00,DMU50_001,8.315,2191.40123,60.0
2026-03-05 23:49:00+00:00,DMU50_001,8.862,2191.54893,60.0
2026-03-05 23:50:00+00:00,DMU50_001,9.289,2191.70375,60.0
2026-03-05 23:51:00+00:00,DMU50_001,9.115,2191.85567,60.0
2026-03-05 23:52:00+00:00,DMU50_001,9.161,2192.00835,60.0
2026-03-05 23:53:00+00:00,DMU50_001,9.087,2192.1598,60.0
2026-03-05 23:54:00+00:00,DMU50_001,4.281,2192.23115,60.0
2026-03-05 23:55:00+00:00,DMU50_001,4.306,2192.30292,60.0
2026-03-05 23:56:00+00:00,DMU50_001,4.145,2192.372,60.0
2026-03-05 23:57:00+00:00,DMU50_001,4.217,2192.44228,60.0
2026-03-05 23:58:00+00:00,DMU50_001,9.697,2192.6039,60.0
2026-03-05 23:59:00+00:00,DMU50_001,9.057,2192.75485,60.0
2026-03-06 00:00:00+00:00,DMU50_001,9.017,2192.90513,60.0
2026-03-06 00:01:00+00:00,DMU50_001,9.041,2193.05581,60.0
2026-03-06 00:02:00+00:00,DMU50_001,8.913,2193.20436,60.0
2026-03-06 00:03:00+00:00,DMU50_001,8.826,2193.35146,60.0
2026-03-06 00:04:00+00:00,DMU50_001,8.063,2193.48584,60.0
2026-03-06 00:05:00+00:00,DMU50_001,14.747,2193.73162,60.0
2026-03-06 00:06:00+00:00,DMU50_001,14.927,2193.9804,60.0
2026-03-06 00:07:00+00:00,DMU50_001,14.605,2194.22382,60.0
2026-03-06 00:08:00+00:00,DMU50_001,15.054,2194.47472,60.0
2026-03-06 00:09:00+00:00,DMU50_001,15.292,2194.72959,60.0
2026-03-06 00:10:00+00:00,DMU50_001,14.894,2194.97782,60.0
2026-03-06 00:11:00+00:00,DMU50_001,13.996,2195.21109,60.0
2026-03-06 00:12:00+00:00,DMU50_001,15.295,2195.46601,60.0
2026-03-06 00:13:00+00:00,DMU50_001,15.06,2195.71701,60.0
2026-03-06 00:14:00+00:00,DMU50_001,14.503,2195.95873,60.0
2026-03-06 00:15:00+00:00,DMU50_001,9.309,2196.11388,60.0
2026-03-06 00:16:00+00:00,DMU50_001,3.92,2196.17921,60.0
2026-03-06 00:17:00+00:00,DMU50_001,4.409,2196.25269,60.0
2026-03-06 00:18:00+00:00,DMU50_001,4.189,2196.32251,60.0
2026-03-06 00:19:00+00:00,DMU50_001,8.092,2196.45738,60.0
2026-03-06 00:20:00+00:00,DMU50_001,9.071,2196.60856,60.0
2026-03-06 00:21:00+00:00,DMU50_001,8.838,2196.75586,60.0
2026-03-06 00:22:00+00:00,DMU50_001,8.777,2196.90214,60.0
2026-03-06 00:23:00+00:00,DMU50_001,8.705,2197.04722,60.0
2026-03-06 00:24:00+00:00,DMU50_001,8.949,2197.19637,60.0
2026-03-06 00:25:00+00:00,DMU50_001,8.806,2197.34314,60.0
2026-03-06 00:26:00+00:00,DMU50_001,3.829,2197.40696,60.0
2026-03-06 00:27:00+00:00,DMU50_001,4.454,2197.48119,60.0
2026-03-06 00:28:00+00:00,DMU50_001,8.902,2197.62956,60.0
2026-03-06 00:29:00+00:00,DMU50_001,8.707,2197.77468,60.0
2026-03-06 00:30:00+00:00,DMU50_001,8.549,2197.91716,60.0
2026-03-06 00:31:00+00:00,DMU50_001,9.308,2198.07229,60.0
2026-03-06 00:32:00+00:00,DMU50_001,8.481,2198.21364,60.0
2026-03-06 00:33:00+00:00,DMU50_001,9.054,2198.36454,60.0
2026-03-06 00:34:00+00:00,DMU50_001,8.767,2198.51066,60.0
2026-03-06 00:35:00+00:00,DMU50_001,7.842,2198.64136,60.0
2026-03-06 00:36:00+00:00,DMU50_001,7.669,2198.76918,60.0
2026-03-06 00:37:00+00:00,DMU50_001,14.69,2199.01401,60.0
2026-03-06 00:38:00+00:00,DMU50_001,15.004,2199.26408,60.0
2026-03-06 00:39:00+00:00,DMU50_001,15.118,2199.51605,60.0
2026-03-06 00:40:00+00:00,DMU50_001,14.607,2199.7595,60.0
2026-03-06 00:41:00+00:00,DMU50_001,14.955,2200.00875,60.0
2026-03-06 00:42:00+00:00,DMU50_001,15.444,2200.26615,60.0
2026-03-06 00:43:00+00:00,DMU50_001,14.169,2200.5023,60.0
2026-03-06 00:44:00+00:00,DMU50_001,14.997,2200.75225,60.0
2026-03-06 00:45:00+00:00,DMU50_001,14.525,2200.99433,60.0
2026-03-06 00:46:00+00:00,DMU50_001,14.474,2201.23556,60.0
2026-03-06 00:47:00+00:00,DMU50_001,9.104,2201.38729,60.0
2026-03-06 00:48:00+00:00,DMU50_001,8.782,2201.53366,60.0
2026-03-06 00:49:00+00:00,DMU50_001,8.513,2201.67554,60.0
2026-03-06 00:50:00+00:00,DMU50_001,4.465,2201.74996,60.0
2026-03-06 00:51:00+00:00,DMU50_001,4.384,2201.82303,60.0
2026-03-06 00:52:00+00:00,DMU50_001,3.814,2201.8866,60.0
2026-03-06 00:53:00+00:00,DMU50_001,7.558,2202.01257,60.0
2026-03-06 00:54:00+00:00,DMU50_001,8.178,2202.14887,60.0
2026-03-06 00:55:00+00:00,DMU50_001,14.858,2202.3965,60.0
2026-03-06 00:56:00+00:00,DMU50_001,15.75,2202.659,60.0
2026-03-06 00:57:00+00:00,DMU50_001,15.308,2202.91413,60.0
2026-03-06 00:58:00+00:00,DMU50_001,15.15,2203.16663,60.0
2026-03-06 00:59:00+00:00,DMU50_001,14.489,2203.40811,60.0
2026-03-06 01:00:00+00:00,DMU50_001,15.246,2203.66221,60.0
2026-03-06 01:01:00+00:00,DMU50_001,14.362,2203.90158,60.0
2026-03-06 01:02:00+00:00,DMU50_001,15.653,2204.16246,60.0
2026-03-06 01:03:00+00:00,DMU50_001,9.169,2204.31528,60.0
2026-03-06 01:04:00+00:00,DMU50_001,3.335,2204.37086,60.0
2026-03-06 01:05:00+00:00,DMU50_001,3.661,2204.43188,60.0
2026-03-06 01:06:00+00:00,DMU50_001,3.948,2204.49768,60.0
2026-03-06 01:07:00+00:00,DMU50_001,3.456,2204.55528,60.0
2026-03-06 01:08:00+00:00,DMU50_001,15.275,2204.80986,60.0
2026-03-06 01:09:00+00:00,DMU50_001,14.784,2205.05626,60.0
2026-03-06 01:10:00+00:00,DMU50_001,15.043,2205.30698,60.0
2026-03-06 01:11:00+00:00,DMU50_001,14.246,2205.54441,60.0
2026-03-06 01:12:00+00:00,DMU50_001,15.0,2205.79441,60.0
2026-03-06 01:13:00+00:00,DMU50_001,15.022,2206.04478,60.0
2026-03-06 01:14:00+00:00,DMU50_001,15.899,2206.30976,60.0
2026-03-06 01:15:00+00:00,DMU50_001,14.102,2206.54479,60.0
2026-03-06 01:16:00+00:00,DMU50_001,14.86,2206.79246,60.0
2026-03-06 01:17:00+00:00,DMU50_001,15.644,2207.05319,60.0
2026-03-06 01:18:00+00:00,DMU50_001,8.903,2207.20157,60.0
2026-03-06 01:19:00+00:00,DMU50_001,3.466,2207.25934,60.0
2026-03-06 01:20:00+00:00,DMU50_001,3.333,2207.31489,60.0
2026-03-06 01:21:00+00:00,DMU50_001,3.313,2207.37011,60.0
2026-03-06 01:22:00+00:00,DMU50_001,8.27,2207.50794,60.0
2026-03-06 01:23:00+00:00,DMU50_001,8.748,2207.65374,60.0
2026-03-06 01:24:00+00:00,DMU50_001,8.604,2207.79714,60.0
2026-03-06 01:25:00+00:00,DMU50_001,9.047,2207.94792,60.0
2026-03-06 01:26:00+00:00,DMU50_001,8.685,2208.09267,60.0
2026-03-06 01:27:00+00:00,DMU50_001,8.808,2208.23947,60.0
2026-03-06 01:28:00+00:00,DMU50_001,4.11,2208.30797,60.0
2026-03-06 01:29:00+00:00,DMU50_001,4.19,2208.3778,60.0
2026-03-06 01:30:00+00:00,DMU50_001,4.094,2208.44603,60.0
2026-03-06 01:31:00+00:00,DMU50_001,3.988,2208.5125,60.0
2026-03-06 01:32:00+00:00,DMU50_001,3.517,2208.57112,60.0
2026-03-06 01:33:00+00:00,DMU50_001,3.713,2208.633,60.0
2026-03-06 01:34:00+00:00,DMU50_001,3.526,2208.69177,60.0
2026-03-06 01:35:00+00:00,DMU50_001,4.078,2208.75974,60.0
2026-03-06 01:36:00+00:00,DMU50_001,4.175,2208.82932,60.0
2026-03-06 01:37:00+00:00,DMU50_001,8.18,2208.96565,60.0
2026-03-06 01:38:00+00:00,DMU50_001,8.944,2209.11472,60.0
2026-03-06 01:39:00+00:00,DMU50_001,8.84,2209.26205,60.0
2026-03-06 01:40:00+00:00,DMU50_001,8.627,2209.40583,60.0
2026-03-06 01:41:00+00:00,DMU50_001,8.699,2209.55081,60.0
2026-03-06 01:42:00+00:00,DMU50_001,8.836,2209.69808,60.0
2026-03-06 01:43:00+00:00,DMU50_001,9.397,2209.8547,60.0
2026-03-06 01:44:00+00:00,DMU50_001,8.328,2209.9935,60.0
2026-03-06 01:45:00+00:00,DMU50_001,7.722,2210.1222,60.0
2026-03-06 01:46:00+00:00,DMU50_001,8.793,2210.26875,60.0
2026-03-06 01:47:00+00:00,DMU50_001,8.803,2210.41547,60.0
2026-03-06 01:48:00+00:00,DMU50_001,9.324,2210.57087,60.0
2026-03-06 01:49:00+00:00,DMU50_001,9.058,2210.72184,60.0
2026-03-06 01:50:00+00:00,DMU50_001,9.037,2210.87246,60.0
2026-03-06 01:51:00+00:00,DMU50_001,9.215,2211.02604,60.0
2026-03-06 01:52:00+00:00,DMU50_001,7.821,2211.15639,60.0
2026-03-06 01:53:00+00:00,DMU50_001,15.682,2211.41776,60.0
2026-03-06 01:54:00+00:00,DMU50_001,14.999,2211.66774,60.0
2026-03-06 01:55:00+00:00,DMU50_001,14.572,2211.91061,60.0
2026-03-06 01:56:00+00:00,DMU50_001,14.885,2212.15869,60.0
2026-03-06 01:57:00+00:00,DMU50_001,15.616,2212.41896,60.0
2026-03-06 01:58:00+00:00,DMU50_001,14.787,2212.66541,60.0
2026-03-06 01:59:00+00:00,DMU50_001,9.38,2212.82174,60.0
2026-03-06 02:00:00+00:00,DMU50_001,8.75,2212.96757,60.0
2026-03-06 02:01:00+00:00,DMU50_001,7.77,2213.09707,60.0
2026-03-06 02:02:00+00:00,DMU50_001,15.33,2213.35257,60.0
2026-03-06 02:03:00+00:00,DMU50_001,14.563,2213.59529,60.0
2026-03-06 02:04:00+00:00,DMU50_001,15.411,2213.85214,60.0
2026-03-06 02:05:00+00:00,DMU50_001,15.176,2214.10507,60.0
2026-03-06 02:06:00+00:00,DMU50_001,14.563,2214.34779,60.0
2026-03-06 02:07:00+00:00,DMU50_001,14.964,2214.59719,60.0
2026-03-06 02:08:00+00:00,DMU50_001,14.726,2214.84262,60.0
2026-03-06 02:09:00+00:00,DMU50_001,15.174,2215.09552,60.0
2026-03-06 02:10:00+00:00,DMU50_001,9.755,2215.2581,60.0
2026-03-06 02:11:00+00:00,DMU50_001,8.852,2215.40563,60.0
2026-03-06 02:12:00+00:00,DMU50_001,9.214,2215.5592,60.0
2026-03-06 02:13:00+00:00,DMU50_001,4.205,2215.62928,60.0
2026-03-06 02:14:00+00:00,DMU50_001,4.205,2215.69936,60.0
2026-03-06 02:15:00+00:00,DMU50_001,4.167,2215.76881,60.0
2026-03-06 02:16:00+00:00,DMU50_001,4.029,2215.83596,60.0
2026-03-06 02:17:00+00:00,DMU50_001,15.168,2216.08876,60.0
2026-03-06 02:18:00+00:00,DMU50_001,14.856,2216.33636,60.0
2026-03-06 02:19:00+00:00,DMU50_001,14.548,2216.57883,60.0
2026-03-06 02:20:00+00:00,DMU50_001,15.507,2216.83728,60.0
2026-03-06 02:21:00+00:00,DMU50_001,15.05,2217.08811,60.0
2026-03-06 02:22:00+00:00,DMU50_001,14.886,2217.33621,60.0
2026-03-06 02:23:00+00:00,DMU50_001,9.536,2217.49514,60.0
2026-03-06 02:24:00+00:00,DMU50_001,8.266,2217.63291,60.0
2026-03-06 02:25:00+00:00,DMU50_001,9.509,2217.79139,60.0
2026-03-06 02:26:00+00:00,DMU50_001,8.648,2217.93552,60.0
2026-03-06 02:27:00+00:00,DMU50_001,3.542,2217.99455,60.0
2026-03-06 02:28:00+00:00,DMU50_001,3.382,2218.05092,60.0
2026-03-06 02:29:00+00:00,DMU50_001,3.315,2218.10617,60.0
2026-03-06 02:30:00+00:00,DMU50_001,3.763,2218.16889,60.0
2026-03-06 02:31:00+00:00,DMU50_001,4.571,2218.24507,60.0
2026-03-06 02:32:00+00:00,DMU50_001,4.156,2218.31434,60.0
2026-03-06 02:33:00+00:00,DMU50_001,8.101,2218.44936,60.0
2026-03-06 02:34:00+00:00,DMU50_001,8.017,2218.58298,60.0
2026-03-06 02:35:00+00:00,DMU50_001,15.865,2218.8474,60.0
2026-03-06 02:36:00+00:00,DMU50_001,13.943,2219.07978,60.0
2026-03-06 02:37:00+00:00,DMU50_001,15.189,2219.33293,60.0
2026-03-06 02:38:00+00:00,DMU50_001,14.636,2219.57686,60.0
2026-03-06 02:39:00+00:00,DMU50_001,13.822,2219.80723,60.0
2026-03-06 02:40:00+00:00,DMU50_001,14.82,2220.05423,60.0
2026-03-06 02:41:00+00:00,DMU50_001,15.924,2220.31963,60.0
2026-03-06 02:42:00+00:00,DMU50_001,14.672,2220.56416,60.0
2026-03-06 02:43:00+00:00,DMU50_001,15.395,2220.82074,60.0
2026-03-06 02:44:00+00:00,DMU50_001,9.479,2220.97872,60.0
2026-03-06 02:45:00+00:00,DMU50_001,4.197,2221.04867,60.0
2026-03-06 02:46:00+00:00,DMU50_001,4.224,2221.11907,60.0
2026-03-06 02:47:00+00:00,DMU50_001,3.857,2221.18335,60.0
2026-03-06 02:48:00+00:00,DMU50_001,4.057,2221.25097,60.0
2026-03-06 02:49:00+00:00,DMU50_001,3.681,2221.31232,60.0
2026-03-06 02:50:00+00:00,DMU50_001,3.512,2221.37085,60.0
2026-03-06 02:51:00+00:00,DMU50_001,15.184,2221.62392,60.0
2026-03-06 02:52:00+00:00,DMU50_001,15.067,2221.87504,60.0
2026-03-06 02:53:00+00:00,DMU50_001,16.096,2222.14331,60.0
2026-03-06 02:54:00+00:00,DMU50_001,14.785,2222.38973,60.0
2026-03-06 02:55:00+00:00,DMU50_001,15.803,2222.65311,60.0
2026-03-06 02:56:00+00:00,DMU50_001,15.067,2222.90423,60.0
2026-03-06 02:57:00+00:00,DMU50_001,15.847,2223.16835,60.0
2026-03-06 02:58:00+00:00,DMU50_001,8.51,2223.31018,60.0
2026-03-06 02:59:00+00:00,DMU50_001,9.074,2223.46141,60.0
2026-03-06 03:00:00+00:00,DMU50_001,8.843,2223.60879,60.0
2026-03-06 03:01:00+00:00,DMU50_001,8.042,2223.74282,60.0
2026-03-06 03:02:00+00:00,DMU50_001,8.367,2223.88227,60.0
2026-03-06 03:03:00+00:00,DMU50_001,9.152,2224.0348,60.0
2026-03-06 03:04:00+00:00,DMU50_001,9.488,2224.19293,60.0
2026-03-06 03:05:00+00:00,DMU50_001,8.732,2224.33846,60.0
2026-03-06 03:06:00+00:00,DMU50_001,8.671,2224.48298,60.0
2026-03-06 03:07:00+00:00,DMU50_001,9.006,2224.63308,60.0
2026-03-06 03:08:00+00:00,DMU50_001,8.985,2224.78283,60.0
2026-03-06 03:09:00+00:00,DMU50_001,8.926,2224.9316,60.0
2026-03-06 03:10:00+00:00,DMU50_001,4.008,2224.9984,60.0
2026-03-06 03:11:00+00:00,DMU50_001,4.44,2225.0724,60.0
2026-03-06 03:12:00+00:00,DMU50_001,14.819,2225.31938,60.0
2026-03-06 03:13:00+00:00,DMU50_001,15.713,2225.58126,60.0
2026-03-06 03:14:00+00:00,DMU50_001,15.006,2225.83136,60.0
2026-03-06 03:15:00+00:00,DMU50_001,15.324,2226.08676,60.0
2026-03-06 03:16:00+00:00,DMU50_001,15.279,2226.34141,60.0
2026-03-06 03:17:00+00:00,DMU50_001,14.588,2226.58454,60.0
2026-03-06 03:18:00+00:00,DMU50_001,15.184,2226.83761,60.0
2026-03-06 03:19:00+00:00,DMU50_001,15.964,2227.10368,60.0
2026-03-06 03:20:00+00:00,DMU50_001,15.126,2227.35578,60.0
2026-03-06 03:21:00+00:00,DMU50_001,15.451,2227.6133,60.0
2026-03-06 03:22:00+00:00,DMU50_001,9.277,2227.76792,60.0
2026-03-06 03:23:00+00:00,DMU50_001,9.123,2227.91997,60.0
2026-03-06 03:24:00+00:00,DMU50_001,3.537,2227.97892,60.0
2026-03-06 03:25:00+00:00,DMU50_001,3.609,2228.03907,60.0
2026-03-06 03:26:00+00:00,DMU50_001,3.653,2228.09995,60.0
2026-03-06 03:27:00+00:00,DMU50_001,3.23,2228.15378,60.0
2026-03-06 03:28:00+00:00,DMU50_001,3.549,2228.21293,60.0
2026-03-06 03:29:00+00:00,DMU50_001,7.945,2228.34535,60.0
2026-03-06 03:30:00+00:00,DMU50_001,14.804,2228.59208,60.0
2026-03-06 03:31:00+00:00,DMU50_001,15.648,2228.85288,60.0
2026-03-06 03:32:00+00:00,DMU50_001,14.633,2229.09676,60.0
2026-03-06 03:33:00+00:00,DMU50_001,14.303,2229.33514,60.0
2026-03-06 03:34:00+00:00,DMU50_001,15.398,2229.59177,60.0
2026-03-06 03:35:00+00:00,DMU50_001,14.29,2229.82994,60.0
2026-03-06 03:36:00+00:00,DMU50_001,14.036,2230.06387,60.0
2026-03-06 03:37:00+00:00,DMU50_001,15.454,2230.32144,60.0
2026-03-06 03:38:00+00:00,DMU50_001,15.079,2230.57276,60.0
2026-03-06 03:39:00+00:00,DMU50_001,9.189,2230.72591,60.0
2026-03-06 03:40:00+00:00,DMU50_001,8.823,2230.87296,60.0
2026-03-06 03:41:00+00:00,DMU50_001,8.446,2231.01373,60.0
2026-03-06 03:42:00+00:00,DMU50_001,8.526,2231.15583,60.0
2026-03-06 03:43:00+00:00,DMU50_001,3.446,2231.21326,60.0
2026-03-06 03:44:00+00:00,DMU50_001,3.246,2231.26736,60.0
2026-03-06 03:45:00+00:00,DMU50_001,3.561,2231.32671,60.0
2026-03-06 03:46:00+00:00,DMU50_001,3.408,2231.38351,60.0
2026-03-06 03:47:00+00:00,DMU50_001,3.537,2231.44246,60.0
2026-03-06 03:48:00+00:00,DMU50_001,8.047,2231.57658,60.0
2026-03-06 03:49:00+00:00,DMU50_001,15.193,2231.8298,60.0
2026-03-06 03:50:00+00:00,DMU50_001,15.25,2232.08397,60.0
2026-03-06 03:51:00+00:00,DMU50_001,14.828,2232.3311,60.0
2026-03-06 03:52:00+00:00,DMU50_001,15.092,2232.58263,60.0
2026-03-06 03:53:00+00:00,DMU50_001,15.118,2232.8346,60.0
2026-03-06 03:54:00+00:00,DMU50_001,13.786,2233.06437,60.0
2026-03-06 03:55:00+00:00,DMU50_001,15.323,2233.31975,60.0
2026-03-06 03:56:00+00:00,DMU50_001,15.075,2233.571,60.0
2026-03-06 03:57:00+00:00,DMU50_001,15.282,2233.8257,60.0
2026-03-06 03:58:00+00:00,DMU50_001,14.357,2234.06498,60.0
2026-03-06 03:59:00+00:00,DMU50_001,4.137,2234.13393,60.0
2026-03-06 04:00:00+00:00,DMU50_001,3.982,2234.2003,60.0
2026-03-06 04:01:00+00:00,DMU50_001,4.349,2234.27278,60.0
2026-03-06 04:02:00+00:00,DMU50_001,14.297,2234.51106,60.0
2026-03-06 04:03:00+00:00,DMU50_001,14.536,2234.75333,60.0
2026-03-06 04:04:00+00:00,DMU50_001,15.267,2235.00778,60.0
2026-03-06 04:05:00+00:00,DMU50_001,14.685,2235.25253,60.0
2026-03-06 04:06:00+00:00,DMU50_001,14.536,2235.4948,60.0
2026-03-06 04:07:00+00:00,DMU50_001,15.453,2235.75235,60.0
2026-03-06 04:08:00+00:00,DMU50_001,15.474,2236.01025,60.0
2026-03-06 04:09:00+00:00,DMU50_001,15.361,2236.26627,60.0
2026-03-06 04:10:00+00:00,DMU50_001,9.339,2236.42192,60.0
2026-03-06 04:11:00+00:00,DMU50_001,8.907,2236.57037,60.0
2026-03-06 04:12:00+00:00,DMU50_001,8.918,2236.719,60.0
2026-03-06 04:13:00+00:00,DMU50_001,8.741,2236.86468,60.0
2026-03-06 04:14:00+00:00,DMU50_001,4.234,2236.93525,60.0
2026-03-06 04:15:00+00:00,DMU50_001,4.094,2237.00348,60.0
2026-03-06 04:16:00+00:00,DMU50_001,4.113,2237.07203,60.0
2026-03-06 04:17:00+00:00,DMU50_001,4.32,2237.14403,60.0
2026-03-06 04:18:00+00:00,DMU50_001,8.355,2237.28328,60.0
2026-03-06 04:19:00+00:00,DMU50_001,8.119,2237.4186,60.0
2026-03-06 04:20:00+00:00,DMU50_001,15.897,2237.68355,60.0
2026-03-06 04:21:00+00:00,DMU50_001,14.647,2237.92767,60.0
2026-03-06 04:22:00+00:00,DMU50_001,14.081,2238.16235,60.0
2026-03-06 04:23:00+00:00,DMU50_001,15.357,2238.4183,60.0
2026-03-06 04:24:00+00:00,DMU50_001,14.614,2238.66187,60.0
2026-03-06 04:25:00+00:00,DMU50_001,14.863,2238.90959,60.0
2026-03-06 04:26:00+00:00,DMU50_001,14.115,2239.14484,60.0
2026-03-06 04:27:00+00:00,DMU50_001,14.55,2239.38734,60.0
2026-03-06 04:28:00+00:00,DMU50_001,14.249,2239.62482,60.0
2026-03-06 04:29:00+00:00,DMU50_001,8.826,2239.77192,60.0
2026-03-06 04:30:00+00:00,DMU50_001,4.121,2239.8406,60.0
2026-03-06 04:31:00+00:00,DMU50_001,4.218,2239.9109,60.0
2026-03-06 04:32:00+00:00,DMU50_001,4.448,2239.98503,60.0
2026-03-06 04:33:00+00:00,DMU50_001,15.338,2240.24066,60.0
2026-03-06 04:34:00+00:00,DMU50_001,14.189,2240.47714,60.0
2026-03-06 04:35:00+00:00,DMU50_001,15.304,2240.73221,60.0
2026-03-06 04:36:00+00:00,DMU50_001,15.056,2240.98314,60.0
2026-03-06 04:37:00+00:00,DMU50_001,14.951,2241.23232,60.0
2026-03-06 04:38:00+00:00,DMU50_001,14.989,2241.48214,60.0
2026-03-06 04:39:00+00:00,DMU50_001,15.102,2241.73384,60.0
2026-03-06 04:40:00+00:00,DMU50_001,14.654,2241.97807,60.0
2026-03-06 04:41:00+00:00,DMU50_001,14.909,2242.22655,60.0
2026-03-06 04:42:00+00:00,DMU50_001,9.474,2242.38445,60.0
2026-03-06 04:43:00+00:00,DMU50_001,4.059,2242.4521,60.0
2026-03-06 04:44:00+00:00,DMU50_001,3.994,2242.51867,60.0
2026-03-06 04:45:00+00:00,DMU50_001,4.188,2242.58847,60.0
2026-03-06 04:46:00+00:00,DMU50_001,14.435,2242.82905,60.0
2026-03-06 04:47:00+00:00,DMU50_001,14.139,2243.0647,60.0
2026-03-06 04:48:00+00:00,DMU50_001,14.828,2243.31183,60.0
2026-03-06 04:49:00+00:00,DMU50_001,15.724,2243.5739,60.0
2026-03-06 04:50:00+00:00,DMU50_001,14.981,2243.82358,60.0
2026-03-06 04:51:00+00:00,DMU50_001,15.089,2244.07506,60.0
2026-03-06 04:52:00+00:00,DMU50_001,13.935,2244.30731,60.0
2026-03-06 04:53:00+00:00,DMU50_001,15.219,2244.56096,60.0
2026-03-06 04:54:00+00:00,DMU50_001,15.047,2244.81174,60.0
2026-03-06 04:55:00+00:00,DMU50_001,14.668,2245.05621,60.0
2026-03-06 04:56:00+00:00,DMU50_001,9.072,2245.20741,60.0
2026-03-06 04:57:00+00:00,DMU50_001,4.234,2245.27798,60.0
2026-03-06 04:58:00+00:00,DMU50_001,3.988,2245.34445,60.0
2026-03-06 04:59:00+00:00,DMU50_001,4.266,2245.41555,60.0
2026-03-06 05:00:00+00:00,DMU50_001,15.599,2245.67553,60.0
2026-03-06 05:01:00+00:00,DMU50_001,14.886,2245.92363,60.0
2026-03-06 05:02:00+00:00,DMU50_001,14.566,2246.1664,60.0
2026-03-06 05:03:00+00:00,DMU50_001,14.911,2246.41492,60.0
2026-03-06 05:04:00+00:00,DMU50_001,15.427,2246.67204,60.0
2026-03-06 05:05:00+00:00,DMU50_001,14.387,2246.91182,60.0
2026-03-06 05:06:00+00:00,DMU50_001,15.289,2247.16664,60.0
2026-03-06 05:07:00+00:00,DMU50_001,14.661,2247.41099,60.0
2026-03-06 05:08:00+00:00,DMU50_001,9.097,2247.56261,60.0
2026-03-06 05:09:00+00:00,DMU50_001,8.774,2247.70884,60.0
2026-03-06 05:10:00+00:00,DMU50_001,3.387,2247.76529,60.0
2026-03-06 05:11:00+00:00,DMU50_001,3.805,2247.82871,60.0
2026-03-06 05:12:00+00:00,DMU50_001,3.218,2247.88234,60.0
2026-03-06 05:13:00+00:00,DMU50_001,3.597,2247.94229,60.0
2026-03-06 05:14:00+00:00,DMU50_001,3.846,2248.00639,60.0
2026-03-06 05:15:00+00:00,DMU50_001,8.206,2248.14316,60.0
2026-03-06 05:16:00+00:00,DMU50_001,7.601,2248.26984,60.0
2026-03-06 05:17:00+00:00,DMU50_001,14.359,2248.50916,60.0
2026-03-06 05:18:00+00:00,DMU50_001,14.624,2248.75289,60.0
2026-03-06 05:19:00+00:00,DMU50_001,15.079,2249.00421,60.0
2026-03-06 05:20:00+00:00,DMU50_001,15.113,2249.25609,60.0
2026-03-06 05:21:00+00:00,DMU50_001,14.364,2249.49549,60.0
2026-03-06 05:22:00+00:00,DMU50_001,14.564,2249.73822,60.0
2026-03-06 05:23:00+00:00,DMU50_001,14.594,2249.98145,60.0
2026-03-06 05:24:00+00:00,DMU50_001,14.91,2250.22995,60.0
2026-03-06 05:25:00+00:00,DMU50_001,15.992,2250.49648,60.0
2026-03-06 05:26:00+00:00,DMU50_001,3.313,2250.5517,60.0
2026-03-06 05:27:00+00:00,DMU50_001,3.305,2250.60678,60.0
2026-03-06 05:28:00+00:00,DMU50_001,7.66,2250.73445,60.0
2026-03-06 05:29:00+00:00,DMU50_001,9.254,2250.88868,60.0
2026-03-06 05:30:00+00:00,DMU50_001,8.983,2251.0384,60.0
2026-03-06 05:31:00+00:00,DMU50_001,8.642,2251.18243,60.0
2026-03-06 05:32:00+00:00,DMU50_001,8.855,2251.33001,60.0
2026-03-06 05:33:00+00:00,DMU50_001,8.683,2251.47473,60.0
2026-03-06 05:34:00+00:00,DMU50_001,9.118,2251.6267,60.0
2026-03-06 05:35:00+00:00,DMU50_001,10.074,2251.7946,60.0
2026-03-06 05:36:00+00:00,DMU50_001,9.22,2251.94827,60.0
2026-03-06 05:37:00+00:00,DMU50_001,8.963,2252.09765,60.0
2026-03-06 05:38:00+00:00,DMU50_001,8.734,2252.24322,60.0
2026-03-06 05:39:00+00:00,DMU50_001,8.463,2252.38427,60.0
2026-03-06 05:40:00+00:00,DMU50_001,9.293,2252.53915,60.0
2026-03-06 05:41:00+00:00,DMU50_001,3.636,2252.59975,60.0
2026-03-06 05:42:00+00:00,DMU50_001,3.407,2252.65653,60.0
2026-03-06 05:43:00+00:00,DMU50_001,3.743,2252.71891,60.0
2026-03-06 05:44:00+00:00,DMU50_001,9.008,2252.86904,60.0
2026-03-06 05:45:00+00:00,DMU50_001,9.31,2253.02421,60.0
2026-03-06 05:46:00+00:00,DMU50_001,9.118,2253.17618,60.0
2026-03-06 05:47:00+00:00,DMU50_001,8.929,2253.325,60.0
2026-03-06 05:48:00+00:00,DMU50_001,8.618,2253.46863,60.0
2026-03-06 05:49:00+00:00,DMU50_001,8.942,2253.61766,60.0
2026-03-06 05:50:00+00:00,DMU50_001,3.668,2253.67879,60.0
2026-03-06 05:51:00+00:00,DMU50_001,3.398,2253.73542,60.0
2026-03-06 05:52:00+00:00,DMU50_001,3.588,2253.79522,60.0
2026-03-06 05:53:00+00:00,DMU50_001,3.283,2253.84994,60.0
2026-03-06 05:54:00+00:00,DMU50_001,8.234,2253.98717,60.0
2026-03-06 05:55:00+00:00,DMU50_001,8.094,2254.12207,60.0
2026-03-06 05:56:00+00:00,DMU50_001,3.26,2254.1764,60.0
2026-03-06 05:57:00+00:00,DMU50_001,3.455,2254.23398,60.0
2026-03-06 05:58:00+00:00,DMU50_001,3.686,2254.29541,60.0
2026-03-06 05:59:00+00:00,DMU50_001,3.248,2254.34954,60.0
2026-03-06 06:00:00+00:00,DMU50_001,14.465,2254.59062,60.0
2026-03-06 06:01:00+00:00,DMU50_001,14.965,2254.84004,60.0
2026-03-06 06:02:00+00:00,DMU50_001,16.067,2255.10782,60.0
2026-03-06 06:03:00+00:00,DMU50_001,14.664,2255.35222,60.0
2026-03-06 06:04:00+00:00,DMU50_001,15.248,2255.60635,60.0
2026-03-06 06:05:00+00:00,DMU50_001,15.13,2255.85852,60.0
2026-03-06 06:06:00+00:00,DMU50_001,7.823,2255.9889,60.0
2026-03-06 06:07:00+00:00,DMU50_001,8.048,2256.12303,60.0
2026-03-06 06:08:00+00:00,DMU50_001,14.776,2256.3693,60.0
2026-03-06 06:09:00+00:00,DMU50_001,14.821,2256.61632,60.0
2026-03-06 06:10:00+00:00,DMU50_001,14.169,2256.85247,60.0
2026-03-06 06:11:00+00:00,DMU50_001,14.988,2257.10227,60.0
2026-03-06 06:12:00+00:00,DMU50_001,15.45,2257.35977,60.0
2026-03-06 06:13:00+00:00,DMU50_001,15.029,2257.61025,60.0
2026-03-06 06:14:00+00:00,DMU50_001,15.545,2257.86933,60.0
2026-03-06 06:15:00+00:00,DMU50_001,15.29,2258.12416,60.0
2026-03-06 06:16:00+00:00,DMU50_001,8.976,2258.27376,60.0
2026-03-06 06:17:00+00:00,DMU50_001,3.374,2258.32999,60.0
2026-03-06 06:18:00+00:00,DMU50_001,3.403,2258.38671,60.0
2026-03-06 06:19:00+00:00,DMU50_001,3.206,2258.44014,60.0
2026-03-06 06:20:00+00:00,DMU50_001,14.866,2258.68791,60.0
2026-03-06 06:21:00+00:00,DMU50_001,15.073,2258.93913,60.0
2026-03-06 06:22:00+00:00,DMU50_001,15.858,2259.20343,60.0
2026-03-06 06:23:00+00:00,DMU50_001,15.264,2259.45783,60.0
2026-03-06 06:24:00+00:00,DMU50_001,14.568,2259.70063,60.0
2026-03-06 06:25:00+00:00,DMU50_001,14.28,2259.93863,60.0
2026-03-06 06:26:00+00:00,DMU50_001,8.917,2260.08725,60.0
2026-03-06 06:27:00+00:00,DMU50_001,8.244,2260.22465,60.0
2026-03-06 06:28:00+00:00,DMU50_001,14.89,2260.47282,60.0
2026-03-06 06:29:00+00:00,DMU50_001,15.271,2260.72734,60.0
2026-03-06 06:30:00+00:00,DMU50_001,14.909,2260.97582,60.0
2026-03-06 06:31:00+00:00,DMU50_001,15.359,2261.2318,60.0
2026-03-06 06:32:00+00:00,DMU50_001,14.201,2261.46848,60.0
2026-03-06 06:33:00+00:00,DMU50_001,15.802,2261.73185,60.0
2026-03-06 06:34:00+00:00,DMU50_001,14.444,2261.97258,60.0
2026-03-06 06:35:00+00:00,DMU50_001,15.397,2262.2292,60.0
2026-03-06 06:36:00+00:00,DMU50_001,8.891,2262.37738,60.0
2026-03-06 06:37:00+00:00,DMU50_001,8.954,2262.52661,60.0
2026-03-06 06:38:00+00:00,DMU50_001,8.904,2262.67501,60.0
2026-03-06 06:39:00+00:00,DMU50_001,9.102,2262.82671,60.0
2026-03-06 06:40:00+00:00,DMU50_001,9.183,2262.97976,60.0
2026-03-06 06:41:00+00:00,DMU50_001,9.423,2263.13681,60.0
2026-03-06 06:42:00+00:00,DMU50_001,3.782,2263.19984,60.0
2026-03-06 06:43:00+00:00,DMU50_001,3.566,2263.25927,60.0
2026-03-06 06:44:00+00:00,DMU50_001,3.843,2263.32332,60.0
2026-03-06 06:45:00+00:00,DMU50_001,8.028,2263.45712,60.0
2026-03-06 06:46:00+00:00,DMU50_001,8.323,2263.59584,60.0
2026-03-06 06:47:00+00:00,DMU50_001,15.214,2263.84941,60.0
2026-03-06 06:48:00+00:00,DMU50_001,14.725,2264.09483,60.0
2026-03-06 06:49:00+00:00,DMU50_001,15.091,2264.34635,60.0
2026-03-06 06:50:00+00:00,DMU50_001,15.252,2264.60055,60.0
2026-03-06 06:51:00+00:00,DMU50_001,14.984,2264.85028,60.0
2026-03-06 06:52:00+00:00,DMU50_001,15.206,2265.10371,60.0
2026-03-06 06:53:00+00:00,DMU50_001,9.346,2265.25948,60.0
2026-03-06 06:54:00+00:00,DMU50_001,8.991,2265.40933,60.0
2026-03-06 06:55:00+00:00,DMU50_001,7.822,2265.5397,60.0
2026-03-06 06:56:00+00:00,DMU50_001,9.671,2265.70088,60.0
2026-03-06 06:57:00+00:00,DMU50_001,7.911,2265.83273,60.0
2026-03-06 06:58:00+00:00,DMU50_001,7.753,2265.96195,60.0
2026-03-06 06:59:00+00:00,DMU50_001,8.55,2266.10445,60.0
2026-03-06 07:00:00+00:00,DMU50_001,8.865,2266.2522,60.0
2026-03-06 07:01:00+00:00,DMU50_001,8.775,2266.39845,60.0
2026-03-06 07:02:00+00:00,DMU50_001,8.705,2266.54353,60.0
2026-03-06 07:03:00+00:00,DMU50_001,8.727,2266.68898,60.0
2026-03-06 07:04:00+00:00,DMU50_001,9.212,2266.84251,60.0
2026-03-06 07:05:00+00:00,DMU50_001,9.812,2267.00604,60.0
2026-03-06 07:06:00+00:00,DMU50_001,9.328,2267.16151,60.0
2026-03-06 07:07:00+00:00,DMU50_001,4.425,2267.23526,60.0
2026-03-06 07:08:00+00:00,DMU50_001,4.125,2267.30401,60.0
2026-03-06 07:09:00+00:00,DMU50_001,9.042,2267.45471,60.0
2026-03-06 07:10:00+00:00,DMU50_001,9.171,2267.60756,60.0
2026-03-06 07:11:00+00:00,DMU50_001,8.736,2267.75316,60.0
2026-03-06 07:12:00+00:00,DMU50_001,8.83,2267.90033,60.0
2026-03-06 07:13:00+00:00,DMU50_001,9.342,2268.05603,60.0
2026-03-06 07:14:00+00:00,DMU50_001,9.436,2268.2133,60.0
2026-03-06 07:15:00+00:00,DMU50_001,9.027,2268.36375,60.0
2026-03-06 07:16:00+00:00,DMU50_001,8.522,2268.50578,60.0
2026-03-06 07:17:00+00:00,DMU50_001,3.441,2268.56313,60.0
2026-03-06 07:18:00+00:00,DMU50_001,3.212,2268.61666,60.0
2026-03-06 07:19:00+00:00,DMU50_001,3.515,2268.67524,60.0
2026-03-06 07:20:00+00:00,DMU50_001,3.551,2268.73442,60.0
2026-03-06 07:21:00+00:00,DMU50_001,14.865,2268.98217,60.0
2026-03-06 07:22:00+00:00,DMU50_001,15.121,2269.23419,60.0
2026-03-06 07:23:00+00:00,DMU50_001,15.208,2269.48766,60.0
2026-03-06 07:24:00+00:00,DMU50_001,15.128,2269.73979,60.0
2026-03-06 07:25:00+00:00,DMU50_001,14.399,2269.97977,60.0
2026-03-06 07:26:00+00:00,DMU50_001,14.873,2270.22765,60.0
2026-03-06 07:27:00+00:00,DMU50_001,15.205,2270.48107,60.0
2026-03-06 07:28:00+00:00,DMU50_001,9.631,2270.64159,60.0
2026-03-06 07:29:00+00:00,DMU50_001,8.891,2270.78977,60.0
2026-03-06 07:30:00+00:00,DMU50_001,9.22,2270.94344,60.0
2026-03-06 07:31:00+00:00,DMU50_001,9.351,2271.09929,60.0
2026-03-06 07:32:00+00:00,DMU50_001,8.921,2271.24797,60.0
2026-03-06 07:33:00+00:00,DMU50_001,9.459,2271.40562,60.0
2026-03-06 07:34:00+00:00,DMU50_001,8.361,2271.54497,60.0
2026-03-06 07:35:00+00:00,DMU50_001,9.552,2271.70417,60.0
2026-03-06 07:36:00+00:00,DMU50_001,9.183,2271.85722,60.0
2026-03-06 07:37:00+00:00,DMU50_001,9.944,2272.02295,60.0
2026-03-06 07:38:00+00:00,DMU50_001,8.754,2272.16885,60.0
2026-03-06 07:39:00+00:00,DMU50_001,9.85,2272.33302,60.0
2026-03-06 07:40:00+00:00,DMU50_001,9.307,2272.48814,60.0
2026-03-06 07:41:00+00:00,DMU50_001,9.536,2272.64707,60.0
2026-03-06 07:42:00+00:00,DMU50_001,7.904,2272.7788,60.0
2026-03-06 07:43:00+00:00,DMU50_001,8.253,2272.91635,60.0
2026-03-06 07:44:00+00:00,DMU50_001,15.713,2273.17823,60.0
2026-03-06 07:45:00+00:00,DMU50_001,14.456,2273.41916,60.0
2026-03-06 07:46:00+00:00,DMU50_001,14.918,2273.66779,60.0
2026-03-06 07:47:00+00:00,DMU50_001,13.929,2273.89994,60.0
2026-03-06 07:48:00+00:00,DMU50_001,14.911,2274.14846,60.0
2026-03-06 07:49:00+00:00,DMU50_001,14.592,2274.39166,60.0
2026-03-06 07:50:00+00:00,DMU50_001,14.891,2274.63984,60.0
2026-03-06 07:51:00+00:00,DMU50_001,16.462,2274.91421,60.0
2026-03-06 07:52:00+00:00,DMU50_001,15.859,2275.17853,60.0
2026-03-06 07:53:00+00:00,DMU50_001,14.28,2275.41653,60.0
2026-03-06 07:54:00+00:00,DMU50_001,8.167,2275.55265,60.0
2026-03-06 07:55:00+00:00,DMU50_001,15.399,2275.8093,60.0
2026-03-06 07:56:00+00:00,DMU50_001,14.831,2276.05648,60.0
2026-03-06 07:57:00+00:00,DMU50_001,15.089,2276.30796,60.0
2026-03-06 07:58:00+00:00,DMU50_001,15.138,2276.56026,60.0
2026-03-06 07:59:00+00:00,DMU50_001,14.327,2276.79904,60.0
2026-03-06 08:00:00+00:00,DMU50_001,14.484,2277.04044,60.0
2026-03-06 08:01:00+00:00,DMU50_001,15.086,2277.29187,60.0
2026-03-06 08:02:00+00:00,DMU50_001,15.05,2277.5427,60.0
2026-03-06 08:03:00+00:00,DMU50_001,8.717,2277.68798,60.0
2026-03-06 08:04:00+00:00,DMU50_001,8.682,2277.83268,60.0
2026-03-06 08:05:00+00:00,DMU50_001,8.964,2277.98208,60.0
2026-03-06 08:06:00+00:00,DMU50_001,4.377,2278.05503,60.0
2026-03-06 08:07:00+00:00,DMU50_001,4.185,2278.12478,60.0
2026-03-06 08:08:00+00:00,DMU50_001,8.487,2278.26623,60.0
2026-03-06 08:09:00+00:00,DMU50_001,7.791,2278.39608,60.0
2026-03-06 08:10:00+00:00,DMU50_001,15.097,2278.6477,60.0
2026-03-06 08:11:00+00:00,DMU50_001,14.823,2278.89475,60.0
2026-03-06 08:12:00+00:00,DMU50_001,15.294,2279.14965,60.0
2026-03-06 08:13:00+00:00,DMU50_001,14.609,2279.39313,60.0
2026-03-06 08:14:00+00:00,DMU50_001,15.964,2279.6592,60.0
2026-03-06 08:15:00+00:00,DMU50_001,14.155,2279.89512,60.0
2026-03-06 08:16:00+00:00,DMU50_001,15.858,2280.15942,60.0
2026-03-06 08:17:00+00:00,DMU50_001,15.045,2280.41017,60.0
2026-03-06 08:18:00+00:00,DMU50_001,15.276,2280.66477,60.0
2026-03-06 08:19:00+00:00,DMU50_001,9.534,2280.82367,60.0
2026-03-06 08:20:00+00:00,DMU50_001,3.672,2280.88487,60.0
2026-03-06 08:21:00+00:00,DMU50_001,3.354,2280.94077,60.0
2026-03-06 08:22:00+00:00,DMU50_001,3.62,2281.0011,60.0
2026-03-06 08:23:00+00:00,DMU50_001,3.873,2281.06565,60.0
2026-03-06 08:24:00+00:00,DMU50_001,3.323,2281.12103,60.0
2026-03-06 08:25:00+00:00,DMU50_001,4.624,2281.1981,60.0
2026-03-06 08:26:00+00:00,DMU50_001,4.277,2281.26938,60.0
2026-03-06 08:27:00+00:00,DMU50_001,14.783,2281.51576,60.0
2026-03-06 08:28:00+00:00,DMU50_001,14.553,2281.75831,60.0
2026-03-06 08:29:00+00:00,DMU50_001,14.888,2282.00644,60.0
2026-03-06 08:30:00+00:00,DMU50_001,14.022,2282.24014,60.0
2026-03-06 08:31:00+00:00,DMU50_001,14.792,2282.48667,60.0
2026-03-06 08:32:00+00:00,DMU50_001,14.869,2282.73449,60.0
2026-03-06 08:33:00+00:00,DMU50_001,14.463,2282.97554,60.0
2026-03-06 08:34:00+00:00,DMU50_001,15.374,2283.23177,60.0
2026-03-06 08:35:00+00:00,DMU50_001,8.912,2283.3803,60.0
2026-03-06 08:36:00+00:00,DMU50_001,8.746,2283.52607,60.0
2026-03-06 08:37:00+00:00,DMU50_001,8.87,2283.6739,60.0
2026-03-06 08:38:00+00:00,DMU50_001,4.271,2283.74508,60.0
2026-03-06 08:39:00+00:00,DMU50_001,4.215,2283.81533,60.0
2026-03-06 08:40:00+00:00,DMU50_001,3.36,2283.87133,60.0
2026-03-06 08:41:00+00:00,DMU50_001,3.525,2283.93008,60.0
2026-03-06 08:42:00+00:00,DMU50_001,3.49,2283.98825,60.0
2026-03-06 08:43:00+00:00,DMU50_001,3.272,2284.04278,60.0
2026-03-06 08:44:00+00:00,DMU50_001,14.856,2284.29038,60.0
2026-03-06 08:45:00+00:00,DMU50_001,15.29,2284.54521,60.0
2026-03-06 08:46:00+00:00,DMU50_001,15.286,2284.79998,60.0
2026-03-06 08:47:00+00:00,DMU50_001,14.885,2285.04806,60.0
2026-03-06 08:48:00+00:00,DMU50_001,15.338,2285.30369,60.0
2026-03-06 08:49:00+00:00,DMU50_001,14.51,2285.54552,60.0
2026-03-06 08:50:00+00:00,DMU50_001,14.526,2285.78762,60.0
2026-03-06 08:51:00+00:00,DMU50_001,14.874,2286.03552,60.0
2026-03-06 08:52:00+00:00,DMU50_001,15.749,2286.298,60.0
2026-03-06 08:53:00+00:00,DMU50_001,15.082,2286.54937,60.0
2026-03-06 08:54:00+00:00,DMU50_001,8.89,2286.69754,60.0
2026-03-06 08:55:00+00:00,DMU50_001,9.618,2286.85784,60.0
2026-03-06 08:56:00+00:00,DMU50_001,8.885,2287.00592,60.0
2026-03-06 08:57:00+00:00,DMU50_001,4.647,2287.08337,60.0
2026-03-06 08:58:00+00:00,DMU50_001,4.098,2287.15167,60.0
2026-03-06 08:59:00+00:00,DMU50_001,3.298,2287.20664,60.0
2026-03-06 09:00:00+00:00,DMU50_001,3.467,2287.26442,60.0
2026-03-06 09:01:00+00:00,DMU50_001,8.9,2287.41275,60.0
2026-03-06 09:02:00+00:00,DMU50_001,8.677,2287.55737,60.0
2026-03-06 09:03:00+00:00,DMU50_001,10.041,2287.72472,60.0
2026-03-06 09:04:00+00:00,DMU50_001,9.127,2287.87684,60.0
2026-03-06 09:05:00+00:00,DMU50_001,9.186,2288.02994,60.0
2026-03-06 09:06:00+00:00,DMU50_001,8.815,2288.17686,60.0
2026-03-06 09:07:00+00:00,DMU50_001,8.769,2288.32301,60.0
2026-03-06 09:08:00+00:00,DMU50_001,3.705,2288.38476,60.0
2026-03-06 09:09:00+00:00,DMU50_001,3.165,2288.43751,60.0
2026-03-06 09:10:00+00:00,DMU50_001,3.271,2288.49203,60.0
2026-03-06 09:11:00+00:00,DMU50_001,4.151,2288.56121,60.0
2026-03-06 09:12:00+00:00,DMU50_001,4.47,2288.63571,60.0
2026-03-06 09:13:00+00:00,DMU50_001,4.125,2288.70446,60.0
2026-03-06 09:14:00+00:00,DMU50_001,15.208,2288.95793,60.0
2026-03-06 09:15:00+00:00,DMU50_001,15.014,2289.20816,60.0
2026-03-06 09:16:00+00:00,DMU50_001,15.648,2289.46896,60.0
2026-03-06 09:17:00+00:00,DMU50_001,14.208,2289.70576,60.0
2026-03-06 09:18:00+00:00,DMU50_001,15.368,2289.96189,60.0
2026-03-06 09:19:00+00:00,DMU50_001,14.901,2290.21024,60.0
2026-03-06 09:20:00+00:00,DMU50_001,15.462,2290.46794,60.0
2026-03-06 09:21:00+00:00,DMU50_001,14.59,2290.71111,60.0
2026-03-06 09:22:00+00:00,DMU50_001,9.01,2290.86128,60.0
2026-03-06 09:23:00+00:00,DMU50_001,8.959,2291.0106,60.0
2026-03-06 09:24:00+00:00,DMU50_001,8.599,2291.15392,60.0
2026-03-06 09:25:00+00:00,DMU50_001,8.488,2291.29539,60.0
2026-03-06 09:26:00+00:00,DMU50_001,8.768,2291.44152,60.0
2026-03-06 09:27:00+00:00,DMU50_001,9.052,2291.59239,60.0
2026-03-06 09:28:00+00:00,DMU50_001,7.773,2291.72194,60.0
2026-03-06 09:29:00+00:00,DMU50_001,3.434,2291.77917,60.0
2026-03-06 09:30:00+00:00,DMU50_001,3.123,2291.83122,60.0
2026-03-06 09:31:00+00:00,DMU50_001,14.815,2292.07814,60.0
2026-03-06 09:32:00+00:00,DMU50_001,15.512,2292.33667,60.0
2026-03-06 09:33:00+00:00,DMU50_001,15.353,2292.59255,60.0
2026-03-06 09:34:00+00:00,DMU50_001,14.957,2292.84183,60.0
2026-03-06 09:35:00+00:00,DMU50_001,15.122,2293.09386,60.0
2026-03-06 09:36:00+00:00,DMU50_001,14.586,2293.33696,60.0
2026-03-06 09:37:00+00:00,DMU50_001,9.65,2293.49779,60.0
2026-03-06 09:38:00+00:00,DMU50_001,9.827,2293.66157,60.0
2026-03-06 09:39:00+00:00,DMU50_001,9.066,2293.81267,60.0
2026-03-06 09:40:00+00:00,DMU50_001,8.777,2293.95895,60.0
2026-03-06 09:41:00+00:00,DMU50_001,7.796,2294.08888,60.0
2026-03-06 09:42:00+00:00,DMU50_001,3.95,2294.15471,60.0
2026-03-06 09:43:00+00:00,DMU50_001,4.058,2294.22234,60.0
2026-03-06 09:44:00+00:00,DMU50_001,14.89,2294.47051,60.0
2026-03-06 09:45:00+00:00,DMU50_001,16.156,2294.73978,60.0
2026-03-06 09:46:00+00:00,DMU50_001,14.859,2294.98743,60.0
2026-03-06 09:47:00+00:00,DMU50_001,14.57,2295.23026,60.0
2026-03-06 09:48:00+00:00,DMU50_001,14.551,2295.47278,60.0
2026-03-06 09:49:00+00:00,DMU50_001,15.57,2295.73228,60.0
2026-03-06 09:50:00+00:00,DMU50_001,15.499,2295.9906,60.0
2026-03-06 09:51:00+00:00,DMU50_001,14.757,2296.23655,60.0
2026-03-06 09:52:00+00:00,DMU50_001,14.062,2296.47092,60.0
2026-03-06 09:53:00+00:00,DMU50_001,8.549,2296.6134,60.0
2026-03-06 09:54:00+00:00,DMU50_001,9.688,2296.77487,60.0
2026-03-06 09:55:00+00:00,DMU50_001,8.207,2296.91165,60.0
2026-03-06 09:56:00+00:00,DMU50_001,9.026,2297.06208,60.0
2026-03-06 09:57:00+00:00,DMU50_001,9.748,2297.22455,60.0
2026-03-06 09:58:00+00:00,DMU50_001,9.783,2297.3876,60.0
2026-03-06 09:59:00+00:00,DMU50_001,8.986,2297.53737,60.0
2026-03-06 10:00:00+00:00,DMU50_001,8.993,2297.68725,60.0
2026-03-06 10:01:00+00:00,DMU50_001,8.767,2297.83337,60.0
2026-03-06 10:02:00+00:00,DMU50_001,7.915,2297.96529,60.0
2026-03-06 10:03:00+00:00,DMU50_001,7.554,2298.09119,60.0
2026-03-06 10:04:00+00:00,DMU50_001,3.902,2298.15622,60.0
2026-03-06 10:05:00+00:00,DMU50_001,3.855,2298.22047,60.0
2026-03-06 10:06:00+00:00,DMU50_001,4.417,2298.29409,60.0
2026-03-06 10:07:00+00:00,DMU50_001,3.888,2298.35889,60.0
2026-03-06 10:08:00+00:00,DMU50_001,15.975,2298.62514,60.0
2026-03-06 10:09:00+00:00,DMU50_001,14.635,2298.86906,60.0
2026-03-06 10:10:00+00:00,DMU50_001,15.869,2299.13354,60.0
2026-03-06 10:11:00+00:00,DMU50_001,14.817,2299.38049,60.0
2026-03-06 10:12:00+00:00,DMU50_001,14.217,2299.61744,60.0
2026-03-06 10:13:00+00:00,DMU50_001,15.642,2299.87814,60.0
2026-03-06 10:14:00+00:00,DMU50_001,15.701,2300.13982,60.0
2026-03-06 10:15:00+00:00,DMU50_001,14.547,2300.38227,60.0
2026-03-06 10:16:00+00:00,DMU50_001,8.867,2300.53005,60.0
2026-03-06 10:17:00+00:00,DMU50_001,8.638,2300.67402,60.0
2026-03-06 10:18:00+00:00,DMU50_001,8.952,2300.82322,60.0
2026-03-06 10:19:00+00:00,DMU50_001,9.043,2300.97394,60.0
2026-03-06 10:20:00+00:00,DMU50_001,8.859,2301.12159,60.0
2026-03-06 10:21:00+00:00,DMU50_001,8.272,2301.25946,60.0
2026-03-06 10:22:00+00:00,DMU50_001,7.826,2301.38989,60.0
2026-03-06 10:23:00+00:00,DMU50_001,8.211,2301.52674,60.0
2026-03-06 10:24:00+00:00,DMU50_001,14.896,2301.77501,60.0
2026-03-06 10:25:00+00:00,DMU50_001,14.836,2302.02228,60.0
2026-03-06 10:26:00+00:00,DMU50_001,14.535,2302.26453,60.0
2026-03-06 10:27:00+00:00,DMU50_001,14.695,2302.50945,60.0
2026-03-06 10:28:00+00:00,DMU50_001,15.704,2302.77118,60.0
2026-03-06 10:29:00+00:00,DMU50_001,14.43,2303.01168,60.0
2026-03-06 10:30:00+00:00,DMU50_001,15.36,2303.26768,60.0
2026-03-06 10:31:00+00:00,DMU50_001,15.024,2303.51808,60.0
2026-03-06 10:32:00+00:00,DMU50_001,15.122,2303.77011,60.0
2026-03-06 10:33:00+00:00,DMU50_001,8.707,2303.91523,60.0
2026-03-06 10:34:00+00:00,DMU50_001,8.859,2304.06288,60.0
2026-03-06 10:35:00+00:00,DMU50_001,8.998,2304.21285,60.0
2026-03-06 10:36:00+00:00,DMU50_001,8.792,2304.35938,60.0
2026-03-06 10:37:00+00:00,DMU50_001,4.266,2304.43048,60.0
2026-03-06 10:38:00+00:00,DMU50_001,4.291,2304.502,60.0
2026-03-06 10:39:00+00:00,DMU50_001,4.635,2304.57925,60.0
2026-03-06 10:40:00+00:00,DMU50_001,4.256,2304.65018,60.0
2026-03-06 10:41:00+00:00,DMU50_001,14.044,2304.88425,60.0
2026-03-06 10:42:00+00:00,DMU50_001,15.582,2305.14395,60.0
2026-03-06 10:43:00+00:00,DMU50_001,14.898,2305.39225,60.0
2026-03-06 10:44:00+00:00,DMU50_001,16.006,2305.65902,60.0
2026-03-06 10:45:00+00:00,DMU50_001,15.735,2305.92127,60.0
2026-03-06 10:46:00+00:00,DMU50_001,14.747,2306.16705,60.0
2026-03-06 10:47:00+00:00,DMU50_001,15.361,2306.42307,60.0
2026-03-06 10:48:00+00:00,DMU50_001,14.703,2306.66812,60.0
2026-03-06 10:49:00+00:00,DMU50_001,15.001,2306.91814,60.0
2026-03-06 10:50:00+00:00,DMU50_001,9.27,2307.07264,60.0
2026-03-06 10:51:00+00:00,DMU50_001,8.334,2307.21154,60.0
2026-03-06 10:52:00+00:00,DMU50_001,9.358,2307.36751,60.0
2026-03-06 10:53:00+00:00,DMU50_001,9.03,2307.51801,60.0
2026-03-06 10:54:00+00:00,DMU50_001,9.993,2307.68456,60.0
2026-03-06 10:55:00+00:00,DMU50_001,8.854,2307.83213,60.0
2026-03-06 10:56:00+00:00,DMU50_001,8.357,2307.97141,60.0
2026-03-06 10:57:00+00:00,DMU50_001,8.434,2308.11198,60.0
2026-03-06 10:58:00+00:00,DMU50_001,9.59,2308.27181,60.0
2026-03-06 10:59:00+00:00,DMU50_001,8.969,2308.42129,60.0
2026-03-06 11:00:00+00:00,DMU50_001,9.064,2308.57236,60.0
2026-03-06 11:01:00+00:00,DMU50_001,4.091,2308.64054,60.0
2026-03-06 11:02:00+00:00,DMU50_001,4.109,2308.70902,60.0
2026-03-06 11:03:00+00:00,DMU50_001,4.043,2308.7764,60.0
2026-03-06 11:04:00+00:00,DMU50_001,4.294,2308.84797,60.0
2026-03-06 11:05:00+00:00,DMU50_001,14.951,2309.09715,60.0
2026-03-06 11:06:00+00:00,DMU50_001,15.218,2309.35078,60.0
2026-03-06 11:07:00+00:00,DMU50_001,15.17,2309.60361,60.0
2026-03-06 11:08:00+00:00,DMU50_001,14.787,2309.85006,60.0
2026-03-06 11:09:00+00:00,DMU50_001,14.271,2310.08791,60.0
2026-03-06 11:10:00+00:00,DMU50_001,14.227,2310.32503,60.0
2026-03-06 11:11:00+00:00,DMU50_001,16.513,2310.60025,60.0
2026-03-06 11:12:00+00:00,DMU50_001,9.591,2310.7601,60.0
2026-03-06 11:13:00+00:00,DMU50_001,4.468,2310.83457,60.0
2026-03-06 11:14:00+00:00,DMU50_001,4.065,2310.90232,60.0
2026-03-06 11:15:00+00:00,DMU50_001,4.202,2310.97235,60.0
2026-03-06 11:16:00+00:00,DMU50_001,4.037,2311.03963,60.0
2026-03-06 11:17:00+00:00,DMU50_001,7.606,2311.1664,60.0
2026-03-06 11:18:00+00:00,DMU50_001,7.823,2311.29678,60.0
2026-03-06 11:19:00+00:00,DMU50_001,3.765,2311.35953,60.0
2026-03-06 11:20:00+00:00,DMU50_001,3.668,2311.42066,60.0
2026-03-06 11:21:00+00:00,DMU50_001,3.306,2311.47576,60.0
2026-03-06 11:22:00+00:00,DMU50_001,14.843,2311.72314,60.0
2026-03-06 11:23:00+00:00,DMU50_001,15.375,2311.97939,60.0
2026-03-06 11:24:00+00:00,DMU50_001,14.715,2312.22464,60.0
2026-03-06 11:25:00+00:00,DMU50_001,15.04,2312.47531,60.0
2026-03-06 11:26:00+00:00,DMU50_001,15.201,2312.72866,60.0
2026-03-06 11:27:00+00:00,DMU50_001,15.195,2312.98191,60.0
2026-03-06 11:28:00+00:00,DMU50_001,15.127,2313.23403,60.0
2026-03-06 11:29:00+00:00,DMU50_001,14.673,2313.47858,60.0
2026-03-06 11:30:00+00:00,DMU50_001,14.725,2313.724,60.0
2026-03-06 11:31:00+00:00,DMU50_001,8.547,2313.86645,60.0
2026-03-06 11:32:00+00:00,DMU50_001,8.375,2314.00603,60.0
2026-03-06 11:33:00+00:00,DMU50_001,7.966,2314.1388,60.0
2026-03-06 11:34:00+00:00,DMU50_001,15.408,2314.3956,60.0
2026-03-06 11:35:00+00:00,DMU50_001,14.31,2314.6341,60.0
2026-03-06 11:36:00+00:00,DMU50_001,15.136,2314.88637,60.0
2026-03-06 11:37:00+00:00,DMU50_001,15.392,2315.1429,60.0
2026-03-06 11:38:00+00:00,DMU50_001,14.082,2315.3776,60.0
2026-03-06 11:39:00+00:00,DMU50_001,14.865,2315.62535,60.0
2026-03-06 11:40:00+00:00,DMU50_001,15.823,2315.88907,60.0
2026-03-06 11:41:00+00:00,DMU50_001,4.31,2315.9609,60.0
2026-03-06 11:42:00+00:00,DMU50_001,3.826,2316.02467,60.0
2026-03-06 11:43:00+00:00,DMU50_001,4.332,2316.09687,60.0
2026-03-06 11:44:00+00:00,DMU50_001,7.776,2316.22647,60.0
2026-03-06 11:45:00+00:00,DMU50_001,8.207,2316.36325,60.0
2026-03-06 11:46:00+00:00,DMU50_001,4.062,2316.43095,60.0
2026-03-06 11:47:00+00:00,DMU50_001,4.189,2316.50077,60.0
2026-03-06 11:48:00+00:00,DMU50_001,4.092,2316.56897,60.0
2026-03-06 11:49:00+00:00,DMU50_001,15.002,2316.819,60.0
2026-03-06 11:50:00+00:00,DMU50_001,14.716,2317.06427,60.0
2026-03-06 11:51:00+00:00,DMU50_001,14.888,2317.3124,60.0
2026-03-06 11:52:00+00:00,DMU50_001,14.412,2317.5526,60.0
2026-03-06 11:53:00+00:00,DMU50_001,15.245,2317.80668,60.0
2026-03-06 11:54:00+00:00,DMU50_001,15.088,2318.05815,60.0
2026-03-06 11:55:00+00:00,DMU50_001,14.192,2318.29468,60.0
2026-03-06 11:56:00+00:00,DMU50_001,15.496,2318.55295,60.0
2026-03-06 11:57:00+00:00,DMU50_001,14.912,2318.80148,60.0
2026-03-06 11:58:00+00:00,DMU50_001,3.532,2318.86035,60.0
2026-03-06 11:59:00+00:00,DMU50_001,3.653,2318.92123,60.0
2026-03-06 12:00:00+00:00,DMU50_001,3.566,2318.98066,60.0
2026-03-06 12:01:00+00:00,DMU50_001,8.35,2319.11983,60.0
2026-03-06 12:02:00+00:00,DMU50_001,7.912,2319.2517,60.0
2026-03-06 12:03:00+00:00,DMU50_001,15.517,2319.51032,60.0
2026-03-06 12:04:00+00:00,DMU50_001,15.061,2319.76134,60.0
2026-03-06 12:05:00+00:00,DMU50_001,15.254,2320.01557,60.0
2026-03-06 12:06:00+00:00,DMU50_001,15.202,2320.26894,60.0
2026-03-06 12:07:00+00:00,DMU50_001,15.62,2320.52927,60.0
2026-03-06 12:08:00+00:00,DMU50_001,15.361,2320.78529,60.0
2026-03-06 12:09:00+00:00,DMU50_001,14.779,2321.03161,60.0
2026-03-06 12:10:00+00:00,DMU50_001,8.743,2321.17733,60.0
2026-03-06 12:11:00+00:00,DMU50_001,8.98,2321.327,60.0
2026-03-06 12:12:00+00:00,DMU50_001,8.696,2321.47193,60.0
2026-03-06 12:13:00+00:00,DMU50_001,8.579,2321.61491,60.0
2026-03-06 12:14:00+00:00,DMU50_001,7.362,2321.73761,60.0
2026-03-06 12:15:00+00:00,DMU50_001,7.535,2321.86319,60.0
2026-03-06 12:16:00+00:00,DMU50_001,3.897,2321.92814,60.0
2026-03-06 12:17:00+00:00,DMU50_001,3.369,2321.98429,60.0
2026-03-06 12:18:00+00:00,DMU50_001,3.881,2322.04897,60.0
2026-03-06 12:19:00+00:00,DMU50_001,4.281,2322.12032,60.0
2026-03-06 12:20:00+00:00,DMU50_001,4.19,2322.19015,60.0
2026-03-06 12:21:00+00:00,DMU50_001,3.9,2322.25515,60.0
2026-03-06 12:22:00+00:00,DMU50_001,8.001,2322.3885,60.0
2026-03-06 12:23:00+00:00,DMU50_001,3.878,2322.45313,60.0
2026-03-06 12:24:00+00:00,DMU50_001,3.812,2322.51666,60.0
2026-03-06 12:25:00+00:00,DMU50_001,8.082,2322.65136,60.0
2026-03-06 12:26:00+00:00,DMU50_001,3.27,2322.70586,60.0
2026-03-06 12:27:00+00:00,DMU50_001,3.309,2322.76101,60.0
2026-03-06 12:28:00+00:00,DMU50_001,3.329,2322.81649,60.0
2026-03-06 12:29:00+00:00,DMU50_001,3.756,2322.87909,60.0
2026-03-06 12:30:00+00:00,DMU50_001,3.826,2322.94286,60.0
2026-03-06 12:31:00+00:00,DMU50_001,4.239,2323.01351,60.0
2026-03-06 12:32:00+00:00,DMU50_001,4.139,2323.08249,60.0
2026-03-06 12:33:00+00:00,DMU50_001,15.774,2323.34539,60.0
2026-03-06 12:34:00+00:00,DMU50_001,14.511,2323.58724,60.0
2026-03-06 12:35:00+00:00,DMU50_001,15.026,2323.83767,60.0
2026-03-06 12:36:00+00:00,DMU50_001,15.231,2324.09152,60.0
2026-03-06 12:37:00+00:00,DMU50_001,14.569,2324.33434,60.0
2026-03-06 12:38:00+00:00,DMU50_001,14.682,2324.57904,60.0
2026-03-06 12:39:00+00:00,DMU50_001,14.643,2324.82309,60.0
2026-03-06 12:40:00+00:00,DMU50_001,15.708,2325.08489,60.0
2026-03-06 12:41:00+00:00,DMU50_001,15.957,2325.35084,60.0
2026-03-06 12:42:00+00:00,DMU50_001,9.046,2325.50161,60.0
2026-03-06 12:43:00+00:00,DMU50_001,8.893,2325.64983,60.0
2026-03-06 12:44:00+00:00,DMU50_001,8.76,2325.79583,60.0
2026-03-06 12:45:00+00:00,DMU50_001,9.001,2325.94585,60.0
2026-03-06 12:46:00+00:00,DMU50_001,4.09,2326.01402,60.0
2026-03-06 12:47:00+00:00,DMU50_001,4.181,2326.0837,60.0
2026-03-06 12:48:00+00:00,DMU50_001,4.283,2326.15508,60.0
2026-03-06 12:49:00+00:00,DMU50_001,7.878,2326.28638,60.0
2026-03-06 12:50:00+00:00,DMU50_001,7.943,2326.41876,60.0
2026-03-06 12:51:00+00:00,DMU50_001,14.907,2326.66721,60.0
2026-03-06 12:52:00+00:00,DMU50_001,14.841,2326.91456,60.0
2026-03-06 12:53:00+00:00,DMU50_001,14.779,2327.16088,60.0
2026-03-06 12:54:00+00:00,DMU50_001,15.381,2327.41723,60.0
2026-03-06 12:55:00+00:00,DMU50_001,14.115,2327.65248,60.0
2026-03-06 12:56:00+00:00,DMU50_001,15.787,2327.9156,60.0
2026-03-06 12:57:00+00:00,DMU50_001,15.068,2328.16673,60.0
2026-03-06 12:58:00+00:00,DMU50_001,9.244,2328.3208,60.0
2026-03-06 12:59:00+00:00,DMU50_001,9.29,2328.47563,60.0
2026-03-06 13:00:00+00:00,DMU50_001,8.717,2328.62091,60.0
2026-03-06 13:01:00+00:00,DMU50_001,4.017,2328.68786,60.0
2026-03-06 13:02:00+00:00,DMU50_001,3.994,2328.75443,60.0
2026-03-06 13:03:00+00:00,DMU50_001,14.876,2329.00236,60.0
2026-03-06 13:04:00+00:00,DMU50_001,15.35,2329.25819,60.0
2026-03-06 13:05:00+00:00,DMU50_001,14.708,2329.50332,60.0
2026-03-06 13:06:00+00:00,DMU50_001,15.304,2329.75839,60.0
2026-03-06 13:07:00+00:00,DMU50_001,13.816,2329.98866,60.0
2026-03-06 13:08:00+00:00,DMU50_001,14.807,2330.23544,60.0
2026-03-06 13:09:00+00:00,DMU50_001,15.584,2330.49517,60.0
2026-03-06 13:10:00+00:00,DMU50_001,14.915,2330.74375,60.0
2026-03-06 13:11:00+00:00,DMU50_001,14.585,2330.98683,60.0
2026-03-06 13:12:00+00:00,DMU50_001,7.803,2331.11688,60.0
2026-03-06 13:13:00+00:00,DMU50_001,13.486,2331.34165,60.0
2026-03-06 13:14:00+00:00,DMU50_001,14.494,2331.58322,60.0
2026-03-06 13:15:00+00:00,DMU50_001,15.529,2331.84204,60.0
2026-03-06 13:16:00+00:00,DMU50_001,14.709,2332.08719,60.0
2026-03-06 13:17:00+00:00,DMU50_001,14.768,2332.33332,60.0
2026-03-06 13:18:00+00:00,DMU50_001,13.834,2332.56389,60.0
2026-03-06 13:19:00+00:00,DMU50_001,14.185,2332.80031,60.0
2026-03-06 13:20:00+00:00,DMU50_001,9.476,2332.95824,60.0
2026-03-06 13:21:00+00:00,DMU50_001,9.247,2333.11236,60.0
2026-03-06 13:22:00+00:00,DMU50_001,8.481,2333.25371,60.0
2026-03-06 13:23:00+00:00,DMU50_001,3.374,2333.30994,60.0
2026-03-06 13:24:00+00:00,DMU50_001,3.494,2333.36817,60.0
2026-03-06 13:25:00+00:00,DMU50_001,7.641,2333.49552,60.0
2026-03-06 13:26:00+00:00,DMU50_001,7.399,2333.61884,60.0
2026-03-06 13:27:00+00:00,DMU50_001,4.168,2333.68831,60.0
2026-03-06 13:28:00+00:00,DMU50_001,4.315,2333.76023,60.0
2026-03-06 13:29:00+00:00,DMU50_001,15.296,2334.01516,60.0
2026-03-06 13:30:00+00:00,DMU50_001,15.438,2334.27246,60.0
2026-03-06 13:31:00+00:00,DMU50_001,14.223,2334.50951,60.0
2026-03-06 13:32:00+00:00,DMU50_001,15.029,2334.75999,60.0
2026-03-06 13:33:00+00:00,DMU50_001,14.866,2335.00776,60.0
2026-03-06 13:34:00+00:00,DMU50_001,14.956,2335.25703,60.0
2026-03-06 13:35:00+00:00,DMU50_001,14.894,2335.50526,60.0
2026-03-06 13:36:00+00:00,DMU50_001,14.67,2335.74976,60.0
2026-03-06 13:37:00+00:00,DMU50_001,13.491,2335.97461,60.0
2026-03-06 13:38:00+00:00,DMU50_001,9.465,2336.13236,60.0
2026-03-06 13:39:00+00:00,DMU50_001,9.132,2336.28456,60.0
2026-03-06 13:40:00+00:00,DMU50_001,8.406,2336.42466,60.0
2026-03-06 13:41:00+00:00,DMU50_001,9.189,2336.57781,60.0
2026-03-06 13:42:00+00:00,DMU50_001,8.821,2336.72483,60.0
2026-03-06 13:43:00+00:00,DMU50_001,7.874,2336.85606,60.0
2026-03-06 13:44:00+00:00,DMU50_001,14.616,2337.09966,60.0
2026-03-06 13:45:00+00:00,DMU50_001,15.268,2337.35413,60.0
2026-03-06 13:46:00+00:00,DMU50_001,14.6,2337.59746,60.0
2026-03-06 13:47:00+00:00,DMU50_001,14.452,2337.83833,60.0
2026-03-06 13:48:00+00:00,DMU50_001,15.566,2338.09776,60.0
2026-03-06 13:49:00+00:00,DMU50_001,14.911,2338.34628,60.0
2026-03-06 13:50:00+00:00,DMU50_001,8.941,2338.4953,60.0
2026-03-06 13:51:00+00:00,DMU50_001,9.277,2338.64992,60.0
2026-03-06 13:52:00+00:00,DMU50_001,8.733,2338.79547,60.0
2026-03-06 13:53:00+00:00,DMU50_001,8.813,2338.94235,60.0
2026-03-06 13:54:00+00:00,DMU50_001,9.122,2339.09438,60.0
2026-03-06 13:55:00+00:00,DMU50_001,7.538,2339.22001,60.0
2026-03-06 13:56:00+00:00,DMU50_001,4.244,2339.29074,60.0
2026-03-06 13:57:00+00:00,DMU50_001,4.049,2339.35822,60.0
2026-03-06 13:58:00+00:00,DMU50_001,4.371,2339.43107,60.0
2026-03-06 13:59:00+00:00,DMU50_001,4.309,2339.50289,60.0
2026-03-06 14:00:00+00:00,DMU50_001,15.207,2339.75634,60.0
2026-03-06 14:01:00+00:00,DMU50_001,14.197,2339.99296,60.0
2026-03-06 14:02:00+00:00,DMU50_001,14.948,2340.24209,60.0
2026-03-06 14:03:00+00:00,DMU50_001,14.411,2340.48227,60.0
2026-03-06 14:04:00+00:00,DMU50_001,14.982,2340.73197,60.0
2026-03-06 14:05:00+00:00,DMU50_001,13.842,2340.96267,60.0
2026-03-06 14:06:00+00:00,DMU50_001,14.23,2341.19984,60.0
2026-03-06 14:07:00+00:00,DMU50_001,15.595,2341.45976,60.0
2026-03-06 14:08:00+00:00,DMU50_001,15.185,2341.71284,60.0
2026-03-06 14:09:00+00:00,DMU50_001,8.858,2341.86047,60.0
2026-03-06 14:10:00+00:00,DMU50_001,8.637,2342.00442,60.0
2026-03-06 14:11:00+00:00,DMU50_001,8.566,2342.14719,60.0
2026-03-06 14:12:00+00:00,DMU50_001,9.08,2342.29852,60.0
2026-03-06 14:13:00+00:00,DMU50_001,8.863,2342.44624,60.0
2026-03-06 14:14:00+00:00,DMU50_001,3.809,2342.50972,60.0
2026-03-06 14:15:00+00:00,DMU50_001,3.463,2342.56744,60.0
2026-03-06 14:16:00+00:00,DMU50_001,4.212,2342.63764,60.0
2026-03-06 14:17:00+00:00,DMU50_001,3.922,2342.70301,60.0
2026-03-06 14:18:00+00:00,DMU50_001,3.428,2342.76014,60.0
2026-03-06 14:19:00+00:00,DMU50_001,3.535,2342.81906,60.0
2026-03-06 14:20:00+00:00,DMU50_001,3.425,2342.87614,60.0
2026-03-06 14:21:00+00:00,DMU50_001,3.403,2342.93286,60.0
2026-03-06 14:22:00+00:00,DMU50_001,3.565,2342.99228,60.0
2026-03-06 14:23:00+00:00,DMU50_001,15.757,2343.2549,60.0
2026-03-06 14:24:00+00:00,DMU50_001,15.072,2343.5061,60.0
2026-03-06 14:25:00+00:00,DMU50_001,15.572,2343.76563,60.0
2026-03-06 14:26:00+00:00,DMU50_001,15.311,2344.02081,60.0
2026-03-06 14:27:00+00:00,DMU50_001,15.542,2344.27984,60.0
2026-03-06 14:28:00+00:00,DMU50_001,14.695,2344.52476,60.0
2026-03-06 14:29:00+00:00,DMU50_001,14.897,2344.77304,60.0
2026-03-06 14:30:00+00:00,DMU50_001,14.899,2345.02136,60.0
2026-03-06 14:31:00+00:00,DMU50_001,15.273,2345.27591,60.0
2026-03-06 14:32:00+00:00,DMU50_001,15.396,2345.53251,60.0
2026-03-06 14:33:00+00:00,DMU50_001,15.063,2345.78356,60.0
2026-03-06 14:34:00+00:00,DMU50_001,15.438,2346.04086,60.0
2026-03-06 14:35:00+00:00,DMU50_001,14.718,2346.28616,60.0
2026-03-06 14:36:00+00:00,DMU50_001,15.443,2346.54354,60.0
2026-03-06 14:37:00+00:00,DMU50_001,3.703,2346.60526,60.0
2026-03-06 14:38:00+00:00,DMU50_001,3.635,2346.66584,60.0
2026-03-06 14:39:00+00:00,DMU50_001,9.054,2346.81674,60.0
2026-03-06 14:40:00+00:00,DMU50_001,9.285,2346.97149,60.0
2026-03-06 14:41:00+00:00,DMU50_001,8.642,2347.11552,60.0
2026-03-06 14:42:00+00:00,DMU50_001,9.079,2347.26684,60.0
2026-03-06 14:43:00+00:00,DMU50_001,9.12,2347.41884,60.0
2026-03-06 14:44:00+00:00,DMU50_001,8.468,2347.55997,60.0
2026-03-06 14:45:00+00:00,DMU50_001,4.295,2347.63155,60.0
2026-03-06 14:46:00+00:00,DMU50_001,3.95,2347.69738,60.0
2026-03-06 14:47:00+00:00,DMU50_001,4.114,2347.76595,60.0
2026-03-06 14:48:00+00:00,DMU50_001,4.208,2347.83608,60.0
2026-03-06 14:49:00+00:00,DMU50_001,7.781,2347.96576,60.0
2026-03-06 14:50:00+00:00,DMU50_001,15.041,2348.21644,60.0
2026-03-06 14:51:00+00:00,DMU50_001,15.033,2348.46699,60.0
2026-03-06 14:52:00+00:00,DMU50_001,14.59,2348.71016,60.0
2026-03-06 14:53:00+00:00,DMU50_001,15.284,2348.96489,60.0
2026-03-06 14:54:00+00:00,DMU50_001,14.618,2349.20852,60.0
2026-03-06 14:55:00+00:00,DMU50_001,16.144,2349.47759,60.0
2026-03-06 14:56:00+00:00,DMU50_001,8.956,2349.62686,60.0
2026-03-06 14:57:00+00:00,DMU50_001,8.531,2349.76904,60.0
2026-03-06 14:58:00+00:00,DMU50_001,8.606,2349.91247,60.0
2026-03-06 14:59:00+00:00,DMU50_001,9.459,2350.07012,60.0
2026-03-06 15:00:00+00:00,DMU50_001,8.836,2350.21739,60.0
2026-03-06 15:01:00+00:00,DMU50_001,8.454,2350.35829,60.0
2026-03-06 15:02:00+00:00,DMU50_001,8.256,2350.49589,60.0
2026-03-06 15:03:00+00:00,DMU50_001,3.417,2350.55284,60.0
2026-03-06 15:04:00+00:00,DMU50_001,3.631,2350.61336,60.0
2026-03-06 15:05:00+00:00,DMU50_001,15.468,2350.87116,60.0
2026-03-06 15:06:00+00:00,DMU50_001,15.137,2351.12344,60.0
2026-03-06 15:07:00+00:00,DMU50_001,16.198,2351.39341,60.0
2026-03-06 15:08:00+00:00,DMU50_001,14.138,2351.62904,60.0
2026-03-06 15:09:00+00:00,DMU50_001,14.591,2351.87222,60.0
2026-03-06 15:10:00+00:00,DMU50_001,14.872,2352.12009,60.0
2026-03-06 15:11:00+00:00,DMU50_001,16.131,2352.38894,60.0
2026-03-06 15:12:00+00:00,DMU50_001,15.899,2352.65392,60.0
2026-03-06 15:13:00+00:00,DMU50_001,15.644,2352.91465,60.0
2026-03-06 15:14:00+00:00,DMU50_001,8.682,2353.05935,60.0
2026-03-06 15:15:00+00:00,DMU50_001,8.729,2353.20483,60.0
2026-03-06 15:16:00+00:00,DMU50_001,8.669,2353.34931,60.0
2026-03-06 15:17:00+00:00,DMU50_001,7.765,2353.47873,60.0
2026-03-06 15:18:00+00:00,DMU50_001,15.746,2353.74116,60.0
2026-03-06 15:19:00+00:00,DMU50_001,14.878,2353.98913,60.0
2026-03-06 15:20:00+00:00,DMU50_001,14.944,2354.2382,60.0
2026-03-06 15:21:00+00:00,DMU50_001,15.387,2354.49465,60.0
2026-03-06 15:22:00+00:00,DMU50_001,14.168,2354.73078,60.0
2026-03-06 15:23:00+00:00,DMU50_001,15.026,2354.98121,60.0
2026-03-06 15:24:00+00:00,DMU50_001,8.561,2355.12389,60.0
2026-03-06 15:25:00+00:00,DMU50_001,8.882,2355.27192,60.0
2026-03-06 15:26:00+00:00,DMU50_001,8.765,2355.418,60.0
2026-03-06 15:27:00+00:00,DMU50_001,8.745,2355.56375,60.0
2026-03-06 15:28:00+00:00,DMU50_001,8.068,2355.69822,60.0
2026-03-06 15:29:00+00:00,DMU50_001,8.066,2355.83265,60.0
2026-03-06 15:30:00+00:00,DMU50_001,14.89,2356.08082,60.0
2026-03-06 15:31:00+00:00,DMU50_001,15.185,2356.3339,60.0
2026-03-06 15:32:00+00:00,DMU50_001,14.566,2356.57667,60.0
2026-03-06 15:33:00+00:00,DMU50_001,15.341,2356.83235,60.0
2026-03-06 15:34:00+00:00,DMU50_001,14.897,2357.08063,60.0
2026-03-06 15:35:00+00:00,DMU50_001,14.758,2357.3266,60.0
2026-03-06 15:36:00+00:00,DMU50_001,14.603,2357.56998,60.0
2026-03-06 15:37:00+00:00,DMU50_001,14.879,2357.81796,60.0
2026-03-06 15:38:00+00:00,DMU50_001,15.935,2358.08354,60.0
2026-03-06 15:39:00+00:00,DMU50_001,8.975,2358.23312,60.0
2026-03-06 15:40:00+00:00,DMU50_001,8.542,2358.37549,60.0
2026-03-06 15:41:00+00:00,DMU50_001,9.368,2358.53162,60.0
2026-03-06 15:42:00+00:00,DMU50_001,8.811,2358.67847,60.0
2026-03-06 15:43:00+00:00,DMU50_001,9.114,2358.83037,60.0
2026-03-06 15:44:00+00:00,DMU50_001,7.818,2358.96067,60.0
2026-03-06 15:45:00+00:00,DMU50_001,3.756,2359.02327,60.0
2026-03-06 15:46:00+00:00,DMU50_001,3.382,2359.07964,60.0
2026-03-06 15:47:00+00:00,DMU50_001,15.699,2359.34129,60.0
2026-03-06 15:48:00+00:00,DMU50_001,14.475,2359.58254,60.0
2026-03-06 15:49:00+00:00,DMU50_001,14.854,2359.83011,60.0
2026-03-06 15:50:00+00:00,DMU50_001,15.7,2360.09178,60.0
2026-03-06 15:51:00+00:00,DMU50_001,15.084,2360.34318,60.0
2026-03-06 15:52:00+00:00,DMU50_001,16.136,2360.61211,60.0
2026-03-06 15:53:00+00:00,DMU50_001,8.892,2360.76031,60.0
2026-03-06 15:54:00+00:00,DMU50_001,9.103,2360.91203,60.0
2026-03-06 15:55:00+00:00,DMU50_001,9.762,2361.07473,60.0
2026-03-06 15:56:00+00:00,DMU50_001,7.546,2361.2005,60.0
2026-03-06 15:57:00+00:00,DMU50_001,7.509,2361.32565,60.0
2026-03-06 15:58:00+00:00,DMU50_001,4.041,2361.393,60.0
2026-03-06 15:59:00+00:00,DMU50_001,4.363,2361.46572,60.0
2026-03-06 16:00:00+00:00,DMU50_001,3.878,2361.53035,60.0
2026-03-06 16:01:00+00:00,DMU50_001,4.319,2361.60233,60.0
2026-03-06 16:02:00+00:00,DMU50_001,9.211,2361.75585,60.0
2026-03-06 16:03:00+00:00,DMU50_001,9.806,2361.91928,60.0
2026-03-06 16:04:00+00:00,DMU50_001,9.418,2362.07625,60.0
2026-03-06 16:05:00+00:00,DMU50_001,9.146,2362.22868,60.0
2026-03-06 16:06:00+00:00,DMU50_001,9.544,2362.38775,60.0
2026-03-06 16:07:00+00:00,DMU50_001,9.216,2362.54135,60.0
2026-03-06 16:08:00+00:00,DMU50_001,3.408,2362.59815,60.0
2026-03-06 16:09:00+00:00,DMU50_001,3.271,2362.65267,60.0
2026-03-06 16:10:00+00:00,DMU50_001,3.386,2362.7091,60.0
2026-03-06 16:11:00+00:00,DMU50_001,3.492,2362.7673,60.0
2026-03-06 16:12:00+00:00,DMU50_001,3.535,2362.82622,60.0
2026-03-06 16:13:00+00:00,DMU50_001,8.146,2362.96199,60.0
2026-03-06 16:14:00+00:00,DMU50_001,8.912,2363.11052,60.0
2026-03-06 16:15:00+00:00,DMU50_001,9.011,2363.2607,60.0
2026-03-06 16:16:00+00:00,DMU50_001,9.219,2363.41435,60.0
2026-03-06 16:17:00+00:00,DMU50_001,9.651,2363.5752,60.0
2026-03-06 16:18:00+00:00,DMU50_001,9.074,2363.72643,60.0
2026-03-06 16:19:00+00:00,DMU50_001,8.636,2363.87036,60.0
2026-03-06 16:20:00+00:00,DMU50_001,8.273,2364.00824,60.0
2026-03-06 16:21:00+00:00,DMU50_001,8.206,2364.14501,60.0
2026-03-06 16:22:00+00:00,DMU50_001,7.739,2364.27399,60.0
2026-03-06 16:23:00+00:00,DMU50_001,4.373,2364.34687,60.0
2026-03-06 16:24:00+00:00,DMU50_001,4.479,2364.42152,60.0
2026-03-06 16:25:00+00:00,DMU50_001,14.228,2364.65865,60.0
2026-03-06 16:26:00+00:00,DMU50_001,15.277,2364.91327,60.0
2026-03-06 16:27:00+00:00,DMU50_001,15.646,2365.17404,60.0
2026-03-06 16:28:00+00:00,DMU50_001,15.51,2365.43254,60.0
2026-03-06 16:29:00+00:00,DMU50_001,13.952,2365.66507,60.0
2026-03-06 16:30:00+00:00,DMU50_001,14.573,2365.90795,60.0
2026-03-06 16:31:00+00:00,DMU50_001,14.36,2366.14728,60.0
2026-03-06 16:32:00+00:00,DMU50_001,3.605,2366.20736,60.0
2026-03-06 16:33:00+00:00,DMU50_001,3.583,2366.26708,60.0
2026-03-06 16:34:00+00:00,DMU50_001,2.96,2366.31641,60.0
2026-03-06 16:35:00+00:00,DMU50_001,8.88,2366.46441,60.0
2026-03-06 16:36:00+00:00,DMU50_001,9.32,2366.61974,60.0
2026-03-06 16:37:00+00:00,DMU50_001,9.059,2366.77072,60.0
2026-03-06 16:38:00+00:00,DMU50_001,9.059,2366.9217,60.0
2026-03-06 16:39:00+00:00,DMU50_001,8.854,2367.06927,60.0
2026-03-06 16:40:00+00:00,DMU50_001,8.576,2367.2122,60.0
2026-03-06 16:41:00+00:00,DMU50_001,8.993,2367.36208,60.0
2026-03-06 16:42:00+00:00,DMU50_001,9.021,2367.51243,60.0
2026-03-06 16:43:00+00:00,DMU50_001,8.185,2367.64885,60.0
2026-03-06 16:44:00+00:00,DMU50_001,15.348,2367.90465,60.0
2026-03-06 16:45:00+00:00,DMU50_001,15.043,2368.15537,60.0
2026-03-06 16:46:00+00:00,DMU50_001,15.547,2368.41449,60.0
2026-03-06 16:47:00+00:00,DMU50_001,14.813,2368.66137,60.0
2026-03-06 16:48:00+00:00,DMU50_001,14.278,2368.89934,60.0
2026-03-06 16:49:00+00:00,DMU50_001,15.239,2369.15332,60.0
2026-03-06 16:50:00+00:00,DMU50_001,15.063,2369.40437,60.0
2026-03-06 16:51:00+00:00,DMU50_001,15.248,2369.6585,60.0
2026-03-06 16:52:00+00:00,DMU50_001,14.368,2369.89797,60.0
2026-03-06 16:53:00+00:00,DMU50_001,9.716,2370.0599,60.0
2026-03-06 16:54:00+00:00,DMU50_001,9.284,2370.21463,60.0
2026-03-06 16:55:00+00:00,DMU50_001,7.914,2370.34653,60.0
2026-03-06 16:56:00+00:00,DMU50_001,3.313,2370.40175,60.0
2026-03-06 16:57:00+00:00,DMU50_001,3.715,2370.46367,60.0
2026-03-06 16:58:00+00:00,DMU50_001,3.28,2370.51834,60.0
2026-03-06 16:59:00+00:00,DMU50_001,3.952,2370.58421,60.0
2026-03-06 17:00:00+00:00,DMU50_001,3.377,2370.64049,60.0
2026-03-06 17:01:00+00:00,DMU50_001,8.516,2370.78242,60.0
2026-03-06 17:02:00+00:00,DMU50_001,4.163,2370.8518,60.0
2026-03-06 17:03:00+00:00,DMU50_001,4.516,2370.92707,60.0
2026-03-06 17:04:00+00:00,DMU50_001,14.633,2371.17095,60.0
2026-03-06 17:05:00+00:00,DMU50_001,15.009,2371.4211,60.0
2026-03-06 17:06:00+00:00,DMU50_001,15.402,2371.6778,60.0
2026-03-06 17:07:00+00:00,DMU50_001,15.331,2371.93332,60.0
2026-03-06 17:08:00+00:00,DMU50_001,15.55,2372.19249,60.0
2026-03-06 17:09:00+00:00,DMU50_001,14.756,2372.43842,60.0
2026-03-06 17:10:00+00:00,DMU50_001,15.042,2372.68912,60.0
2026-03-06 17:11:00+00:00,DMU50_001,15.624,2372.94952,60.0
2026-03-06 17:12:00+00:00,DMU50_001,8.718,2373.09482,60.0
2026-03-06 17:13:00+00:00,DMU50_001,9.229,2373.24864,60.0
2026-03-06 17:14:00+00:00,DMU50_001,8.912,2373.39717,60.0
2026-03-06 17:15:00+00:00,DMU50_001,9.082,2373.54854,60.0
2026-03-06 17:16:00+00:00,DMU50_001,3.517,2373.60716,60.0
2026-03-06 17:17:00+00:00,DMU50_001,3.342,2373.66286,60.0
2026-03-06 17:18:00+00:00,DMU50_001,14.87,2373.91069,60.0
2026-03-06 17:19:00+00:00,DMU50_001,15.072,2374.16189,60.0
2026-03-06 17:20:00+00:00,DMU50_001,14.949,2374.41104,60.0
2026-03-06 17:21:00+00:00,DMU50_001,15.786,2374.67414,60.0
2026-03-06 17:22:00+00:00,DMU50_001,15.505,2374.93256,60.0
2026-03-06 17:23:00+00:00,DMU50_001,15.145,2375.18498,60.0
2026-03-06 17:24:00+00:00,DMU50_001,14.618,2375.42861,60.0
2026-03-06 17:25:00+00:00,DMU50_001,14.588,2375.67174,60.0
2026-03-06 17:26:00+00:00,DMU50_001,15.987,2375.93819,60.0
2026-03-06 17:27:00+00:00,DMU50_001,14.495,2376.17977,60.0
2026-03-06 17:28:00+00:00,DMU50_001,9.046,2376.33054,60.0
2026-03-06 17:29:00+00:00,DMU50_001,9.144,2376.48294,60.0
2026-03-06 17:30:00+00:00,DMU50_001,8.875,2376.63086,60.0
2026-03-06 17:31:00+00:00,DMU50_001,7.699,2376.75918,60.0
2026-03-06 17:32:00+00:00,DMU50_001,4.043,2376.82656,60.0
2026-03-06 17:33:00+00:00,DMU50_001,4.091,2376.89474,60.0
2026-03-06 17:34:00+00:00,DMU50_001,8.716,2377.04001,60.0
2026-03-06 17:35:00+00:00,DMU50_001,9.531,2377.19886,60.0
2026-03-06 17:36:00+00:00,DMU50_001,8.996,2377.34879,60.0
2026-03-06 17:37:00+00:00,DMU50_001,8.79,2377.49529,60.0
2026-03-06 17:38:00+00:00,DMU50_001,9.043,2377.64601,60.0
2026-03-06 17:39:00+00:00,DMU50_001,9.267,2377.80046,60.0
2026-03-06 17:40:00+00:00,DMU50_001,8.862,2377.94816,60.0
2026-03-06 17:41:00+00:00,DMU50_001,8.271,2378.08601,60.0
2026-03-06 17:42:00+00:00,DMU50_001,14.364,2378.32541,60.0
2026-03-06 17:43:00+00:00,DMU50_001,15.586,2378.58518,60.0
2026-03-06 17:44:00+00:00,DMU50_001,14.996,2378.83511,60.0
2026-03-06 17:45:00+00:00,DMU50_001,14.976,2379.08471,60.0
2026-03-06 17:46:00+00:00,DMU50_001,14.653,2379.32893,60.0
2026-03-06 17:47:00+00:00,DMU50_001,14.386,2379.5687,60.0
2026-03-06 17:48:00+00:00,DMU50_001,14.167,2379.80482,60.0
2026-03-06 17:49:00+00:00,DMU50_001,14.619,2380.04847,60.0
2026-03-06 17:50:00+00:00,DMU50_001,9.235,2380.20239,60.0
2026-03-06 17:51:00+00:00,DMU50_001,8.615,2380.34597,60.0
2026-03-06 17:52:00+00:00,DMU50_001,8.381,2380.48565,60.0
2026-03-06 17:53:00+00:00,DMU50_001,3.318,2380.54095,60.0
2026-03-06 17:54:00+00:00,DMU50_001,3.423,2380.598,60.0
2026-03-06 17:55:00+00:00,DMU50_001,3.431,2380.65518,60.0
2026-03-06 17:56:00+00:00,DMU50_001,3.474,2380.71308,60.0
2026-03-06 17:57:00+00:00,DMU50_001,8.31,2380.85158,60.0
2026-03-06 17:58:00+00:00,DMU50_001,8.375,2380.99116,60.0
2026-03-06 17:59:00+00:00,DMU50_001,3.901,2381.05618,60.0
2026-03-06 18:00:00+00:00,DMU50_001,3.175,2381.1091,60.0
2026-03-06 18:01:00+00:00,DMU50_001,3.329,2381.16458,60.0
2026-03-06 18:02:00+00:00,DMU50_001,3.64,2381.22525,60.0
2026-03-06 18:03:00+00:00,DMU50_001,3.409,2381.28207,60.0
2026-03-06 18:04:00+00:00,DMU50_001,15.43,2381.53924,60.0
2026-03-06 18:05:00+00:00,DMU50_001,15.104,2381.79097,60.0
2026-03-06 18:06:00+00:00,DMU50_001,15.79,2382.05414,60.0
2026-03-06 18:07:00+00:00,DMU50_001,15.521,2382.31282,60.0
2026-03-06 18:08:00+00:00,DMU50_001,15.531,2382.57167,60.0
2026-03-06 18:09:00+00:00,DMU50_001,14.794,2382.81824,60.0
2026-03-06 18:10:00+00:00,DMU50_001,14.951,2383.06742,60.0
2026-03-06 18:11:00+00:00,DMU50_001,8.878,2383.21539,60.0
2026-03-06 18:12:00+00:00,DMU50_001,8.398,2383.35536,60.0
2026-03-06 18:13:00+00:00,DMU50_001,8.442,2383.49606,60.0
2026-03-06 18:14:00+00:00,DMU50_001,8.224,2383.63313,60.0
2026-03-06 18:15:00+00:00,DMU50_001,14.827,2383.88025,60.0
2026-03-06 18:16:00+00:00,DMU50_001,15.652,2384.14112,60.0
2026-03-06 18:17:00+00:00,DMU50_001,14.685,2384.38587,60.0
2026-03-06 18:18:00+00:00,DMU50_001,14.081,2384.62055,60.0
2026-03-06 18:19:00+00:00,DMU50_001,15.504,2384.87895,60.0
2026-03-06 18:20:00+00:00,DMU50_001,14.361,2385.1183,60.0
2026-03-06 18:21:00+00:00,DMU50_001,14.902,2385.36667,60.0
2026-03-06 18:22:00+00:00,DMU50_001,15.103,2385.61839,60.0
2026-03-06 18:23:00+00:00,DMU50_001,9.154,2385.77096,60.0
2026-03-06 18:24:00+00:00,DMU50_001,9.339,2385.92661,60.0
2026-03-06 18:25:00+00:00,DMU50_001,9.232,2386.08048,60.0
2026-03-06 18:26:00+00:00,DMU50_001,9.22,2386.23415,60.0
2026-03-06 18:27:00+00:00,DMU50_001,8.684,2386.37888,60.0
2026-03-06 18:28:00+00:00,DMU50_001,8.088,2386.51368,60.0
2026-03-06 18:29:00+00:00,DMU50_001,14.247,2386.75113,60.0
2026-03-06 18:30:00+00:00,DMU50_001,15.781,2387.01415,60.0
2026-03-06 18:31:00+00:00,DMU50_001,14.299,2387.25247,60.0
2026-03-06 18:32:00+00:00,DMU50_001,14.827,2387.49959,60.0
2026-03-06 18:33:00+00:00,DMU50_001,14.341,2387.73861,60.0
2026-03-06 18:34:00+00:00,DMU50_001,14.635,2387.98253,60.0
2026-03-06 18:35:00+00:00,DMU50_001,9.005,2388.13261,60.0
2026-03-06 18:36:00+00:00,DMU50_001,8.788,2388.27908,60.0
2026-03-06 18:37:00+00:00,DMU50_001,9.458,2388.43671,60.0
2026-03-06 18:38:00+00:00,DMU50_001,4.245,2388.50746,60.0
2026-03-06 18:39:00+00:00,DMU50_001,4.107,2388.57591,60.0
2026-03-06 18:40:00+00:00,DMU50_001,7.96,2388.70858,60.0
2026-03-06 18:41:00+00:00,DMU50_001,8.366,2388.84801,60.0
2026-03-06 18:42:00+00:00,DMU50_001,15.454,2389.10558,60.0
2026-03-06 18:43:00+00:00,DMU50_001,14.431,2389.3461,60.0
2026-03-06 18:44:00+00:00,DMU50_001,14.66,2389.59043,60.0
2026-03-06 18:45:00+00:00,DMU50_001,15.237,2389.84438,60.0
2026-03-06 18:46:00+00:00,DMU50_001,15.177,2390.09733,60.0
2026-03-06 18:47:00+00:00,DMU50_001,14.475,2390.33858,60.0
2026-03-06 18:48:00+00:00,DMU50_001,15.375,2390.59483,60.0
2026-03-06 18:49:00+00:00,DMU50_001,14.555,2390.83741,60.0
2026-03-06 18:50:00+00:00,DMU50_001,15.652,2391.09828,60.0
2026-03-06 18:51:00+00:00,DMU50_001,9.212,2391.25181,60.0
2026-03-06 18:52:00+00:00,DMU50_001,8.547,2391.39426,60.0
2026-03-06 18:53:00+00:00,DMU50_001,8.788,2391.54073,60.0
2026-03-06 18:54:00+00:00,DMU50_001,8.781,2391.68708,60.0
2026-03-06 18:55:00+00:00,DMU50_001,8.048,2391.82121,60.0
2026-03-06 18:56:00+00:00,DMU50_001,7.939,2391.95353,60.0
2026-03-06 18:57:00+00:00,DMU50_001,14.427,2392.19398,60.0
2026-03-06 18:58:00+00:00,DMU50_001,14.303,2392.43236,60.0
2026-03-06 18:59:00+00:00,DMU50_001,15.275,2392.68694,60.0
2026-03-06 19:00:00+00:00,DMU50_001,15.143,2392.93932,60.0
2026-03-06 19:01:00+00:00,DMU50_001,15.053,2393.1902,60.0
2026-03-06 19:02:00+00:00,DMU50_001,15.135,2393.44245,60.0
2026-03-06 19:03:00+00:00,DMU50_001,8.752,2393.58832,60.0
2026-03-06 19:04:00+00:00,DMU50_001,9.074,2393.73955,60.0
2026-03-06 19:05:00+00:00,DMU50_001,4.008,2393.80635,60.0
2026-03-06 19:06:00+00:00,DMU50_001,3.735,2393.8686,60.0
2026-03-06 19:07:00+00:00,DMU50_001,3.442,2393.92597,60.0
2026-03-06 19:08:00+00:00,DMU50_001,3.395,2393.98255,60.0
2026-03-06 19:09:00+00:00,DMU50_001,13.57,2394.20872,60.0
2026-03-06 19:10:00+00:00,DMU50_001,15.534,2394.46762,60.0
2026-03-06 19:11:00+00:00,DMU50_001,15.393,2394.72417,60.0
2026-03-06 19:12:00+00:00,DMU50_001,14.728,2394.96964,60.0
2026-03-06 19:13:00+00:00,DMU50_001,14.284,2395.20771,60.0
2026-03-06 19:14:00+00:00,DMU50_001,14.422,2395.44808,60.0
2026-03-06 19:15:00+00:00,DMU50_001,15.222,2395.70178,60.0
2026-03-06 19:16:00+00:00,DMU50_001,14.955,2395.95103,60.0
2026-03-06 19:17:00+00:00,DMU50_001,4.338,2396.02333,60.0
2026-03-06 19:18:00+00:00,DMU50_001,4.217,2396.09361,60.0
2026-03-06 19:19:00+00:00,DMU50_001,4.393,2396.16683,60.0
2026-03-06 19:20:00+00:00,DMU50_001,15.185,2396.41991,60.0
2026-03-06 19:21:00+00:00,DMU50_001,15.414,2396.67681,60.0
2026-03-06 19:22:00+00:00,DMU50_001,13.955,2396.90939,60.0
2026-03-06 19:23:00+00:00,DMU50_001,14.383,2397.14911,60.0
2026-03-06 19:24:00+00:00,DMU50_001,14.818,2397.39608,60.0
2026-03-06 19:25:00+00:00,DMU50_001,15.54,2397.65508,60.0
2026-03-06 19:26:00+00:00,DMU50_001,15.94,2397.92075,60.0
2026-03-06 19:27:00+00:00,DMU50_001,8.934,2398.06965,60.0
2026-03-06 19:28:00+00:00,DMU50_001,8.755,2398.21557,60.0
2026-03-06 19:29:00+00:00,DMU50_001,8.218,2398.35254,60.0
2026-03-06 19:30:00+00:00,DMU50_001,9.345,2398.50829,60.0
2026-03-06 19:31:00+00:00,DMU50_001,8.78,2398.65462,60.0
2026-03-06 19:32:00+00:00,DMU50_001,4.792,2398.73449,60.0
2026-03-06 19:33:00+00:00,DMU50_001,4.052,2398.80202,60.0
2026-03-06 19:34:00+00:00,DMU50_001,4.621,2398.87904,60.0
2026-03-06 19:35:00+00:00,DMU50_001,4.35,2398.95154,60.0
2026-03-06 19:36:00+00:00,DMU50_001,8.589,2399.09469,60.0
2026-03-06 19:37:00+00:00,DMU50_001,9.093,2399.24624,60.0
2026-03-06 19:38:00+00:00,DMU50_001,9.309,2399.40139,60.0
2026-03-06 19:39:00+00:00,DMU50_001,8.91,2399.54989,60.0
2026-03-06 19:40:00+00:00,DMU50_001,9.335,2399.70547,60.0
2026-03-06 19:41:00+00:00,DMU50_001,9.326,2399.8609,60.0
2026-03-06 19:42:00+00:00,DMU50_001,9.239,2400.01488,60.0
2026-03-06 19:43:00+00:00,DMU50_001,4.197,2400.08483,60.0
2026-03-06 19:44:00+00:00,DMU50_001,3.965,2400.15091,60.0
2026-03-06 19:45:00+00:00,DMU50_001,4.185,2400.22066,60.0
2026-03-06 19:46:00+00:00,DMU50_001,4.235,2400.29124,60.0
2026-03-06 19:47:00+00:00,DMU50_001,14.062,2400.52561,60.0
2026-03-06 19:48:00+00:00,DMU50_001,15.085,2400.77703,60.0
2026-03-06 19:49:00+00:00,DMU50_001,14.952,2401.02623,60.0
2026-03-06 19:50:00+00:00,DMU50_001,14.352,2401.26543,60.0
2026-03-06 19:51:00+00:00,DMU50_001,14.833,2401.51265,60.0
2026-03-06 19:52:00+00:00,DMU50_001,14.844,2401.76005,60.0
2026-03-06 19:53:00+00:00,DMU50_001,15.965,2402.02613,60.0
2026-03-06 19:54:00+00:00,DMU50_001,15.11,2402.27796,60.0
2026-03-06 19:55:00+00:00,DMU50_001,15.518,2402.53659,60.0
2026-03-06 19:56:00+00:00,DMU50_001,8.953,2402.68581,60.0
2026-03-06 19:57:00+00:00,DMU50_001,8.25,2402.82331,60.0
2026-03-06 19:58:00+00:00,DMU50_001,9.269,2402.97779,60.0
2026-03-06 19:59:00+00:00,DMU50_001,8.737,2403.12341,60.0
2026-03-06 20:00:00+00:00,DMU50_001,7.899,2403.25506,60.0
2026-03-06 20:01:00+00:00,DMU50_001,8.579,2403.39804,60.0
2026-03-06 20:02:00+00:00,DMU50_001,9.029,2403.54852,60.0
2026-03-06 20:03:00+00:00,DMU50_001,9.426,2403.70562,60.0
2026-03-06 20:04:00+00:00,DMU50_001,9.373,2403.86184,60.0
2026-03-06 20:05:00+00:00,DMU50_001,9.634,2404.02241,60.0
2026-03-06 20:06:00+00:00,DMU50_001,9.691,2404.18393,60.0
2026-03-06 20:07:00+00:00,DMU50_001,3.791,2404.24711,60.0
2026-03-06 20:08:00+00:00,DMU50_001,3.961,2404.31313,60.0
2026-03-06 20:09:00+00:00,DMU50_001,3.838,2404.3771,60.0
2026-03-06 20:10:00+00:00,DMU50_001,3.626,2404.43753,60.0
2026-03-06 20:11:00+00:00,DMU50_001,3.361,2404.49355,60.0
2026-03-06 20:12:00+00:00,DMU50_001,3.402,2404.55025,60.0
2026-03-06 20:13:00+00:00,DMU50_001,8.913,2404.6988,60.0
2026-03-06 20:14:00+00:00,DMU50_001,9.153,2404.85135,60.0
2026-03-06 20:15:00+00:00,DMU50_001,8.406,2404.99145,60.0
2026-03-06 20:16:00+00:00,DMU50_001,8.496,2405.13305,60.0
2026-03-06 20:17:00+00:00,DMU50_001,9.001,2405.28307,60.0
2026-03-06 20:18:00+00:00,DMU50_001,9.479,2405.44105,60.0
2026-03-06 20:19:00+00:00,DMU50_001,8.99,2405.59088,60.0
2026-03-06 20:20:00+00:00,DMU50_001,7.763,2405.72026,60.0
2026-03-06 20:21:00+00:00,DMU50_001,7.356,2405.84286,60.0
2026-03-06 20:22:00+00:00,DMU50_001,4.391,2405.91604,60.0
2026-03-06 20:23:00+00:00,DMU50_001,4.053,2405.98359,60.0
2026-03-06 20:24:00+00:00,DMU50_001,3.971,2406.04977,60.0
2026-03-06 20:25:00+00:00,DMU50_001,3.857,2406.11405,60.0
2026-03-06 20:26:00+00:00,DMU50_001,14.28,2406.35205,60.0
2026-03-06 20:27:00+00:00,DMU50_001,14.519,2406.59403,60.0
2026-03-06 20:28:00+00:00,DMU50_001,14.881,2406.84205,60.0
2026-03-06 20:29:00+00:00,DMU50_001,14.396,2407.08198,60.0
2026-03-06 20:30:00+00:00,DMU50_001,15.093,2407.33353,60.0
2026-03-06 20:31:00+00:00,DMU50_001,14.877,2407.58148,60.0
2026-03-06 20:32:00+00:00,DMU50_001,16.111,2407.85,60.0
2026-03-06 20:33:00+00:00,DMU50_001,14.148,2408.0858,60.0
2026-03-06 20:34:00+00:00,DMU50_001,15.081,2408.33715,60.0
2026-03-06 20:35:00+00:00,DMU50_001,8.052,2408.47135,60.0
2026-03-06 20:36:00+00:00,DMU50_001,7.691,2408.59953,60.0
2026-03-06 20:37:00+00:00,DMU50_001,9.038,2408.75016,60.0
2026-03-06 20:38:00+00:00,DMU50_001,9.308,2408.90529,60.0
2026-03-06 20:39:00+00:00,DMU50_001,9.039,2409.05594,60.0
2026-03-06 20:40:00+00:00,DMU50_001,9.554,2409.21517,60.0
2026-03-06 20:41:00+00:00,DMU50_001,8.129,2409.35065,60.0
2026-03-06 20:42:00+00:00,DMU50_001,8.663,2409.49503,60.0
2026-03-06 20:43:00+00:00,DMU50_001,8.443,2409.63575,60.0
2026-03-06 20:44:00+00:00,DMU50_001,9.365,2409.79183,60.0
2026-03-06 20:45:00+00:00,DMU50_001,9.216,2409.94543,60.0
2026-03-06 20:46:00+00:00,DMU50_001,9.493,2410.10365,60.0
2026-03-06 20:47:00+00:00,DMU50_001,8.233,2410.24087,60.0
2026-03-06 20:48:00+00:00,DMU50_001,9.318,2410.39617,60.0
2026-03-06 20:49:00+00:00,DMU50_001,9.426,2410.55327,60.0
2026-03-06 20:50:00+00:00,DMU50_001,7.802,2410.6833,60.0
2026-03-06 20:51:00+00:00,DMU50_001,16.315,2410.95522,60.0
2026-03-06 20:52:00+00:00,DMU50_001,15.098,2411.20685,60.0
2026-03-06 20:53:00+00:00,DMU50_001,13.904,2411.43858,60.0
2026-03-06 20:54:00+00:00,DMU50_001,15.191,2411.69176,60.0
2026-03-06 20:55:00+00:00,DMU50_001,14.64,2411.93576,60.0
2026-03-06 20:56:00+00:00,DMU50_001,15.582,2412.19546,60.0
2026-03-06 20:57:00+00:00,DMU50_001,15.274,2412.45003,60.0
2026-03-06 20:58:00+00:00,DMU50_001,14.701,2412.69505,60.0
2026-03-06 20:59:00+00:00,DMU50_001,15.751,2412.95757,60.0
2026-03-06 21:00:00+00:00,DMU50_001,15.47,2413.2154,60.0
2026-03-06 21:01:00+00:00,DMU50_001,3.334,2413.27097,60.0
2026-03-06 21:02:00+00:00,DMU50_001,3.47,2413.3288,60.0
2026-03-06 21:03:00+00:00,DMU50_001,3.603,2413.38885,60.0
2026-03-06 21:04:00+00:00,DMU50_001,4.127,2413.45763,60.0
2026-03-06 21:05:00+00:00,DMU50_001,4.133,2413.52651,60.0
2026-03-06 21:06:00+00:00,DMU50_001,4.207,2413.59663,60.0
2026-03-06 21:07:00+00:00,DMU50_001,3.987,2413.66308,60.0
2026-03-06 21:08:00+00:00,DMU50_001,13.884,2413.89448,60.0
2026-03-06 21:09:00+00:00,DMU50_001,15.12,2414.14648,60.0
2026-03-06 21:10:00+00:00,DMU50_001,14.006,2414.37991,60.0
2026-03-06 21:11:00+00:00,DMU50_001,14.503,2414.62163,60.0
2026-03-06 21:12:00+00:00,DMU50_001,14.114,2414.85686,60.0
2026-03-06 21:13:00+00:00,DMU50_001,14.176,2415.09313,60.0
2026-03-06 21:14:00+00:00,DMU50_001,15.213,2415.34668,60.0
2026-03-06 21:15:00+00:00,DMU50_001,14.889,2415.59483,60.0
2026-03-06 21:16:00+00:00,DMU50_001,8.897,2415.74311,60.0
2026-03-06 21:17:00+00:00,DMU50_001,8.474,2415.88434,60.0
2026-03-06 21:18:00+00:00,DMU50_001,3.369,2415.94049,60.0
2026-03-06 21:19:00+00:00,DMU50_001,3.575,2416.00007,60.0
2026-03-06 21:20:00+00:00,DMU50_001,3.49,2416.05824,60.0
2026-03-06 21:21:00+00:00,DMU50_001,9.329,2416.21372,60.0
2026-03-06 21:22:00+00:00,DMU50_001,9.386,2416.37015,60.0
2026-03-06 21:23:00+00:00,DMU50_001,8.899,2416.51847,60.0
2026-03-06 21:24:00+00:00,DMU50_001,8.259,2416.65612,60.0
2026-03-06 21:25:00+00:00,DMU50_001,8.697,2416.80107,60.0
2026-03-06 21:26:00+00:00,DMU50_001,8.961,2416.95042,60.0
2026-03-06 21:27:00+00:00,DMU50_001,8.689,2417.09524,60.0
2026-03-06 21:28:00+00:00,DMU50_001,8.578,2417.23821,60.0
2026-03-06 21:29:00+00:00,DMU50_001,3.514,2417.29678,60.0
2026-03-06 21:30:00+00:00,DMU50_001,3.986,2417.36321,60.0
2026-03-06 21:31:00+00:00,DMU50_001,14.756,2417.60914,60.0
2026-03-06 21:32:00+00:00,DMU50_001,14.999,2417.85912,60.0
2026-03-06 21:33:00+00:00,DMU50_001,14.344,2418.09819,60.0
2026-03-06 21:34:00+00:00,DMU50_001,15.622,2418.35856,60.0
2026-03-06 21:35:00+00:00,DMU50_001,15.437,2418.61584,60.0
2026-03-06 21:36:00+00:00,DMU50_001,15.403,2418.87256,60.0
2026-03-06 21:37:00+00:00,DMU50_001,9.544,2419.03163,60.0
2026-03-06 21:38:00+00:00,DMU50_001,8.829,2419.17878,60.0
2026-03-06 21:39:00+00:00,DMU50_001,8.879,2419.32676,60.0
2026-03-06 21:40:00+00:00,DMU50_001,9.684,2419.48816,60.0
2026-03-06 21:41:00+00:00,DMU50_001,9.253,2419.64238,60.0
2026-03-06 21:42:00+00:00,DMU50_001,8.112,2419.77758,60.0
2026-03-06 21:43:00+00:00,DMU50_001,3.591,2419.83743,60.0
2026-03-06 21:44:00+00:00,DMU50_001,3.384,2419.89383,60.0
2026-03-06 21:45:00+00:00,DMU50_001,3.68,2419.95516,60.0
2026-03-06 21:46:00+00:00,DMU50_001,3.582,2420.01486,60.0
2026-03-06 21:47:00+00:00,DMU50_001,3.152,2420.06739,60.0
2026-03-06 21:48:00+00:00,DMU50_001,15.134,2420.31962,60.0
2026-03-06 21:49:00+00:00,DMU50_001,15.105,2420.57137,60.0
2026-03-06 21:50:00+00:00,DMU50_001,15.182,2420.8244,60.0
2026-03-06 21:51:00+00:00,DMU50_001,15.288,2421.0792,60.0
2026-03-06 21:52:00+00:00,DMU50_001,15.748,2421.34167,60.0
2026-03-06 21:53:00+00:00,DMU50_001,15.207,2421.59512,60.0
2026-03-06 21:54:00+00:00,DMU50_001,15.011,2421.8453,60.0
2026-03-06 21:55:00+00:00,DMU50_001,15.574,2422.10487,60.0
2026-03-06 21:56:00+00:00,DMU50_001,16.121,2422.37355,60.0
2026-03-06 21:57:00+00:00,DMU50_001,9.366,2422.52965,60.0
2026-03-06 21:58:00+00:00,DMU50_001,9.082,2422.68102,60.0
2026-03-06 21:59:00+00:00,DMU50_001,9.173,2422.8339,60.0
2026-03-06 22:00:00+00:00,DMU50_001,9.102,2422.9856,60.0
2026-03-06 22:01:00+00:00,DMU50_001,9.007,2423.13572,60.0
2026-03-06 22:02:00+00:00,DMU50_001,8.65,2423.27989,60.0
2026-03-06 22:03:00+00:00,DMU50_001,14.625,2423.52364,60.0
2026-03-06 22:04:00+00:00,DMU50_001,15.577,2423.78326,60.0
2026-03-06 22:05:00+00:00,DMU50_001,14.937,2424.03221,60.0
2026-03-06 22:06:00+00:00,DMU50_001,14.26,2424.26988,60.0
2026-03-06 22:07:00+00:00,DMU50_001,14.906,2424.51831,60.0
2026-03-06 22:08:00+00:00,DMU50_001,14.727,2424.76376,60.0
2026-03-06 22:09:00+00:00,DMU50_001,15.289,2425.01858,60.0
2026-03-06 22:10:00+00:00,DMU50_001,9.037,2425.1692,60.0
2026-03-06 22:11:00+00:00,DMU50_001,7.693,2425.29742,60.0
2026-03-06 22:12:00+00:00,DMU50_001,8.441,2425.4381,60.0
2026-03-06 22:13:00+00:00,DMU50_001,9.436,2425.59537,60.0
2026-03-06 22:14:00+00:00,DMU50_001,9.634,2425.75594,60.0
2026-03-06 22:15:00+00:00,DMU50_001,9.095,2425.90752,60.0
2026-03-06 22:16:00+00:00,DMU50_001,8.986,2426.05729,60.0
2026-03-06 22:17:00+00:00,DMU50_001,9.281,2426.21197,60.0
2026-03-06 22:18:00+00:00,DMU50_001,8.769,2426.35812,60.0
2026-03-06 22:19:00+00:00,DMU50_001,8.039,2426.4921,60.0
2026-03-06 22:20:00+00:00,DMU50_001,4.165,2426.56152,60.0
2026-03-06 22:21:00+00:00,DMU50_001,3.908,2426.62665,60.0
2026-03-06 22:22:00+00:00,DMU50_001,4.225,2426.69707,60.0
2026-03-06 22:23:00+00:00,DMU50_001,4.112,2426.7656,60.0
2026-03-06 22:24:00+00:00,DMU50_001,8.903,2426.91398,60.0
2026-03-06 22:25:00+00:00,DMU50_001,9.146,2427.06641,60.0
2026-03-06 22:26:00+00:00,DMU50_001,9.509,2427.22489,60.0
2026-03-06 22:27:00+00:00,DMU50_001,8.66,2427.36922,60.0
2026-03-06 22:28:00+00:00,DMU50_001,8.865,2427.51697,60.0
2026-03-06 22:29:00+00:00,DMU50_001,8.694,2427.66187,60.0
2026-03-06 22:30:00+00:00,DMU50_001,3.334,2427.71744,60.0
2026-03-06 22:31:00+00:00,DMU50_001,3.381,2427.77379,60.0
2026-03-06 22:32:00+00:00,DMU50_001,3.461,2427.83147,60.0
2026-03-06 22:33:00+00:00,DMU50_001,3.617,2427.89175,60.0
2026-03-06 22:34:00+00:00,DMU50_001,3.564,2427.95115,60.0
2026-03-06 22:35:00+00:00,DMU50_001,14.472,2428.19235,60.0
2026-03-06 22:36:00+00:00,DMU50_001,15.647,2428.45313,60.0
2026-03-06 22:37:00+00:00,DMU50_001,15.472,2428.711,60.0
2026-03-06 22:38:00+00:00,DMU50_001,14.549,2428.95348,60.0
2026-03-06 22:39:00+00:00,DMU50_001,15.612,2429.21368,60.0
2026-03-06 22:40:00+00:00,DMU50_001,15.163,2429.4664,60.0
2026-03-06 22:41:00+00:00,DMU50_001,14.922,2429.7151,60.0
2026-03-06 22:42:00+00:00,DMU50_001,9.143,2429.86748,60.0
2026-03-06 22:43:00+00:00,DMU50_001,8.99,2430.01731,60.0
2026-03-06 22:44:00+00:00,DMU50_001,9.218,2430.17094,60.0
2026-03-06 22:45:00+00:00,DMU50_001,9.075,2430.32219,60.0
2026-03-06 22:46:00+00:00,DMU50_001,8.865,2430.46994,60.0
2026-03-06 22:47:00+00:00,DMU50_001,3.795,2430.53319,60.0
2026-03-06 22:48:00+00:00,DMU50_001,4.305,2430.60494,60.0
2026-03-06 22:49:00+00:00,DMU50_001,14.813,2430.85182,60.0
2026-03-06 22:50:00+00:00,DMU50_001,15.389,2431.1083,60.0
2026-03-06 22:51:00+00:00,DMU50_001,15.241,2431.36232,60.0
2026-03-06 22:52:00+00:00,DMU50_001,14.826,2431.60942,60.0
2026-03-06 22:53:00+00:00,DMU50_001,15.511,2431.86794,60.0
2026-03-06 22:54:00+00:00,DMU50_001,15.102,2432.11964,60.0
2026-03-06 22:55:00+00:00,DMU50_001,15.082,2432.37101,60.0
2026-03-06 22:56:00+00:00,DMU50_001,14.931,2432.61986,60.0
2026-03-06 22:57:00+00:00,DMU50_001,15.842,2432.88389,60.0
2026-03-06 22:58:00+00:00,DMU50_001,8.715,2433.02914,60.0
2026-03-06 22:59:00+00:00,DMU50_001,8.871,2433.17699,60.0
2026-03-06 23:00:00+00:00,DMU50_001,8.505,2433.31874,60.0
2026-03-06 23:01:00+00:00,DMU50_001,9.291,2433.47359,60.0
2026-03-06 23:02:00+00:00,DMU50_001,8.767,2433.61971,60.0
2026-03-06 23:03:00+00:00,DMU50_001,4.106,2433.68814,60.0
2026-03-06 23:04:00+00:00,DMU50_001,4.097,2433.75642,60.0
2026-03-06 23:05:00+00:00,DMU50_001,4.213,2433.82664,60.0
2026-03-06 23:06:00+00:00,DMU50_001,14.375,2434.06622,60.0
2026-03-06 23:07:00+00:00,DMU50_001,13.878,2434.29752,60.0
2026-03-06 23:08:00+00:00,DMU50_001,15.229,2434.55134,60.0
2026-03-06 23:09:00+00:00,DMU50_001,13.943,2434.78372,60.0
2026-03-06 23:10:00+00:00,DMU50_001,15.427,2435.04084,60.0
2026-03-06 23:11:00+00:00,DMU50_001,15.779,2435.30382,60.0
2026-03-06 23:12:00+00:00,DMU50_001,8.934,2435.45272,60.0
2026-03-06 23:13:00+00:00,DMU50_001,8.39,2435.59255,60.0
2026-03-06 23:14:00+00:00,DMU50_001,4.195,2435.66247,60.0
2026-03-06 23:15:00+00:00,DMU50_001,4.52,2435.7378,60.0
2026-03-06 23:16:00+00:00,DMU50_001,14.772,2435.984,60.0
2026-03-06 23:17:00+00:00,DMU50_001,13.818,2436.2143,60.0
2026-03-06 23:18:00+00:00,DMU50_001,14.96,2436.46363,60.0
2026-03-06 23:19:00+00:00,DMU50_001,15.854,2436.72786,60.0
2026-03-06 23:20:00+00:00,DMU50_001,15.267,2436.98231,60.0
2026-03-06 23:21:00+00:00,DMU50_001,14.742,2437.22801,60.0
2026-03-06 23:22:00+00:00,DMU50_001,15.164,2437.48074,60.0
2026-03-06 23:23:00+00:00,DMU50_001,15.486,2437.73884,60.0
2026-03-06 23:24:00+00:00,DMU50_001,8.966,2437.88827,60.0
2026-03-06 23:25:00+00:00,DMU50_001,10.051,2438.05579,60.0
2026-03-06 23:26:00+00:00,DMU50_001,8.793,2438.20234,60.0
2026-03-06 23:27:00+00:00,DMU50_001,8.301,2438.34069,60.0
2026-03-06 23:28:00+00:00,DMU50_001,15.381,2438.59704,60.0
2026-03-06 23:29:00+00:00,DMU50_001,14.65,2438.84121,60.0
2026-03-06 23:30:00+00:00,DMU50_001,14.788,2439.08768,60.0
2026-03-06 23:31:00+00:00,DMU50_001,15.509,2439.34616,60.0
2026-03-06 23:32:00+00:00,DMU50_001,15.072,2439.59736,60.0
2026-03-06 23:33:00+00:00,DMU50_001,15.169,2439.85018,60.0
2026-03-06 23:34:00+00:00,DMU50_001,14.182,2440.08655,60.0
2026-03-06 23:35:00+00:00,DMU50_001,9.262,2440.24092,60.0
2026-03-06 23:36:00+00:00,DMU50_001,9.115,2440.39284,60.0
2026-03-06 23:37:00+00:00,DMU50_001,8.974,2440.54241,60.0
2026-03-06 23:38:00+00:00,DMU50_001,9.144,2440.69481,60.0
2026-03-06 23:39:00+00:00,DMU50_001,8.836,2440.84208,60.0
2026-03-06 23:40:00+00:00,DMU50_001,7.822,2440.97245,60.0
2026-03-06 23:41:00+00:00,DMU50_001,14.879,2441.22043,60.0
2026-03-06 23:42:00+00:00,DMU50_001,14.768,2441.46656,60.0
2026-03-06 23:43:00+00:00,DMU50_001,16.09,2441.73473,60.0
2026-03-06 23:44:00+00:00,DMU50_001,15.456,2441.99233,60.0
2026-03-06 23:45:00+00:00,DMU50_001,14.516,2442.23426,60.0
2026-03-06 23:46:00+00:00,DMU50_001,16.018,2442.50123,60.0
2026-03-06 23:47:00+00:00,DMU50_001,14.784,2442.74763,60.0
2026-03-06 23:48:00+00:00,DMU50_001,15.015,2442.99788,60.0
2026-03-06 23:49:00+00:00,DMU50_001,15.449,2443.25536,60.0
2026-03-06 23:50:00+00:00,DMU50_001,8.212,2443.39223,60.0
2026-03-06 23:51:00+00:00,DMU50_001,8.905,2443.54065,60.0
2026-03-06 23:52:00+00:00,DMU50_001,4.085,2443.60873,60.0
2026-03-06 23:53:00+00:00,DMU50_001,4.241,2443.67941,60.0
2026-03-06 23:54:00+00:00,DMU50_001,4.274,2443.75064,60.0
2026-03-06 23:55:00+00:00,DMU50_001,14.961,2443.99999,60.0
2026-03-06 23:56:00+00:00,DMU50_001,14.938,2444.24896,60.0
2026-03-06 23:57:00+00:00,DMU50_001,15.533,2444.50784,60.0
2026-03-06 23:58:00+00:00,DMU50_001,15.151,2444.76036,60.0
2026-03-06 23:59:00+00:00,DMU50_001,15.021,2445.01071,60.0
2026-03-07 00:00:00+00:00,DMU50_001,15.074,2445.26194,60.0
2026-03-07 00:01:00+00:00,DMU50_001,3.867,2445.32639,60.0
2026-03-07 00:02:00+00:00,DMU50_001,3.535,2445.38531,60.0
2026-03-07 00:03:00+00:00,DMU50_001,3.397,2445.44193,60.0
2026-03-07 00:04:00+00:00,DMU50_001,3.118,2445.4939,60.0
2026-03-07 00:05:00+00:00,DMU50_001,14.283,2445.73195,60.0
2026-03-07 00:06:00+00:00,DMU50_001,14.766,2445.97805,60.0
2026-03-07 00:07:00+00:00,DMU50_001,14.946,2446.22715,60.0
2026-03-07 00:08:00+00:00,DMU50_001,14.722,2446.47252,60.0
2026-03-07 00:09:00+00:00,DMU50_001,15.176,2446.72545,60.0
2026-03-07 00:10:00+00:00,DMU50_001,14.716,2446.97072,60.0
2026-03-07 00:11:00+00:00,DMU50_001,14.543,2447.2131,60.0
2026-03-07 00:12:00+00:00,DMU50_001,15.306,2447.4682,60.0
2026-03-07 00:13:00+00:00,DMU50_001,9.548,2447.62733,60.0
2026-03-07 00:14:00+00:00,DMU50_001,8.557,2447.76995,60.0
2026-03-07 00:15:00+00:00,DMU50_001,4.249,2447.84077,60.0
2026-03-07 00:16:00+00:00,DMU50_001,3.819,2447.90442,60.0
2026-03-07 00:17:00+00:00,DMU50_001,3.905,2447.9695,60.0
2026-03-07 00:18:00+00:00,DMU50_001,14.706,2448.2146,60.0
2026-03-07 00:19:00+00:00,DMU50_001,15.567,2448.47405,60.0
2026-03-07 00:20:00+00:00,DMU50_001,14.611,2448.71757,60.0
2026-03-07 00:21:00+00:00,DMU50_001,14.592,2448.96077,60.0
2026-03-07 00:22:00+00:00,DMU50_001,15.018,2449.21107,60.0
2026-03-07 00:23:00+00:00,DMU50_001,15.019,2449.46139,60.0
2026-03-07 00:24:00+00:00,DMU50_001,14.607,2449.70484,60.0
2026-03-07 00:25:00+00:00,DMU50_001,15.993,2449.97139,60.0
2026-03-07 00:26:00+00:00,DMU50_001,14.867,2450.21917,60.0
2026-03-07 00:27:00+00:00,DMU50_001,15.057,2450.47012,60.0
2026-03-07 00:28:00+00:00,DMU50_001,14.799,2450.71677,60.0
2026-03-07 00:29:00+00:00,DMU50_001,15.22,2450.97044,60.0
2026-03-07 00:30:00+00:00,DMU50_001,15.617,2451.23072,60.0
2026-03-07 00:31:00+00:00,DMU50_001,15.832,2451.49459,60.0
2026-03-07 00:32:00+00:00,DMU50_001,7.771,2451.62411,60.0
2026-03-07 00:33:00+00:00,DMU50_001,8.33,2451.76294,60.0
2026-03-07 00:34:00+00:00,DMU50_001,3.61,2451.82311,60.0
2026-03-07 00:35:00+00:00,DMU50_001,3.695,2451.88469,60.0
2026-03-07 00:36:00+00:00,DMU50_001,3.482,2451.94272,60.0
2026-03-07 00:37:00+00:00,DMU50_001,3.463,2452.00044,60.0
2026-03-07 00:38:00+00:00,DMU50_001,9.374,2452.15667,60.0
2026-03-07 00:39:00+00:00,DMU50_001,9.382,2452.31304,60.0
2026-03-07 00:40:00+00:00,DMU50_001,9.626,2452.47347,60.0
2026-03-07 00:41:00+00:00,DMU50_001,9.079,2452.62479,60.0
2026-03-07 00:42:00+00:00,DMU50_001,8.957,2452.77407,60.0
2026-03-07 00:43:00+00:00,DMU50_001,8.016,2452.90767,60.0
2026-03-07 00:44:00+00:00,DMU50_001,8.355,2453.04692,60.0
2026-03-07 00:45:00+00:00,DMU50_001,7.882,2453.17829,60.0
2026-03-07 00:46:00+00:00,DMU50_001,3.28,2453.23296,60.0
2026-03-07 00:47:00+00:00,DMU50_001,3.663,2453.29401,60.0
2026-03-07 00:48:00+00:00,DMU50_001,3.238,2453.34798,60.0
2026-03-07 00:49:00+00:00,DMU50_001,3.4,2453.40465,60.0
2026-03-07 00:50:00+00:00,DMU50_001,7.861,2453.53567,60.0
2026-03-07 00:51:00+00:00,DMU50_001,3.741,2453.59802,60.0
2026-03-07 00:52:00+00:00,DMU50_001,3.378,2453.65432,60.0
2026-03-07 00:53:00+00:00,DMU50_001,3.59,2453.71415,60.0
2026-03-07 00:54:00+00:00,DMU50_001,3.539,2453.77313,60.0
2026-03-07 00:55:00+00:00,DMU50_001,3.681,2453.83448,60.0
2026-03-07 00:56:00+00:00,DMU50_001,9.34,2453.99015,60.0
2026-03-07 00:57:00+00:00,DMU50_001,8.987,2454.13993,60.0
2026-03-07 00:58:00+00:00,DMU50_001,8.321,2454.27861,60.0
2026-03-07 00:59:00+00:00,DMU50_001,8.907,2454.42706,60.0
2026-03-07 01:00:00+00:00,DMU50_001,8.992,2454.57693,60.0
2026-03-07 01:01:00+00:00,DMU50_001,9.114,2454.72883,60.0
2026-03-07 01:02:00+00:00,DMU50_001,7.779,2454.85848,60.0
2026-03-07 01:03:00+00:00,DMU50_001,15.57,2455.11798,60.0
2026-03-07 01:04:00+00:00,DMU50_001,15.007,2455.3681,60.0
2026-03-07 01:05:00+00:00,DMU50_001,14.54,2455.61043,60.0
2026-03-07 01:06:00+00:00,DMU50_001,14.771,2455.85661,60.0
2026-03-07 01:07:00+00:00,DMU50_001,15.964,2456.12268,60.0
2026-03-07 01:08:00+00:00,DMU50_001,15.332,2456.37821,60.0
2026-03-07 01:09:00+00:00,DMU50_001,15.524,2456.63694,60.0
2026-03-07 01:10:00+00:00,DMU50_001,14.479,2456.87826,60.0
2026-03-07 01:11:00+00:00,DMU50_001,14.656,2457.12253,60.0
2026-03-07 01:12:00+00:00,DMU50_001,8.727,2457.26798,60.0
2026-03-07 01:13:00+00:00,DMU50_001,9.074,2457.41921,60.0
2026-03-07 01:14:00+00:00,DMU50_001,4.165,2457.48863,60.0
2026-03-07 01:15:00+00:00,DMU50_001,4.102,2457.557,60.0
2026-03-07 01:16:00+00:00,DMU50_001,4.127,2457.62578,60.0
2026-03-07 01:17:00+00:00,DMU50_001,3.341,2457.68146,60.0
2026-03-07 01:18:00+00:00,DMU50_001,3.464,2457.73919,60.0
2026-03-07 01:19:00+00:00,DMU50_001,3.723,2457.80124,60.0
2026-03-07 01:20:00+00:00,DMU50_001,3.197,2457.85452,60.0
2026-03-07 01:21:00+00:00,DMU50_001,4.269,2457.92567,60.0
2026-03-07 01:22:00+00:00,DMU50_001,4.476,2458.00027,60.0
2026-03-07 01:23:00+00:00,DMU50_001,4.163,2458.06965,60.0
2026-03-07 01:24:00+00:00,DMU50_001,4.094,2458.13788,60.0
2026-03-07 01:25:00+00:00,DMU50_001,15.462,2458.39558,60.0
2026-03-07 01:26:00+00:00,DMU50_001,14.508,2458.63738,60.0
2026-03-07 01:27:00+00:00,DMU50_001,14.989,2458.8872,60.0
2026-03-07 01:28:00+00:00,DMU50_001,14.48,2459.12853,60.0
2026-03-07 01:29:00+00:00,DMU50_001,14.065,2459.36295,60.0
2026-03-07 01:30:00+00:00,DMU50_001,14.924,2459.61168,60.0
2026-03-07 01:31:00+00:00,DMU50_001,14.368,2459.85115,60.0
2026-03-07 01:32:00+00:00,DMU50_001,14.994,2460.10105,60.0
2026-03-07 01:33:00+00:00,DMU50_001,15.558,2460.36035,60.0
2026-03-07 01:34:00+00:00,DMU50_001,15.927,2460.6258,60.0
2026-03-07 01:35:00+00:00,DMU50_001,9.037,2460.77642,60.0
2026-03-07 01:36:00+00:00,DMU50_001,9.408,2460.93322,60.0
2026-03-07 01:37:00+00:00,DMU50_001,9.16,2461.08589,60.0
2026-03-07 01:38:00+00:00,DMU50_001,7.885,2461.21731,60.0
2026-03-07 01:39:00+00:00,DMU50_001,7.423,2461.34103,60.0
2026-03-07 01:40:00+00:00,DMU50_001,9.651,2461.50188,60.0
2026-03-07 01:41:00+00:00,DMU50_001,8.58,2461.64488,60.0
2026-03-07 01:42:00+00:00,DMU50_001,9.553,2461.8041,60.0
2026-03-07 01:43:00+00:00,DMU50_001,9.215,2461.95768,60.0
2026-03-07 01:44:00+00:00,DMU50_001,8.61,2462.10118,60.0
2026-03-07 01:45:00+00:00,DMU50_001,9.125,2462.25326,60.0
2026-03-07 01:46:00+00:00,DMU50_001,9.853,2462.41748,60.0
2026-03-07 01:47:00+00:00,DMU50_001,8.461,2462.5585,60.0
2026-03-07 01:48:00+00:00,DMU50_001,14.744,2462.80423,60.0
2026-03-07 01:49:00+00:00,DMU50_001,14.644,2463.0483,60.0
2026-03-07 01:50:00+00:00,DMU50_001,15.05,2463.29913,60.0
2026-03-07 01:51:00+00:00,DMU50_001,14.917,2463.54775,60.0
2026-03-07 01:52:00+00:00,DMU50_001,15.6,2463.80775,60.0
2026-03-07 01:53:00+00:00,DMU50_001,15.37,2464.06392,60.0
2026-03-07 01:54:00+00:00,DMU50_001,14.154,2464.29982,60.0
2026-03-07 01:55:00+00:00,DMU50_001,15.229,2464.55364,60.0
2026-03-07 01:56:00+00:00,DMU50_001,14.91,2464.80214,60.0
2026-03-07 01:57:00+00:00,DMU50_001,9.015,2464.95239,60.0
2026-03-07 01:58:00+00:00,DMU50_001,9.1,2465.10406,60.0
2026-03-07 01:59:00+00:00,DMU50_001,9.479,2465.26204,60.0
2026-03-07 02:00:00+00:00,DMU50_001,9.391,2465.41856,60.0
2026-03-07 02:01:00+00:00,DMU50_001,4.05,2465.48606,60.0
2026-03-07 02:02:00+00:00,DMU50_001,4.188,2465.55586,60.0
2026-03-07 02:03:00+00:00,DMU50_001,14.776,2465.80213,60.0
2026-03-07 02:04:00+00:00,DMU50_001,14.159,2466.03811,60.0
2026-03-07 02:05:00+00:00,DMU50_001,14.945,2466.28719,60.0
2026-03-07 02:06:00+00:00,DMU50_001,15.922,2466.55256,60.0
2026-03-07 02:07:00+00:00,DMU50_001,14.144,2466.78829,60.0
2026-03-07 02:08:00+00:00,DMU50_001,14.988,2467.03809,60.0
2026-03-07 02:09:00+00:00,DMU50_001,14.972,2467.28762,60.0
2026-03-07 02:10:00+00:00,DMU50_001,9.115,2467.43954,60.0
2026-03-07 02:11:00+00:00,DMU50_001,8.615,2467.58312,60.0
2026-03-07 02:12:00+00:00,DMU50_001,8.43,2467.72362,60.0
2026-03-07 02:13:00+00:00,DMU50_001,8.449,2467.86444,60.0
2026-03-07 02:14:00+00:00,DMU50_001,9.532,2468.02331,60.0
2026-03-07 02:15:00+00:00,DMU50_001,8.607,2468.16676,60.0
2026-03-07 02:16:00+00:00,DMU50_001,7.85,2468.29759,60.0
2026-03-07 02:17:00+00:00,DMU50_001,16.052,2468.56512,60.0
2026-03-07 02:18:00+00:00,DMU50_001,14.633,2468.809,60.0
2026-03-07 02:19:00+00:00,DMU50_001,15.171,2469.06185,60.0
2026-03-07 02:20:00+00:00,DMU50_001,15.532,2469.32072,60.0
2026-03-07 02:21:00+00:00,DMU50_001,15.508,2469.57919,60.0
2026-03-07 02:22:00+00:00,DMU50_001,14.334,2469.81809,60.0
2026-03-07 02:23:00+00:00,DMU50_001,14.643,2470.06214,60.0
2026-03-07 02:24:00+00:00,DMU50_001,15.151,2470.31466,60.0
2026-03-07 02:25:00+00:00,DMU50_001,9.772,2470.47753,60.0
2026-03-07 02:26:00+00:00,DMU50_001,4.048,2470.545,60.0
2026-03-07 02:27:00+00:00,DMU50_001,4.101,2470.61335,60.0
2026-03-07 02:28:00+00:00,DMU50_001,4.284,2470.68475,60.0
2026-03-07 02:29:00+00:00,DMU50_001,4.324,2470.75682,60.0
2026-03-07 02:30:00+00:00,DMU50_001,15.34,2471.01249,60.0
2026-03-07 02:31:00+00:00,DMU50_001,14.577,2471.25544,60.0
2026-03-07 02:32:00+00:00,DMU50_001,14.734,2471.50101,60.0
2026-03-07 02:33:00+00:00,DMU50_001,15.108,2471.75281,60.0
2026-03-07 02:34:00+00:00,DMU50_001,15.631,2472.01333,60.0
2026-03-07 02:35:00+00:00,DMU50_001,14.881,2472.26135,60.0
2026-03-07 02:36:00+00:00,DMU50_001,8.991,2472.4112,60.0
2026-03-07 02:37:00+00:00,DMU50_001,8.59,2472.55437,60.0
2026-03-07 02:38:00+00:00,DMU50_001,9.745,2472.71679,60.0
2026-03-07 02:39:00+00:00,DMU50_001,9.062,2472.86782,60.0
2026-03-07 02:40:00+00:00,DMU50_001,9.431,2473.025,60.0
2026-03-07 02:41:00+00:00,DMU50_001,9.012,2473.1752,60.0
2026-03-07 02:42:00+00:00,DMU50_001,9.034,2473.32577,60.0
2026-03-07 02:43:00+00:00,DMU50_001,8.4,2473.46577,60.0
2026-03-07 02:44:00+00:00,DMU50_001,3.07,2473.51694,60.0
2026-03-07 02:45:00+00:00,DMU50_001,3.75,2473.57944,60.0
2026-03-07 02:46:00+00:00,DMU50_001,3.516,2473.63804,60.0
2026-03-07 02:47:00+00:00,DMU50_001,15.103,2473.88976,60.0
2026-03-07 02:48:00+00:00,DMU50_001,14.375,2474.12934,60.0
2026-03-07 02:49:00+00:00,DMU50_001,14.548,2474.37181,60.0
2026-03-07 02:50:00+00:00,DMU50_001,15.531,2474.63066,60.0
2026-03-07 02:51:00+00:00,DMU50_001,15.87,2474.89516,60.0
2026-03-07 02:52:00+00:00,DMU50_001,14.689,2475.13998,60.0
2026-03-07 02:53:00+00:00,DMU50_001,15.336,2475.39558,60.0
2026-03-07 02:54:00+00:00,DMU50_001,15.095,2475.64716,60.0
2026-03-07 02:55:00+00:00,DMU50_001,4.176,2475.71676,60.0
2026-03-07 02:56:00+00:00,DMU50_001,4.57,2475.79293,60.0
2026-03-07 02:57:00+00:00,DMU50_001,7.864,2475.924,60.0
2026-03-07 02:58:00+00:00,DMU50_001,4.448,2475.99813,60.0
2026-03-07 02:59:00+00:00,DMU50_001,4.276,2476.0694,60.0
2026-03-07 03:00:00+00:00,DMU50_001,7.995,2476.20265,60.0
2026-03-07 03:01:00+00:00,DMU50_001,15.686,2476.46408,60.0
2026-03-07 03:02:00+00:00,DMU50_001,15.145,2476.7165,60.0
2026-03-07 03:03:00+00:00,DMU50_001,14.952,2476.9657,60.0
2026-03-07 03:04:00+00:00,DMU50_001,15.69,2477.2272,60.0
2026-03-07 03:05:00+00:00,DMU50_001,15.625,2477.48762,60.0
2026-03-07 03:06:00+00:00,DMU50_001,15.601,2477.74764,60.0
2026-03-07 03:07:00+00:00,DMU50_001,7.445,2477.87172,60.0
2026-03-07 03:08:00+00:00,DMU50_001,9.176,2478.02465,60.0
2026-03-07 03:09:00+00:00,DMU50_001,9.085,2478.17607,60.0
2026-03-07 03:10:00+00:00,DMU50_001,8.986,2478.32584,60.0
2026-03-07 03:11:00+00:00,DMU50_001,9.244,2478.47991,60.0
2026-03-07 03:12:00+00:00,DMU50_001,3.552,2478.53911,60.0
2026-03-07 03:13:00+00:00,DMU50_001,3.636,2478.59971,60.0
2026-03-07 03:14:00+00:00,DMU50_001,4.146,2478.66881,60.0
2026-03-07 03:15:00+00:00,DMU50_001,4.5,2478.74381,60.0
2026-03-07 03:16:00+00:00,DMU50_001,3.656,2478.80474,60.0
2026-03-07 03:17:00+00:00,DMU50_001,3.609,2478.86489,60.0
2026-03-07 03:18:00+00:00,DMU50_001,3.599,2478.92487,60.0
2026-03-07 03:19:00+00:00,DMU50_001,3.731,2478.98705,60.0
2026-03-07 03:20:00+00:00,DMU50_001,3.704,2479.04878,60.0
2026-03-07 03:21:00+00:00,DMU50_001,8.955,2479.19803,60.0
2026-03-07 03:22:00+00:00,DMU50_001,9.396,2479.35463,60.0
2026-03-07 03:23:00+00:00,DMU50_001,9.07,2479.5058,60.0
2026-03-07 03:24:00+00:00,DMU50_001,9.767,2479.66858,60.0
2026-03-07 03:25:00+00:00,DMU50_001,9.439,2479.8259,60.0
2026-03-07 03:26:00+00:00,DMU50_001,8.75,2479.97173,60.0
2026-03-07 03:27:00+00:00,DMU50_001,4.666,2480.0495,60.0
2026-03-07 03:28:00+00:00,DMU50_001,3.78,2480.1125,60.0
2026-03-07 03:29:00+00:00,DMU50_001,4.327,2480.18462,60.0
2026-03-07 03:30:00+00:00,DMU50_001,4.061,2480.2523,60.0
2026-03-07 03:31:00+00:00,DMU50_001,15.941,2480.51798,60.0
2026-03-07 03:32:00+00:00,DMU50_001,15.126,2480.77008,60.0
2026-03-07 03:33:00+00:00,DMU50_001,14.603,2481.01346,60.0
2026-03-07 03:34:00+00:00,DMU50_001,14.867,2481.26124,60.0
2026-03-07 03:35:00+00:00,DMU50_001,14.643,2481.50529,60.0
2026-03-07 03:36:00+00:00,DMU50_001,14.847,2481.75274,60.0
2026-03-07 03:37:00+00:00,DMU50_001,14.836,2482.00001,60.0
2026-03-07 03:38:00+00:00,DMU50_001,14.624,2482.24374,60.0
2026-03-07 03:39:00+00:00,DMU50_001,15.135,2482.49599,60.0
2026-03-07 03:40:00+00:00,DMU50_001,4.278,2482.56729,60.0
2026-03-07 03:41:00+00:00,DMU50_001,4.001,2482.63397,60.0
2026-03-07 03:42:00+00:00,DMU50_001,7.503,2482.75902,60.0
2026-03-07 03:43:00+00:00,DMU50_001,15.155,2483.0116,60.0
2026-03-07 03:44:00+00:00,DMU50_001,15.266,2483.26603,60.0
2026-03-07 03:45:00+00:00,DMU50_001,15.365,2483.52211,60.0
2026-03-07 03:46:00+00:00,DMU50_001,15.276,2483.77671,60.0
2026-03-07 03:47:00+00:00,DMU50_001,15.786,2484.03981,60.0
2026-03-07 03:48:00+00:00,DMU50_001,15.499,2484.29813,60.0
2026-03-07 03:49:00+00:00,DMU50_001,16.34,2484.57046,60.0
2026-03-07 03:50:00+00:00,DMU50_001,16.55,2484.84629,60.0
2026-03-07 03:51:00+00:00,DMU50_001,3.148,2484.89876,60.0
2026-03-07 03:52:00+00:00,DMU50_001,3.061,2484.94978,60.0
2026-03-07 03:53:00+00:00,DMU50_001,3.499,2485.0081,60.0
2026-03-07 03:54:00+00:00,DMU50_001,3.601,2485.06812,60.0
2026-03-07 03:55:00+00:00,DMU50_001,3.485,2485.1262,60.0
2026-03-07 03:56:00+00:00,DMU50_001,9.281,2485.28088,60.0
2026-03-07 03:57:00+00:00,DMU50_001,8.892,2485.42908,60.0
2026-03-07 03:58:00+00:00,DMU50_001,8.722,2485.57445,60.0
2026-03-07 03:59:00+00:00,DMU50_001,8.783,2485.72083,60.0
2026-03-07 04:00:00+00:00,DMU50_001,8.92,2485.8695,60.0
2026-03-07 04:01:00+00:00,DMU50_001,9.337,2486.02512,60.0
2026-03-07 04:02:00+00:00,DMU50_001,8.805,2486.17187,60.0
2026-03-07 04:03:00+00:00,DMU50_001,8.884,2486.31994,60.0
2026-03-07 04:04:00+00:00,DMU50_001,9.228,2486.47374,60.0
2026-03-07 04:05:00+00:00,DMU50_001,4.16,2486.54307,60.0
2026-03-07 04:06:00+00:00,DMU50_001,4.423,2486.61679,60.0
2026-03-07 04:07:00+00:00,DMU50_001,4.016,2486.68372,60.0
2026-03-07 04:08:00+00:00,DMU50_001,3.273,2486.73827,60.0
2026-03-07 04:09:00+00:00,DMU50_001,3.561,2486.79762,60.0
2026-03-07 04:10:00+00:00,DMU50_001,3.581,2486.8573,60.0
2026-03-07 04:11:00+00:00,DMU50_001,3.327,2486.91275,60.0
2026-03-07 04:12:00+00:00,DMU50_001,3.769,2486.97557,60.0
2026-03-07 04:13:00+00:00,DMU50_001,15.962,2487.2416,60.0
2026-03-07 04:14:00+00:00,DMU50_001,14.686,2487.48637,60.0
2026-03-07 04:15:00+00:00,DMU50_001,15.744,2487.74877,60.0
2026-03-07 04:16:00+00:00,DMU50_001,13.809,2487.97892,60.0
2026-03-07 04:17:00+00:00,DMU50_001,15.538,2488.23789,60.0
2026-03-07 04:18:00+00:00,DMU50_001,14.571,2488.48074,60.0
2026-03-07 04:19:00+00:00,DMU50_001,15.488,2488.73887,60.0
2026-03-07 04:20:00+00:00,DMU50_001,8.615,2488.88245,60.0
2026-03-07 04:21:00+00:00,DMU50_001,7.979,2489.01543,60.0
2026-03-07 04:22:00+00:00,DMU50_001,4.038,2489.08273,60.0
2026-03-07 04:23:00+00:00,DMU50_001,4.157,2489.15201,60.0
2026-03-07 04:24:00+00:00,DMU50_001,4.566,2489.22811,60.0
2026-03-07 04:25:00+00:00,DMU50_001,4.178,2489.29774,60.0
2026-03-07 04:26:00+00:00,DMU50_001,8.633,2489.44162,60.0
2026-03-07 04:27:00+00:00,DMU50_001,7.884,2489.57302,60.0
2026-03-07 04:28:00+00:00,DMU50_001,15.746,2489.83545,60.0
2026-03-07 04:29:00+00:00,DMU50_001,14.187,2490.0719,60.0
2026-03-07 04:30:00+00:00,DMU50_001,14.857,2490.31952,60.0
2026-03-07 04:31:00+00:00,DMU50_001,14.732,2490.56505,60.0
2026-03-07 04:32:00+00:00,DMU50_001,15.769,2490.82787,60.0
2026-03-07 04:33:00+00:00,DMU50_001,15.093,2491.07942,60.0
2026-03-07 04:34:00+00:00,DMU50_001,13.956,2491.31202,60.0
2026-03-07 04:35:00+00:00,DMU50_001,14.345,2491.5511,60.0
2026-03-07 04:36:00+00:00,DMU50_001,14.494,2491.79267,60.0
2026-03-07 04:37:00+00:00,DMU50_001,9.374,2491.9489,60.0
2026-03-07 04:38:00+00:00,DMU50_001,9.322,2492.10427,60.0
2026-03-07 04:39:00+00:00,DMU50_001,4.14,2492.17327,60.0
2026-03-07 04:40:00+00:00,DMU50_001,4.09,2492.24144,60.0
2026-03-07 04:41:00+00:00,DMU50_001,4.343,2492.31382,60.0
2026-03-07 04:42:00+00:00,DMU50_001,7.661,2492.4415,60.0
2026-03-07 04:43:00+00:00,DMU50_001,4.292,2492.51303,60.0
2026-03-07 04:44:00+00:00,DMU50_001,4.275,2492.58428,60.0
2026-03-07 04:45:00+00:00,DMU50_001,7.918,2492.71625,60.0
2026-03-07 04:46:00+00:00,DMU50_001,8.119,2492.85157,60.0
2026-03-07 04:47:00+00:00,DMU50_001,15.051,2493.10242,60.0
2026-03-07 04:48:00+00:00,DMU50_001,15.249,2493.35657,60.0
2026-03-07 04:49:00+00:00,DMU50_001,14.333,2493.59545,60.0
2026-03-07 04:50:00+00:00,DMU50_001,15.307,2493.85057,60.0
2026-03-07 04:51:00+00:00,DMU50_001,15.513,2494.10912,60.0
2026-03-07 04:52:00+00:00,DMU50_001,15.16,2494.36179,60.0
2026-03-07 04:53:00+00:00,DMU50_001,9.24,2494.51579,60.0
2026-03-07 04:54:00+00:00,DMU50_001,8.956,2494.66506,60.0
2026-03-07 04:55:00+00:00,DMU50_001,9.357,2494.82101,60.0
2026-03-07 04:56:00+00:00,DMU50_001,9.026,2494.97144,60.0
2026-03-07 04:57:00+00:00,DMU50_001,8.541,2495.11379,60.0
2026-03-07 04:58:00+00:00,DMU50_001,9.328,2495.26926,60.0
2026-03-07 04:59:00+00:00,DMU50_001,3.873,2495.33381,60.0
2026-03-07 05:00:00+00:00,DMU50_001,4.257,2495.40476,60.0
2026-03-07 05:01:00+00:00,DMU50_001,4.123,2495.47348,60.0
2026-03-07 05:02:00+00:00,DMU50_001,4.11,2495.54198,60.0
2026-03-07 05:03:00+00:00,DMU50_001,15.086,2495.79341,60.0
2026-03-07 05:04:00+00:00,DMU50_001,14.645,2496.03749,60.0
2026-03-07 05:05:00+00:00,DMU50_001,15.256,2496.29176,60.0
2026-03-07 05:06:00+00:00,DMU50_001,15.028,2496.54223,60.0
2026-03-07 05:07:00+00:00,DMU50_001,14.691,2496.78708,60.0
2026-03-07 05:08:00+00:00,DMU50_001,15.669,2497.04823,60.0
2026-03-07 05:09:00+00:00,DMU50_001,15.102,2497.29993,60.0
2026-03-07 05:10:00+00:00,DMU50_001,15.315,2497.55518,60.0
2026-03-07 05:11:00+00:00,DMU50_001,9.567,2497.71463,60.0
2026-03-07 05:12:00+00:00,DMU50_001,8.42,2497.85496,60.0
2026-03-07 05:13:00+00:00,DMU50_001,8.174,2497.99119,60.0
2026-03-07 05:14:00+00:00,DMU50_001,14.849,2498.23867,60.0
2026-03-07 05:15:00+00:00,DMU50_001,14.285,2498.47675,60.0
2026-03-07 05:16:00+00:00,DMU50_001,15.103,2498.72847,60.0
2026-03-07 05:17:00+00:00,DMU50_001,15.547,2498.98759,60.0
2026-03-07 05:18:00+00:00,DMU50_001,15.177,2499.24054,60.0
2026-03-07 05:19:00+00:00,DMU50_001,13.278,2499.46184,60.0
2026-03-07 05:20:00+00:00,DMU50_001,9.348,2499.61764,60.0
2026-03-07 05:21:00+00:00,DMU50_001,9.373,2499.77386,60.0
2026-03-07 05:22:00+00:00,DMU50_001,8.88,2499.92186,60.0
2026-03-07 05:23:00+00:00,DMU50_001,9.395,2500.07844,60.0
2026-03-07 05:24:00+00:00,DMU50_001,9.251,2500.23262,60.0
2026-03-07 05:25:00+00:00,DMU50_001,8.726,2500.37805,60.0
2026-03-07 05:26:00+00:00,DMU50_001,4.454,2500.45228,60.0
2026-03-07 05:27:00+00:00,DMU50_001,3.947,2500.51806,60.0
2026-03-07 05:28:00+00:00,DMU50_001,4.189,2500.58788,60.0
2026-03-07 05:29:00+00:00,DMU50_001,14.921,2500.83656,60.0
2026-03-07 05:30:00+00:00,DMU50_001,14.587,2501.07968,60.0
2026-03-07 05:31:00+00:00,DMU50_001,15.152,2501.33221,60.0
2026-03-07 05:32:00+00:00,DMU50_001,15.655,2501.59313,60.0
2026-03-07 05:33:00+00:00,DMU50_001,15.624,2501.85353,60.0
2026-03-07 05:34:00+00:00,DMU50_001,15.362,2502.10956,60.0
2026-03-07 05:35:00+00:00,DMU50_001,14.152,2502.34543,60.0
2026-03-07 05:36:00+00:00,DMU50_001,14.332,2502.5843,60.0
2026-03-07 05:37:00+00:00,DMU50_001,15.083,2502.83568,60.0
2026-03-07 05:38:00+00:00,DMU50_001,8.986,2502.98545,60.0
2026-03-07 05:39:00+00:00,DMU50_001,8.801,2503.13213,60.0
2026-03-07 05:40:00+00:00,DMU50_001,9.762,2503.29483,60.0
2026-03-07 05:41:00+00:00,DMU50_001,3.521,2503.35351,60.0
2026-03-07 05:42:00+00:00,DMU50_001,3.608,2503.41364,60.0
2026-03-07 05:43:00+00:00,DMU50_001,3.698,2503.47527,60.0
2026-03-07 05:44:00+00:00,DMU50_001,3.511,2503.53379,60.0
2026-03-07 05:45:00+00:00,DMU50_001,4.718,2503.61242,60.0
2026-03-07 05:46:00+00:00,DMU50_001,4.012,2503.67929,60.0
2026-03-07 05:47:00+00:00,DMU50_001,4.079,2503.74727,60.0
2026-03-07 05:48:00+00:00,DMU50_001,4.011,2503.81412,60.0
2026-03-07 05:49:00+00:00,DMU50_001,8.469,2503.95527,60.0
2026-03-07 05:50:00+00:00,DMU50_001,8.241,2504.09262,60.0
2026-03-07 05:51:00+00:00,DMU50_001,14.728,2504.33809,60.0
2026-03-07 05:52:00+00:00,DMU50_001,14.568,2504.58089,60.0
2026-03-07 05:53:00+00:00,DMU50_001,15.692,2504.84242,60.0
2026-03-07 05:54:00+00:00,DMU50_001,15.181,2505.09544,60.0
2026-03-07 05:55:00+00:00,DMU50_001,15.705,2505.35719,60.0
2026-03-07 05:56:00+00:00,DMU50_001,14.97,2505.60669,60.0
2026-03-07 05:57:00+00:00,DMU50_001,9.205,2505.76011,60.0
2026-03-07 05:58:00+00:00,DMU50_001,4.26,2505.83111,60.0
2026-03-07 05:59:00+00:00,DMU50_001,4.075,2505.89903,60.0
2026-03-07 06:00:00+00:00,DMU50_001,4.171,2505.96855,60.0
2026-03-07 06:01:00+00:00,DMU50_001,14.408,2506.20868,60.0
2026-03-07 06:02:00+00:00,DMU50_001,15.247,2506.4628,60.0
2026-03-07 06:03:00+00:00,DMU50_001,15.381,2506.71915,60.0
2026-03-07 06:04:00+00:00,DMU50_001,15.495,2506.9774,60.0
2026-03-07 06:05:00+00:00,DMU50_001,15.333,2507.23295,60.0
2026-03-07 06:06:00+00:00,DMU50_001,14.936,2507.48188,60.0
2026-03-07 06:07:00+00:00,DMU50_001,15.776,2507.74481,60.0
2026-03-07 06:08:00+00:00,DMU50_001,15.446,2508.00224,60.0
2026-03-07 06:09:00+00:00,DMU50_001,9.555,2508.16149,60.0
2026-03-07 06:10:00+00:00,DMU50_001,9.581,2508.32117,60.0
2026-03-07 06:11:00+00:00,DMU50_001,4.175,2508.39075,60.0
2026-03-07 06:12:00+00:00,DMU50_001,4.278,2508.46205,60.0
2026-03-07 06:13:00+00:00,DMU50_001,4.355,2508.53463,60.0
2026-03-07 06:14:00+00:00,DMU50_001,3.97,2508.6008,60.0
2026-03-07 06:15:00+00:00,DMU50_001,14.437,2508.84142,60.0
2026-03-07 06:16:00+00:00,DMU50_001,14.35,2509.08059,60.0
2026-03-07 06:17:00+00:00,DMU50_001,14.946,2509.32969,60.0
2026-03-07 06:18:00+00:00,DMU50_001,14.833,2509.57691,60.0
2026-03-07 06:19:00+00:00,DMU50_001,14.282,2509.81494,60.0
2026-03-07 06:20:00+00:00,DMU50_001,15.075,2510.06619,60.0
2026-03-07 06:21:00+00:00,DMU50_001,14.952,2510.31539,60.0
2026-03-07 06:22:00+00:00,DMU50_001,9.473,2510.47327,60.0
2026-03-07 06:23:00+00:00,DMU50_001,9.805,2510.63669,60.0
2026-03-07 06:24:00+00:00,DMU50_001,9.183,2510.78974,60.0
2026-03-07 06:25:00+00:00,DMU50_001,7.791,2510.91959,60.0
2026-03-07 06:26:00+00:00,DMU50_001,15.323,2511.17497,60.0
2026-03-07 06:27:00+00:00,DMU50_001,15.005,2511.42505,60.0
2026-03-07 06:28:00+00:00,DMU50_001,14.88,2511.67305,60.0
2026-03-07 06:29:00+00:00,DMU50_001,14.569,2511.91587,60.0
2026-03-07 06:30:00+00:00,DMU50_001,14.768,2512.162,60.0
2026-03-07 06:31:00+00:00,DMU50_001,14.911,2512.41052,60.0
2026-03-07 06:32:00+00:00,DMU50_001,15.402,2512.66722,60.0
2026-03-07 06:33:00+00:00,DMU50_001,15.256,2512.92149,60.0
2026-03-07 06:34:00+00:00,DMU50_001,15.913,2513.18671,60.0
2026-03-07 06:35:00+00:00,DMU50_001,9.27,2513.34121,60.0
2026-03-07 06:36:00+00:00,DMU50_001,9.17,2513.49404,60.0
2026-03-07 06:37:00+00:00,DMU50_001,8.878,2513.64201,60.0
2026-03-07 06:38:00+00:00,DMU50_001,8.585,2513.78509,60.0
2026-03-07 06:39:00+00:00,DMU50_001,4.086,2513.85319,60.0
2026-03-07 06:40:00+00:00,DMU50_001,4.06,2513.92086,60.0
2026-03-07 06:41:00+00:00,DMU50_001,3.688,2513.98233,60.0
2026-03-07 06:42:00+00:00,DMU50_001,3.998,2514.04896,60.0
2026-03-07 06:43:00+00:00,DMU50_001,15.801,2514.31231,60.0
2026-03-07 06:44:00+00:00,DMU50_001,15.184,2514.56538,60.0
2026-03-07 06:45:00+00:00,DMU50_001,14.812,2514.81225,60.0
2026-03-07 06:46:00+00:00,DMU50_001,15.199,2515.06557,60.0
2026-03-07 06:47:00+00:00,DMU50_001,14.023,2515.29929,60.0
2026-03-07 06:48:00+00:00,DMU50_001,15.141,2515.55164,60.0
2026-03-07 06:49:00+00:00,DMU50_001,15.639,2515.81229,60.0
2026-03-07 06:50:00+00:00,DMU50_001,8.952,2515.96149,60.0
2026-03-07 06:51:00+00:00,DMU50_001,8.291,2516.09967,60.0
2026-03-07 06:52:00+00:00,DMU50_001,8.834,2516.2469,60.0
2026-03-07 06:53:00+00:00,DMU50_001,3.756,2516.3095,60.0
2026-03-07 06:54:00+00:00,DMU50_001,3.552,2516.3687,60.0
2026-03-07 06:55:00+00:00,DMU50_001,3.916,2516.43397,60.0
2026-03-07 06:56:00+00:00,DMU50_001,4.674,2516.51187,60.0
2026-03-07 06:57:00+00:00,DMU50_001,14.373,2516.75142,60.0
2026-03-07 06:58:00+00:00,DMU50_001,14.879,2516.9994,60.0
2026-03-07 06:59:00+00:00,DMU50_001,14.481,2517.24075,60.0
2026-03-07 07:00:00+00:00,DMU50_001,14.482,2517.48212,60.0
2026-03-07 07:01:00+00:00,DMU50_001,14.774,2517.72835,60.0
2026-03-07 07:02:00+00:00,DMU50_001,15.318,2517.98365,60.0
2026-03-07 07:03:00+00:00,DMU50_001,15.645,2518.2444,60.0
2026-03-07 07:04:00+00:00,DMU50_001,14.807,2518.49118,60.0
2026-03-07 07:05:00+00:00,DMU50_001,3.998,2518.55781,60.0
2026-03-07 07:06:00+00:00,DMU50_001,4.296,2518.62941,60.0
2026-03-07 07:07:00+00:00,DMU50_001,4.302,2518.70111,60.0
2026-03-07 07:08:00+00:00,DMU50_001,15.12,2518.95311,60.0
2026-03-07 07:09:00+00:00,DMU50_001,15.138,2519.20541,60.0
2026-03-07 07:10:00+00:00,DMU50_001,14.944,2519.45448,60.0
2026-03-07 07:11:00+00:00,DMU50_001,15.049,2519.7053,60.0
2026-03-07 07:12:00+00:00,DMU50_001,14.909,2519.95378,60.0
2026-03-07 07:13:00+00:00,DMU50_001,15.535,2520.2127,60.0
2026-03-07 07:14:00+00:00,DMU50_001,16.114,2520.48127,60.0
2026-03-07 07:15:00+00:00,DMU50_001,9.072,2520.63247,60.0
2026-03-07 07:16:00+00:00,DMU50_001,8.997,2520.78242,60.0
2026-03-07 07:17:00+00:00,DMU50_001,9.102,2520.93412,60.0
2026-03-07 07:18:00+00:00,DMU50_001,7.803,2521.06417,60.0
2026-03-07 07:19:00+00:00,DMU50_001,8.229,2521.20132,60.0
2026-03-07 07:20:00+00:00,DMU50_001,15.221,2521.455,60.0
2026-03-07 07:21:00+00:00,DMU50_001,14.79,2521.7015,60.0
2026-03-07 07:22:00+00:00,DMU50_001,15.451,2521.95902,60.0
2026-03-07 07:23:00+00:00,DMU50_001,15.009,2522.20917,60.0
2026-03-07 07:24:00+00:00,DMU50_001,14.515,2522.45109,60.0
2026-03-07 07:25:00+00:00,DMU50_001,15.176,2522.70402,60.0
2026-03-07 07:26:00+00:00,DMU50_001,15.118,2522.95599,60.0
2026-03-07 07:27:00+00:00,DMU50_001,15.48,2523.21399,60.0
2026-03-07 07:28:00+00:00,DMU50_001,9.333,2523.36954,60.0
2026-03-07 07:29:00+00:00,DMU50_001,8.956,2523.51881,60.0
2026-03-07 07:30:00+00:00,DMU50_001,3.406,2523.57558,60.0
2026-03-07 07:31:00+00:00,DMU50_001,3.5,2523.63391,60.0
2026-03-07 07:32:00+00:00,DMU50_001,3.573,2523.69346,60.0
2026-03-07 07:33:00+00:00,DMU50_001,3.597,2523.75341,60.0
2026-03-07 07:34:00+00:00,DMU50_001,15.151,2524.00593,60.0
2026-03-07 07:35:00+00:00,DMU50_001,14.955,2524.25518,60.0
2026-03-07 07:36:00+00:00,DMU50_001,15.498,2524.51348,60.0
2026-03-07 07:37:00+00:00,DMU50_001,14.663,2524.75786,60.0
2026-03-07 07:38:00+00:00,DMU50_001,16.24,2525.02853,60.0
2026-03-07 07:39:00+00:00,DMU50_001,15.382,2525.2849,60.0
2026-03-07 07:40:00+00:00,DMU50_001,8.549,2525.42738,60.0
2026-03-07 07:41:00+00:00,DMU50_001,9.074,2525.57861,60.0
2026-03-07 07:42:00+00:00,DMU50_001,4.355,2525.65119,60.0
2026-03-07 07:43:00+00:00,DMU50_001,4.13,2525.72002,60.0
2026-03-07 07:44:00+00:00,DMU50_001,3.901,2525.78504,60.0
2026-03-07 07:45:00+00:00,DMU50_001,3.992,2525.85157,60.0
2026-03-07 07:46:00+00:00,DMU50_001,15.271,2526.10609,60.0
2026-03-07 07:47:00+00:00,DMU50_001,14.123,2526.34147,60.0
2026-03-07 07:48:00+00:00,DMU50_001,14.275,2526.57939,60.0
2026-03-07 07:49:00+00:00,DMU50_001,15.268,2526.83386,60.0
2026-03-07 07:50:00+00:00,DMU50_001,14.889,2527.08201,60.0
2026-03-07 07:51:00+00:00,DMU50_001,14.652,2527.32621,60.0
2026-03-07 07:52:00+00:00,DMU50_001,14.753,2527.57209,60.0
2026-03-07 07:53:00+00:00,DMU50_001,14.265,2527.80984,60.0
2026-03-07 07:54:00+00:00,DMU50_001,15.242,2528.06387,60.0
2026-03-07 07:55:00+00:00,DMU50_001,8.677,2528.20849,60.0
2026-03-07 07:56:00+00:00,DMU50_001,8.786,2528.35492,60.0
2026-03-07 07:57:00+00:00,DMU50_001,4.269,2528.42607,60.0
2026-03-07 07:58:00+00:00,DMU50_001,4.149,2528.49522,60.0
2026-03-07 07:59:00+00:00,DMU50_001,4.059,2528.56287,60.0
2026-03-07 08:00:00+00:00,DMU50_001,3.802,2528.62624,60.0
2026-03-07 08:01:00+00:00,DMU50_001,15.184,2528.87931,60.0
2026-03-07 08:02:00+00:00,DMU50_001,15.039,2529.12996,60.0
2026-03-07 08:03:00+00:00,DMU50_001,14.741,2529.37564,60.0
2026-03-07 08:04:00+00:00,DMU50_001,14.481,2529.61699,60.0
2026-03-07 08:05:00+00:00,DMU50_001,15.006,2529.86709,60.0
2026-03-07 08:06:00+00:00,DMU50_001,15.24,2530.12109,60.0
2026-03-07 08:07:00+00:00,DMU50_001,15.049,2530.37191,60.0
2026-03-07 08:08:00+00:00,DMU50_001,9.655,2530.53283,60.0
2026-03-07 08:09:00+00:00,DMU50_001,4.341,2530.60518,60.0
2026-03-07 08:10:00+00:00,DMU50_001,4.179,2530.67483,60.0
2026-03-07 08:11:00+00:00,DMU50_001,15.369,2530.93098,60.0
2026-03-07 08:12:00+00:00,DMU50_001,15.024,2531.18138,60.0
2026-03-07 08:13:00+00:00,DMU50_001,15.023,2531.43176,60.0
2026-03-07 08:14:00+00:00,DMU50_001,15.648,2531.69256,60.0
2026-03-07 08:15:00+00:00,DMU50_001,14.551,2531.93508,60.0
2026-03-07 08:16:00+00:00,DMU50_001,15.012,2532.18528,60.0
2026-03-07 08:17:00+00:00,DMU50_001,15.595,2532.4452,60.0
2026-03-07 08:18:00+00:00,DMU50_001,15.154,2532.69777,60.0
2026-03-07 08:19:00+00:00,DMU50_001,8.852,2532.8453,60.0
2026-03-07 08:20:00+00:00,DMU50_001,8.318,2532.98393,60.0
2026-03-07 08:21:00+00:00,DMU50_001,8.092,2533.1188,60.0
2026-03-07 08:22:00+00:00,DMU50_001,9.83,2533.28263,60.0
2026-03-07 08:23:00+00:00,DMU50_001,4.262,2533.35366,60.0
2026-03-07 08:24:00+00:00,DMU50_001,4.083,2533.42171,60.0
2026-03-07 08:25:00+00:00,DMU50_001,4.27,2533.49288,60.0
2026-03-07 08:26:00+00:00,DMU50_001,4.01,2533.55971,60.0
2026-03-07 08:27:00+00:00,DMU50_001,14.834,2533.80694,60.0
2026-03-07 08:28:00+00:00,DMU50_001,14.53,2534.04911,60.0
2026-03-07 08:29:00+00:00,DMU50_001,14.293,2534.28733,60.0
2026-03-07 08:30:00+00:00,DMU50_001,13.948,2534.5198,60.0
2026-03-07 08:31:00+00:00,DMU50_001,14.201,2534.75648,60.0
2026-03-07 08:32:00+00:00,DMU50_001,15.511,2535.015,60.0
2026-03-07 08:33:00+00:00,DMU50_001,14.507,2535.25678,60.0
2026-03-07 08:34:00+00:00,DMU50_001,9.214,2535.41035,60.0
2026-03-07 08:35:00+00:00,DMU50_001,9.383,2535.56673,60.0
2026-03-07 08:36:00+00:00,DMU50_001,9.007,2535.71685,60.0
2026-03-07 08:37:00+00:00,DMU50_001,8.881,2535.86487,60.0
2026-03-07 08:38:00+00:00,DMU50_001,3.527,2535.92365,60.0
2026-03-07 08:39:00+00:00,DMU50_001,3.417,2535.9806,60.0
2026-03-07 08:40:00+00:00,DMU50_001,3.741,2536.04295,60.0
2026-03-07 08:41:00+00:00,DMU50_001,3.875,2536.10753,60.0
2026-03-07 08:42:00+00:00,DMU50_001,4.49,2536.18236,60.0
2026-03-07 08:43:00+00:00,DMU50_001,3.77,2536.24519,60.0
2026-03-07 08:44:00+00:00,DMU50_001,4.113,2536.31374,60.0
2026-03-07 08:45:00+00:00,DMU50_001,4.201,2536.38376,60.0
2026-03-07 08:46:00+00:00,DMU50_001,15.232,2536.63763,60.0
2026-03-07 08:47:00+00:00,DMU50_001,14.136,2536.87323,60.0
2026-03-07 08:48:00+00:00,DMU50_001,14.128,2537.1087,60.0
2026-03-07 08:49:00+00:00,DMU50_001,15.653,2537.36958,60.0
2026-03-07 08:50:00+00:00,DMU50_001,14.72,2537.61491,60.0
2026-03-07 08:51:00+00:00,DMU50_001,14.256,2537.85251,60.0
2026-03-07 08:52:00+00:00,DMU50_001,14.448,2538.09331,60.0
2026-03-07 08:53:00+00:00,DMU50_001,15.195,2538.34656,60.0
2026-03-07 08:54:00+00:00,DMU50_001,8.671,2538.49108,60.0
2026-03-07 08:55:00+00:00,DMU50_001,4.248,2538.56188,60.0
2026-03-07 08:56:00+00:00,DMU50_001,4.004,2538.62861,60.0
2026-03-07 08:57:00+00:00,DMU50_001,3.851,2538.69279,60.0
2026-03-07 08:58:00+00:00,DMU50_001,15.712,2538.95466,60.0
2026-03-07 08:59:00+00:00,DMU50_001,15.199,2539.20798,60.0
2026-03-07 09:00:00+00:00,DMU50_001,14.833,2539.4552,60.0
2026-03-07 09:01:00+00:00,DMU50_001,14.739,2539.70085,60.0
2026-03-07 09:02:00+00:00,DMU50_001,15.732,2539.96305,60.0
2026-03-07 09:03:00+00:00,DMU50_001,15.296,2540.21798,60.0
2026-03-07 09:04:00+00:00,DMU50_001,15.573,2540.47753,60.0
2026-03-07 09:05:00+00:00,DMU50_001,8.767,2540.62365,60.0
2026-03-07 09:06:00+00:00,DMU50_001,4.21,2540.69382,60.0
2026-03-07 09:07:00+00:00,DMU50_001,4.28,2540.76515,60.0
2026-03-07 09:08:00+00:00,DMU50_001,4.09,2540.83332,60.0
2026-03-07 09:09:00+00:00,DMU50_001,8.962,2540.98269,60.0
2026-03-07 09:10:00+00:00,DMU50_001,8.767,2541.12881,60.0
2026-03-07 09:11:00+00:00,DMU50_001,9.16,2541.28148,60.0
2026-03-07 09:12:00+00:00,DMU50_001,8.471,2541.42266,60.0
2026-03-07 09:13:00+00:00,DMU50_001,9.229,2541.57648,60.0
2026-03-07 09:14:00+00:00,DMU50_001,9.124,2541.72855,60.0
2026-03-07 09:15:00+00:00,DMU50_001,3.459,2541.7862,60.0
2026-03-07 09:16:00+00:00,DMU50_001,3.59,2541.84603,60.0
2026-03-07 09:17:00+00:00,DMU50_001,3.427,2541.90315,60.0
2026-03-07 09:18:00+00:00,DMU50_001,3.366,2541.95925,60.0
2026-03-07 09:19:00+00:00,DMU50_001,4.309,2542.03107,60.0
2026-03-07 09:20:00+00:00,DMU50_001,4.317,2542.10302,60.0
2026-03-07 09:21:00+00:00,DMU50_001,4.099,2542.17134,60.0
2026-03-07 09:22:00+00:00,DMU50_001,4.081,2542.23936,60.0
2026-03-07 09:23:00+00:00,DMU50_001,3.463,2542.29708,60.0
2026-03-07 09:24:00+00:00,DMU50_001,3.39,2542.35358,60.0
2026-03-07 09:25:00+00:00,DMU50_001,9.61,2542.51375,60.0
2026-03-07 09:26:00+00:00,DMU50_001,9.127,2542.66587,60.0
2026-03-07 09:27:00+00:00,DMU50_001,9.006,2542.81597,60.0
2026-03-07 09:28:00+00:00,DMU50_001,8.627,2542.95975,60.0
2026-03-07 09:29:00+00:00,DMU50_001,9.296,2543.11468,60.0
2026-03-07 09:30:00+00:00,DMU50_001,8.755,2543.2606,60.0
2026-03-07 09:31:00+00:00,DMU50_001,8.739,2543.40625,60.0
2026-03-07 09:32:00+00:00,DMU50_001,9.309,2543.5614,60.0
2026-03-07 09:33:00+00:00,DMU50_001,9.155,2543.71398,60.0
2026-03-07 09:34:00+00:00,DMU50_001,2.999,2543.76396,60.0
2026-03-07 09:35:00+00:00,DMU50_001,3.468,2543.82176,60.0
2026-03-07 09:36:00+00:00,DMU50_001,3.525,2543.88051,60.0
2026-03-07 09:37:00+00:00,DMU50_001,3.432,2543.93771,60.0
2026-03-07 09:38:00+00:00,DMU50_001,3.532,2543.99658,60.0
2026-03-07 09:39:00+00:00,DMU50_001,8.276,2544.13451,60.0
2026-03-07 09:40:00+00:00,DMU50_001,7.868,2544.26564,60.0
2026-03-07 09:41:00+00:00,DMU50_001,8.61,2544.40914,60.0
2026-03-07 09:42:00+00:00,DMU50_001,9.113,2544.56102,60.0
2026-03-07 09:43:00+00:00,DMU50_001,7.71,2544.68952,60.0
2026-03-07 09:44:00+00:00,DMU50_001,8.663,2544.8339,60.0
2026-03-07 09:45:00+00:00,DMU50_001,7.423,2544.95762,60.0
2026-03-07 09:46:00+00:00,DMU50_001,4.151,2545.0268,60.0
2026-03-07 09:47:00+00:00,DMU50_001,4.592,2545.10333,60.0
2026-03-07 09:48:00+00:00,DMU50_001,7.935,2545.23558,60.0
2026-03-07 09:49:00+00:00,DMU50_001,7.968,2545.36838,60.0
2026-03-07 09:50:00+00:00,DMU50_001,15.42,2545.62538,60.0
2026-03-07 09:51:00+00:00,DMU50_001,15.011,2545.87556,60.0
2026-03-07 09:52:00+00:00,DMU50_001,14.893,2546.12378,60.0
2026-03-07 09:53:00+00:00,DMU50_001,15.463,2546.3815,60.0
2026-03-07 09:54:00+00:00,DMU50_001,15.236,2546.63543,60.0
2026-03-07 09:55:00+00:00,DMU50_001,15.144,2546.88783,60.0
2026-03-07 09:56:00+00:00,DMU50_001,14.931,2547.13668,60.0
2026-03-07 09:57:00+00:00,DMU50_001,14.827,2547.3838,60.0
2026-03-07 09:58:00+00:00,DMU50_001,9.367,2547.53992,60.0
2026-03-07 09:59:00+00:00,DMU50_001,8.865,2547.68767,60.0
2026-03-07 10:00:00+00:00,DMU50_001,9.493,2547.84589,60.0
2026-03-07 10:01:00+00:00,DMU50_001,8.581,2547.98891,60.0
2026-03-07 10:02:00+00:00,DMU50_001,3.787,2548.05203,60.0
2026-03-07 10:03:00+00:00,DMU50_001,3.594,2548.11193,60.0
2026-03-07 10:04:00+00:00,DMU50_001,3.306,2548.16703,60.0
2026-03-07 10:05:00+00:00,DMU50_001,3.602,2548.22706,60.0
2026-03-07 10:06:00+00:00,DMU50_001,14.675,2548.47164,60.0
2026-03-07 10:07:00+00:00,DMU50_001,15.017,2548.72192,60.0
2026-03-07 10:08:00+00:00,DMU50_001,14.757,2548.96787,60.0
2026-03-07 10:09:00+00:00,DMU50_001,14.934,2549.21677,60.0
2026-03-07 10:10:00+00:00,DMU50_001,15.471,2549.47462,60.0
2026-03-07 10:11:00+00:00,DMU50_001,15.259,2549.72894,60.0
2026-03-07 10:12:00+00:00,DMU50_001,14.437,2549.96956,60.0
2026-03-07 10:13:00+00:00,DMU50_001,14.466,2550.21066,60.0
2026-03-07 10:14:00+00:00,DMU50_001,15.135,2550.46291,60.0
2026-03-07 10:15:00+00:00,DMU50_001,15.172,2550.71578,60.0
2026-03-07 10:16:00+00:00,DMU50_001,8.73,2550.86128,60.0
2026-03-07 10:17:00+00:00,DMU50_001,4.518,2550.93658,60.0
2026-03-07 10:18:00+00:00,DMU50_001,4.363,2551.0093,60.0
2026-03-07 10:19:00+00:00,DMU50_001,4.075,2551.07722,60.0
2026-03-07 10:20:00+00:00,DMU50_001,14.639,2551.3212,60.0
2026-03-07 10:21:00+00:00,DMU50_001,14.886,2551.5693,60.0
2026-03-07 10:22:00+00:00,DMU50_001,14.834,2551.81653,60.0
2026-03-07 10:23:00+00:00,DMU50_001,15.628,2552.077,60.0
2026-03-07 10:24:00+00:00,DMU50_001,15.492,2552.3352,60.0
2026-03-07 10:25:00+00:00,DMU50_001,15.018,2552.5855,60.0
2026-03-07 10:26:00+00:00,DMU50_001,15.339,2552.84115,60.0
2026-03-07 10:27:00+00:00,DMU50_001,15.411,2553.098,60.0
2026-03-07 10:28:00+00:00,DMU50_001,15.029,2553.34848,60.0
2026-03-07 10:29:00+00:00,DMU50_001,9.161,2553.50116,60.0
2026-03-07 10:30:00+00:00,DMU50_001,9.238,2553.65513,60.0
2026-03-07 10:31:00+00:00,DMU50_001,9.195,2553.80838,60.0
2026-03-07 10:32:00+00:00,DMU50_001,4.044,2553.87578,60.0
2026-03-07 10:33:00+00:00,DMU50_001,4.064,2553.94351,60.0
2026-03-07 10:34:00+00:00,DMU50_001,7.913,2554.07539,60.0
2026-03-07 10:35:00+00:00,DMU50_001,7.788,2554.20519,60.0
2026-03-07 10:36:00+00:00,DMU50_001,8.411,2554.34537,60.0
2026-03-07 10:37:00+00:00,DMU50_001,9.27,2554.49987,60.0
2026-03-07 10:38:00+00:00,DMU50_001,9.139,2554.65219,60.0
2026-03-07 10:39:00+00:00,DMU50_001,8.464,2554.79326,60.0
2026-03-07 10:40:00+00:00,DMU50_001,8.904,2554.94166,60.0
2026-03-07 10:41:00+00:00,DMU50_001,8.926,2555.09043,60.0
2026-03-07 10:42:00+00:00,DMU50_001,9.073,2555.24165,60.0
2026-03-07 10:43:00+00:00,DMU50_001,3.284,2555.29638,60.0
2026-03-07 10:44:00+00:00,DMU50_001,3.229,2555.3502,60.0
2026-03-07 10:45:00+00:00,DMU50_001,15.26,2555.60453,60.0
2026-03-07 10:46:00+00:00,DMU50_001,14.233,2555.84175,60.0
2026-03-07 10:47:00+00:00,DMU50_001,14.884,2556.08982,60.0
2026-03-07 10:48:00+00:00,DMU50_001,14.837,2556.3371,60.0
2026-03-07 10:49:00+00:00,DMU50_001,14.938,2556.58607,60.0
2026-03-07 10:50:00+00:00,DMU50_001,15.126,2556.83817,60.0
2026-03-07 10:51:00+00:00,DMU50_001,9.639,2556.99882,60.0
2026-03-07 10:52:00+00:00,DMU50_001,8.36,2557.13815,60.0
2026-03-07 10:53:00+00:00,DMU50_001,9.351,2557.294,60.0
2026-03-07 10:54:00+00:00,DMU50_001,7.995,2557.42725,60.0
2026-03-07 10:55:00+00:00,DMU50_001,9.557,2557.58653,60.0
2026-03-07 10:56:00+00:00,DMU50_001,8.183,2557.72291,60.0
2026-03-07 10:57:00+00:00,DMU50_001,4.687,2557.80103,60.0
2026-03-07 10:58:00+00:00,DMU50_001,4.122,2557.86973,60.0
2026-03-07 10:59:00+00:00,DMU50_001,4.458,2557.94403,60.0
2026-03-07 11:00:00+00:00,DMU50_001,9.434,2558.10126,60.0
2026-03-07 11:01:00+00:00,DMU50_001,8.825,2558.24834,60.0
2026-03-07 11:02:00+00:00,DMU50_001,8.856,2558.39594,60.0
2026-03-07 11:03:00+00:00,DMU50_001,8.665,2558.54036,60.0
2026-03-07 11:04:00+00:00,DMU50_001,9.315,2558.69561,60.0
2026-03-07 11:05:00+00:00,DMU50_001,8.831,2558.84279,60.0
2026-03-07 11:06:00+00:00,DMU50_001,8.672,2558.98732,60.0
2026-03-07 11:07:00+00:00,DMU50_001,9.215,2559.1409,60.0
2026-03-07 11:08:00+00:00,DMU50_001,4.021,2559.20792,60.0
2026-03-07 11:09:00+00:00,DMU50_001,4.134,2559.27682,60.0
2026-03-07 11:10:00+00:00,DMU50_001,4.221,2559.34717,60.0
2026-03-07 11:11:00+00:00,DMU50_001,4.072,2559.41504,60.0
2026-03-07 11:12:00+00:00,DMU50_001,8.803,2559.56176,60.0
2026-03-07 11:13:00+00:00,DMU50_001,9.614,2559.72199,60.0
2026-03-07 11:14:00+00:00,DMU50_001,8.918,2559.87062,60.0
2026-03-07 11:15:00+00:00,DMU50_001,8.856,2560.01822,60.0
2026-03-07 11:16:00+00:00,DMU50_001,8.93,2560.16705,60.0
2026-03-07 11:17:00+00:00,DMU50_001,9.182,2560.32008,60.0
2026-03-07 11:18:00+00:00,DMU50_001,8.586,2560.46318,60.0
2026-03-07 11:19:00+00:00,DMU50_001,9.171,2560.61603,60.0
2026-03-07 11:20:00+00:00,DMU50_001,9.102,2560.76773,60.0
2026-03-07 11:21:00+00:00,DMU50_001,3.842,2560.83176,60.0
2026-03-07 11:22:00+00:00,DMU50_001,4.559,2560.90774,60.0
2026-03-07 11:23:00+00:00,DMU50_001,15.73,2561.16991,60.0
2026-03-07 11:24:00+00:00,DMU50_001,14.6,2561.41324,60.0
2026-03-07 11:25:00+00:00,DMU50_001,14.439,2561.65389,60.0
2026-03-07 11:26:00+00:00,DMU50_001,15.114,2561.90579,60.0
2026-03-07 11:27:00+00:00,DMU50_001,14.287,2562.14391,60.0
2026-03-07 11:28:00+00:00,DMU50_001,15.682,2562.40528,60.0
2026-03-07 11:29:00+00:00,DMU50_001,14.766,2562.65138,60.0
2026-03-07 11:30:00+00:00,DMU50_001,9.649,2562.8122,60.0
2026-03-07 11:31:00+00:00,DMU50_001,4.035,2562.87945,60.0
2026-03-07 11:32:00+00:00,DMU50_001,4.178,2562.94908,60.0
2026-03-07 11:33:00+00:00,DMU50_001,4.453,2563.0233,60.0
2026-03-07 11:34:00+00:00,DMU50_001,14.838,2563.2706,60.0
2026-03-07 11:35:00+00:00,DMU50_001,15.136,2563.52287,60.0
2026-03-07 11:36:00+00:00,DMU50_001,15.546,2563.78197,60.0
2026-03-07 11:37:00+00:00,DMU50_001,14.722,2564.02734,60.0
2026-03-07 11:38:00+00:00,DMU50_001,14.369,2564.26682,60.0
2026-03-07 11:39:00+00:00,DMU50_001,14.271,2564.50467,60.0
2026-03-07 11:40:00+00:00,DMU50_001,15.292,2564.75954,60.0
2026-03-07 11:41:00+00:00,DMU50_001,15.194,2565.01277,60.0
2026-03-07 11:42:00+00:00,DMU50_001,15.531,2565.27162,60.0
2026-03-07 11:43:00+00:00,DMU50_001,8.89,2565.41979,60.0
2026-03-07 11:44:00+00:00,DMU50_001,8.428,2565.56026,60.0
2026-03-07 11:45:00+00:00,DMU50_001,8.059,2565.69458,60.0
2026-03-07 11:46:00+00:00,DMU50_001,10.147,2565.8637,60.0
2026-03-07 11:47:00+00:00,DMU50_001,9.211,2566.01722,60.0
2026-03-07 11:48:00+00:00,DMU50_001,4.227,2566.08767,60.0
2026-03-07 11:49:00+00:00,DMU50_001,4.256,2566.1586,60.0
2026-03-07 11:50:00+00:00,DMU50_001,14.284,2566.39667,60.0
2026-03-07 11:51:00+00:00,DMU50_001,14.603,2566.64005,60.0
2026-03-07 11:52:00+00:00,DMU50_001,15.872,2566.90458,60.0
2026-03-07 11:53:00+00:00,DMU50_001,15.329,2567.16006,60.0
2026-03-07 11:54:00+00:00,DMU50_001,14.618,2567.40369,60.0
2026-03-07 11:55:00+00:00,DMU50_001,14.387,2567.64347,60.0
2026-03-07 11:56:00+00:00,DMU50_001,14.742,2567.88917,60.0
2026-03-07 11:57:00+00:00,DMU50_001,3.437,2567.94645,60.0
2026-03-07 11:58:00+00:00,DMU50_001,3.91,2568.01162,60.0
2026-03-07 11:59:00+00:00,DMU50_001,4.162,2568.08099,60.0
2026-03-07 12:00:00+00:00,DMU50_001,3.962,2568.14702,60.0
2026-03-07 12:01:00+00:00,DMU50_001,14.971,2568.39654,60.0
2026-03-07 12:02:00+00:00,DMU50_001,15.132,2568.64874,60.0
2026-03-07 12:03:00+00:00,DMU50_001,14.36,2568.88807,60.0
2026-03-07 12:04:00+00:00,DMU50_001,15.201,2569.14142,60.0
2026-03-07 12:05:00+00:00,DMU50_001,15.604,2569.40149,60.0
2026-03-07 12:06:00+00:00,DMU50_001,15.069,2569.65264,60.0
2026-03-07 12:07:00+00:00,DMU50_001,14.601,2569.89599,60.0
2026-03-07 12:08:00+00:00,DMU50_001,14.736,2570.14159,60.0
2026-03-07 12:09:00+00:00,DMU50_001,14.171,2570.37777,60.0
2026-03-07 12:10:00+00:00,DMU50_001,8.946,2570.52687,60.0
2026-03-07 12:11:00+00:00,DMU50_001,9.124,2570.67894,60.0
2026-03-07 12:12:00+00:00,DMU50_001,8.641,2570.82296,60.0
2026-03-07 12:13:00+00:00,DMU50_001,8.582,2570.96599,60.0
2026-03-07 12:14:00+00:00,DMU50_001,8.238,2571.10329,60.0
2026-03-07 12:15:00+00:00,DMU50_001,14.104,2571.33836,60.0
2026-03-07 12:16:00+00:00,DMU50_001,14.114,2571.57359,60.0
2026-03-07 12:17:00+00:00,DMU50_001,14.508,2571.81539,60.0
2026-03-07 12:18:00+00:00,DMU50_001,15.787,2572.07851,60.0
2026-03-07 12:19:00+00:00,DMU50_001,15.445,2572.33593,60.0
2026-03-07 12:20:00+00:00,DMU50_001,15.812,2572.59946,60.0
2026-03-07 12:21:00+00:00,DMU50_001,9.004,2572.74953,60.0
2026-03-07 12:22:00+00:00,DMU50_001,8.916,2572.89813,60.0
2026-03-07 12:23:00+00:00,DMU50_001,3.95,2572.96396,60.0
2026-03-07 12:24:00+00:00,DMU50_001,4.27,2573.03513,60.0
2026-03-07 12:25:00+00:00,DMU50_001,4.161,2573.10448,60.0
2026-03-07 12:26:00+00:00,DMU50_001,4.153,2573.1737,60.0
2026-03-07 12:27:00+00:00,DMU50_001,15.809,2573.43718,60.0
2026-03-07 12:28:00+00:00,DMU50_001,14.937,2573.68613,60.0
2026-03-07 12:29:00+00:00,DMU50_001,15.665,2573.94721,60.0
2026-03-07 12:30:00+00:00,DMU50_001,14.206,2574.18398,60.0
2026-03-07 12:31:00+00:00,DMU50_001,16.344,2574.45638,60.0
2026-03-07 12:32:00+00:00,DMU50_001,14.813,2574.70326,60.0
2026-03-07 12:33:00+00:00,DMU50_001,15.354,2574.95916,60.0
2026-03-07 12:34:00+00:00,DMU50_001,15.433,2575.21638,60.0
2026-03-07 12:35:00+00:00,DMU50_001,14.751,2575.46223,60.0
2026-03-07 12:36:00+00:00,DMU50_001,9.328,2575.6177,60.0
2026-03-07 12:37:00+00:00,DMU50_001,9.348,2575.7735,60.0
2026-03-07 12:38:00+00:00,DMU50_001,8.715,2575.91875,60.0
2026-03-07 12:39:00+00:00,DMU50_001,8.719,2576.06407,60.0
2026-03-07 12:40:00+00:00,DMU50_001,8.014,2576.19764,60.0
2026-03-07 12:41:00+00:00,DMU50_001,14.942,2576.44667,60.0
2026-03-07 12:42:00+00:00,DMU50_001,15.697,2576.70829,60.0
2026-03-07 12:43:00+00:00,DMU50_001,15.351,2576.96414,60.0
2026-03-07 12:44:00+00:00,DMU50_001,14.965,2577.21356,60.0
2026-03-07 12:45:00+00:00,DMU50_001,15.303,2577.46861,60.0
2026-03-07 12:46:00+00:00,DMU50_001,13.977,2577.70156,60.0
2026-03-07 12:47:00+00:00,DMU50_001,14.692,2577.94643,60.0
2026-03-07 12:48:00+00:00,DMU50_001,3.558,2578.00573,60.0
2026-03-07 12:49:00+00:00,DMU50_001,3.723,2578.06778,60.0
2026-03-07 12:50:00+00:00,DMU50_001,3.54,2578.12678,60.0
2026-03-07 12:51:00+00:00,DMU50_001,3.792,2578.18998,60.0
2026-03-07 12:52:00+00:00,DMU50_001,15.434,2578.44721,60.0
2026-03-07 12:53:00+00:00,DMU50_001,14.756,2578.69314,60.0
2026-03-07 12:54:00+00:00,DMU50_001,14.93,2578.94197,60.0
2026-03-07 12:55:00+00:00,DMU50_001,15.204,2579.19537,60.0
2026-03-07 12:56:00+00:00,DMU50_001,14.776,2579.44164,60.0
2026-03-07 12:57:00+00:00,DMU50_001,15.766,2579.70441,60.0
2026-03-07 12:58:00+00:00,DMU50_001,14.446,2579.94518,60.0
2026-03-07 12:59:00+00:00,DMU50_001,15.158,2580.19781,60.0
2026-03-07 13:00:00+00:00,DMU50_001,9.294,2580.35271,60.0
2026-03-07 13:01:00+00:00,DMU50_001,8.875,2580.50063,60.0
2026-03-07 13:02:00+00:00,DMU50_001,8.784,2580.64703,60.0
2026-03-07 13:03:00+00:00,DMU50_001,7.977,2580.77998,60.0
2026-03-07 13:04:00+00:00,DMU50_001,8.244,2580.91738,60.0
2026-03-07 13:05:00+00:00,DMU50_001,8.8,2581.06405,60.0
2026-03-07 13:06:00+00:00,DMU50_001,8.572,2581.20692,60.0
2026-03-07 13:07:00+00:00,DMU50_001,9.46,2581.36459,60.0
2026-03-07 13:08:00+00:00,DMU50_001,9.16,2581.51726,60.0
2026-03-07 13:09:00+00:00,DMU50_001,9.403,2581.67398,60.0
2026-03-07 13:10:00+00:00,DMU50_001,9.304,2581.82905,60.0
2026-03-07 13:11:00+00:00,DMU50_001,4.636,2581.90632,60.0
2026-03-07 13:12:00+00:00,DMU50_001,4.423,2581.98004,60.0
2026-03-07 13:13:00+00:00,DMU50_001,4.055,2582.04762,60.0
2026-03-07 13:14:00+00:00,DMU50_001,4.294,2582.11919,60.0
2026-03-07 13:15:00+00:00,DMU50_001,14.721,2582.36454,60.0
2026-03-07 13:16:00+00:00,DMU50_001,14.773,2582.61076,60.0
2026-03-07 13:17:00+00:00,DMU50_001,14.294,2582.84899,60.0
2026-03-07 13:18:00+00:00,DMU50_001,14.857,2583.09661,60.0
2026-03-07 13:19:00+00:00,DMU50_001,15.273,2583.35116,60.0
2026-03-07 13:20:00+00:00,DMU50_001,14.967,2583.60061,60.0
2026-03-07 13:21:00+00:00,DMU50_001,14.45,2583.84144,60.0
2026-03-07 13:22:00+00:00,DMU50_001,14.238,2584.07874,60.0
2026-03-07 13:23:00+00:00,DMU50_001,16.056,2584.34634,60.0
2026-03-07 13:24:00+00:00,DMU50_001,4.265,2584.41742,60.0
2026-03-07 13:25:00+00:00,DMU50_001,4.035,2584.48467,60.0
2026-03-07 13:26:00+00:00,DMU50_001,9.185,2584.63775,60.0
2026-03-07 13:27:00+00:00,DMU50_001,9.876,2584.80235,60.0
2026-03-07 13:28:00+00:00,DMU50_001,9.248,2584.95648,60.0
2026-03-07 13:29:00+00:00,DMU50_001,7.885,2585.0879,60.0
2026-03-07 13:30:00+00:00,DMU50_001,10.061,2585.25558,60.0
2026-03-07 13:31:00+00:00,DMU50_001,8.26,2585.39325,60.0
2026-03-07 13:32:00+00:00,DMU50_001,8.918,2585.54188,60.0
2026-03-07 13:33:00+00:00,DMU50_001,8.547,2585.68433,60.0
2026-03-07 13:34:00+00:00,DMU50_001,7.778,2585.81396,60.0
2026-03-07 13:35:00+00:00,DMU50_001,8.085,2585.94871,60.0
2026-03-07 13:36:00+00:00,DMU50_001,13.964,2586.18144,60.0
2026-03-07 13:37:00+00:00,DMU50_001,14.955,2586.43069,60.0
2026-03-07 13:38:00+00:00,DMU50_001,15.574,2586.69026,60.0
2026-03-07 13:39:00+00:00,DMU50_001,14.578,2586.93323,60.0
2026-03-07 13:40:00+00:00,DMU50_001,14.305,2587.17165,60.0
2026-03-07 13:41:00+00:00,DMU50_001,14.93,2587.42048,60.0
2026-03-07 13:42:00+00:00,DMU50_001,7.898,2587.55211,60.0
2026-03-07 13:43:00+00:00,DMU50_001,7.821,2587.68246,60.0
2026-03-07 13:44:00+00:00,DMU50_001,3.962,2587.74849,60.0
2026-03-07 13:45:00+00:00,DMU50_001,4.304,2587.82022,60.0
2026-03-07 13:46:00+00:00,DMU50_001,4.319,2587.8922,60.0
2026-03-07 13:47:00+00:00,DMU50_001,3.287,2587.94698,60.0
2026-03-07 13:48:00+00:00,DMU50_001,3.315,2588.00223,60.0
2026-03-07 13:49:00+00:00,DMU50_001,3.527,2588.06101,60.0
2026-03-07 13:50:00+00:00,DMU50_001,3.307,2588.11613,60.0
2026-03-07 13:51:00+00:00,DMU50_001,4.236,2588.18673,60.0
2026-03-07 13:52:00+00:00,DMU50_001,4.494,2588.26163,60.0
2026-03-07 13:53:00+00:00,DMU50_001,4.188,2588.33143,60.0
2026-03-07 13:54:00+00:00,DMU50_001,3.957,2588.39738,60.0
2026-03-07 13:55:00+00:00,DMU50_001,8.118,2588.53268,60.0
2026-03-07 13:56:00+00:00,DMU50_001,3.464,2588.59041,60.0
2026-03-07 13:57:00+00:00,DMU50_001,3.47,2588.64824,60.0
2026-03-07 13:58:00+00:00,DMU50_001,3.595,2588.70816,60.0
2026-03-07 13:59:00+00:00,DMU50_001,3.638,2588.76879,60.0
2026-03-07 14:00:00+00:00,DMU50_001,3.507,2588.82724,60.0
2026-03-07 14:01:00+00:00,DMU50_001,8.976,2588.97684,60.0
2026-03-07 14:02:00+00:00,DMU50_001,9.825,2589.14059,60.0
2026-03-07 14:03:00+00:00,DMU50_001,9.48,2589.29859,60.0
2026-03-07 14:04:00+00:00,DMU50_001,9.333,2589.45414,60.0
2026-03-07 14:05:00+00:00,DMU50_001,9.052,2589.60501,60.0
2026-03-07 14:06:00+00:00,DMU50_001,8.598,2589.74831,60.0
2026-03-07 14:07:00+00:00,DMU50_001,9.451,2589.90583,60.0
2026-03-07 14:08:00+00:00,DMU50_001,4.229,2589.97631,60.0
2026-03-07 14:09:00+00:00,DMU50_001,4.085,2590.04439,60.0
2026-03-07 14:10:00+00:00,DMU50_001,4.151,2590.11357,60.0
2026-03-07 14:11:00+00:00,DMU50_001,14.517,2590.35552,60.0
2026-03-07 14:12:00+00:00,DMU50_001,15.529,2590.61434,60.0
2026-03-07 14:13:00+00:00,DMU50_001,15.342,2590.87004,60.0
2026-03-07 14:14:00+00:00,DMU50_001,15.091,2591.12156,60.0
2026-03-07 14:15:00+00:00,DMU50_001,14.979,2591.37121,60.0
2026-03-07 14:16:00+00:00,DMU50_001,14.66,2591.61554,60.0
2026-03-07 14:17:00+00:00,DMU50_001,13.935,2591.84779,60.0
2026-03-07 14:18:00+00:00,DMU50_001,14.294,2592.08602,60.0
2026-03-07 14:19:00+00:00,DMU50_001,14.629,2592.32984,60.0
2026-03-07 14:20:00+00:00,DMU50_001,14.554,2592.57241,60.0
2026-03-07 14:21:00+00:00,DMU50_001,9.116,2592.72434,60.0
2026-03-07 14:22:00+00:00,DMU50_001,9.325,2592.87976,60.0
2026-03-07 14:23:00+00:00,DMU50_001,4.174,2592.94933,60.0
2026-03-07 14:24:00+00:00,DMU50_001,4.482,2593.02403,60.0
2026-03-07 14:25:00+00:00,DMU50_001,4.043,2593.09141,60.0
2026-03-07 14:26:00+00:00,DMU50_001,4.173,2593.16096,60.0
2026-03-07 14:27:00+00:00,DMU50_001,3.49,2593.21913,60.0
2026-03-07 14:28:00+00:00,DMU50_001,3.718,2593.2811,60.0
2026-03-07 14:29:00+00:00,DMU50_001,3.521,2593.33978,60.0
2026-03-07 14:30:00+00:00,DMU50_001,3.527,2593.39856,60.0
2026-03-07 14:31:00+00:00,DMU50_001,7.504,2593.52363,60.0
2026-03-07 14:32:00+00:00,DMU50_001,4.02,2593.59063,60.0
2026-03-07 14:33:00+00:00,DMU50_001,4.419,2593.66428,60.0
2026-03-07 14:34:00+00:00,DMU50_001,3.785,2593.72736,60.0
2026-03-07 14:35:00+00:00,DMU50_001,3.769,2593.79018,60.0
2026-03-07 14:36:00+00:00,DMU50_001,3.6,2593.85018,60.0
2026-03-07 14:37:00+00:00,DMU50_001,3.35,2593.90601,60.0
2026-03-07 14:38:00+00:00,DMU50_001,3.334,2593.96158,60.0
2026-03-07 14:39:00+00:00,DMU50_001,3.879,2594.02623,60.0
2026-03-07 14:40:00+00:00,DMU50_001,15.706,2594.288,60.0
2026-03-07 14:41:00+00:00,DMU50_001,14.94,2594.537,60.0
2026-03-07 14:42:00+00:00,DMU50_001,15.067,2594.78812,60.0
2026-03-07 14:43:00+00:00,DMU50_001,14.677,2595.03274,60.0
2026-03-07 14:44:00+00:00,DMU50_001,15.067,2595.28386,60.0
2026-03-07 14:45:00+00:00,DMU50_001,14.663,2595.52824,60.0
2026-03-07 14:46:00+00:00,DMU50_001,14.961,2595.77759,60.0
2026-03-07 14:47:00+00:00,DMU50_001,15.905,2596.04267,60.0
2026-03-07 14:48:00+00:00,DMU50_001,14.952,2596.29187,60.0
2026-03-07 14:49:00+00:00,DMU50_001,8.581,2596.43489,60.0
2026-03-07 14:50:00+00:00,DMU50_001,8.453,2596.57577,60.0
2026-03-07 14:51:00+00:00,DMU50_001,3.525,2596.63452,60.0
2026-03-07 14:52:00+00:00,DMU50_001,3.348,2596.69032,60.0
2026-03-07 14:53:00+00:00,DMU50_001,3.549,2596.74947,60.0
2026-03-07 14:54:00+00:00,DMU50_001,3.176,2596.8024,60.0
2026-03-07 14:55:00+00:00,DMU50_001,15.345,2597.05815,60.0
2026-03-07 14:56:00+00:00,DMU50_001,14.47,2597.29932,60.0
2026-03-07 14:57:00+00:00,DMU50_001,15.023,2597.5497,60.0
2026-03-07 14:58:00+00:00,DMU50_001,14.831,2597.79688,60.0
2026-03-07 14:59:00+00:00,DMU50_001,15.859,2598.0612,60.0
2026-03-07 15:00:00+00:00,DMU50_001,15.086,2598.31263,60.0
2026-03-07 15:01:00+00:00,DMU50_001,15.973,2598.57885,60.0
2026-03-07 15:02:00+00:00,DMU50_001,15.28,2598.83352,60.0
2026-03-07 15:03:00+00:00,DMU50_001,15.713,2599.0954,60.0
2026-03-07 15:04:00+00:00,DMU50_001,8.916,2599.244,60.0
2026-03-07 15:05:00+00:00,DMU50_001,4.269,2599.31515,60.0
2026-03-07 15:06:00+00:00,DMU50_001,4.444,2599.38922,60.0
2026-03-07 15:07:00+00:00,DMU50_001,4.381,2599.46224,60.0
2026-03-07 15:08:00+00:00,DMU50_001,4.306,2599.53401,60.0
2026-03-07 15:09:00+00:00,DMU50_001,14.836,2599.78128,60.0
2026-03-07 15:10:00+00:00,DMU50_001,14.921,2600.02996,60.0
2026-03-07 15:11:00+00:00,DMU50_001,15.569,2600.28944,60.0
2026-03-07 15:12:00+00:00,DMU50_001,15.673,2600.55066,60.0
2026-03-07 15:13:00+00:00,DMU50_001,14.704,2600.79573,60.0
2026-03-07 15:14:00+00:00,DMU50_001,14.628,2601.03953,60.0
2026-03-07 15:15:00+00:00,DMU50_001,14.548,2601.282,60.0
2026-03-07 15:16:00+00:00,DMU50_001,15.415,2601.53892,60.0
2026-03-07 15:17:00+00:00,DMU50_001,8.628,2601.68272,60.0
2026-03-07 15:18:00+00:00,DMU50_001,9.327,2601.83817,60.0
2026-03-07 15:19:00+00:00,DMU50_001,9.218,2601.9918,60.0
2026-03-07 15:20:00+00:00,DMU50_001,4.091,2602.05998,60.0
2026-03-07 15:21:00+00:00,DMU50_001,4.513,2602.1352,60.0
2026-03-07 15:22:00+00:00,DMU50_001,8.415,2602.27545,60.0
2026-03-07 15:23:00+00:00,DMU50_001,9.664,2602.43652,60.0
2026-03-07 15:24:00+00:00,DMU50_001,9.128,2602.58865,60.0
2026-03-07 15:25:00+00:00,DMU50_001,8.171,2602.72483,60.0
2026-03-07 15:26:00+00:00,DMU50_001,9.637,2602.88545,60.0
2026-03-07 15:27:00+00:00,DMU50_001,9.389,2603.04193,60.0
2026-03-07 15:28:00+00:00,DMU50_001,7.872,2603.17313,60.0
2026-03-07 15:29:00+00:00,DMU50_001,14.518,2603.4151,60.0
2026-03-07 15:30:00+00:00,DMU50_001,14.215,2603.65202,60.0
2026-03-07 15:31:00+00:00,DMU50_001,16.208,2603.92215,60.0
2026-03-07 15:32:00+00:00,DMU50_001,14.538,2604.16445,60.0
2026-03-07 15:33:00+00:00,DMU50_001,14.368,2604.40392,60.0
2026-03-07 15:34:00+00:00,DMU50_001,15.134,2604.65615,60.0
2026-03-07 15:35:00+00:00,DMU50_001,14.181,2604.8925,60.0
2026-03-07 15:36:00+00:00,DMU50_001,8.607,2605.03595,60.0
2026-03-07 15:37:00+00:00,DMU50_001,9.398,2605.19258,60.0
2026-03-07 15:38:00+00:00,DMU50_001,9.186,2605.34568,60.0
2026-03-07 15:39:00+00:00,DMU50_001,8.845,2605.4931,60.0
2026-03-07 15:40:00+00:00,DMU50_001,9.007,2605.64322,60.0
2026-03-07 15:41:00+00:00,DMU50_001,8.823,2605.79027,60.0
2026-03-07 15:42:00+00:00,DMU50_001,4.188,2605.86007,60.0
2026-03-07 15:43:00+00:00,DMU50_001,4.048,2605.92754,60.0
2026-03-07 15:44:00+00:00,DMU50_001,4.084,2605.99561,60.0
2026-03-07 15:45:00+00:00,DMU50_001,4.078,2606.06358,60.0
2026-03-07 15:46:00+00:00,DMU50_001,14.637,2606.30753,60.0
2026-03-07 15:47:00+00:00,DMU50_001,15.522,2606.56623,60.0
2026-03-07 15:48:00+00:00,DMU50_001,15.385,2606.82265,60.0
2026-03-07 15:49:00+00:00,DMU50_001,14.534,2607.06488,60.0
2026-03-07 15:50:00+00:00,DMU50_001,14.403,2607.30493,60.0
2026-03-07 15:51:00+00:00,DMU50_001,14.921,2607.55361,60.0
2026-03-07 15:52:00+00:00,DMU50_001,16.078,2607.82158,60.0
2026-03-07 15:53:00+00:00,DMU50_001,14.486,2608.06301,60.0
2026-03-07 15:54:00+00:00,DMU50_001,8.936,2608.21194,60.0
2026-03-07 15:55:00+00:00,DMU50_001,3.518,2608.27057,60.0
2026-03-07 15:56:00+00:00,DMU50_001,3.478,2608.32854,60.0
2026-03-07 15:57:00+00:00,DMU50_001,3.408,2608.38534,60.0
2026-03-07 15:58:00+00:00,DMU50_001,15.578,2608.64497,60.0
2026-03-07 15:59:00+00:00,DMU50_001,15.227,2608.89875,60.0
2026-03-07 16:00:00+00:00,DMU50_001,15.423,2609.1558,60.0
2026-03-07 16:01:00+00:00,DMU50_001,15.295,2609.41072,60.0
2026-03-07 16:02:00+00:00,DMU50_001,15.447,2609.66817,60.0
2026-03-07 16:03:00+00:00,DMU50_001,15.792,2609.93137,60.0
2026-03-07 16:04:00+00:00,DMU50_001,15.666,2610.19247,60.0
2026-03-07 16:05:00+00:00,DMU50_001,4.665,2610.27022,60.0
2026-03-07 16:06:00+00:00,DMU50_001,4.443,2610.34427,60.0
2026-03-07 16:07:00+00:00,DMU50_001,4.066,2610.41204,60.0
2026-03-07 16:08:00+00:00,DMU50_001,4.369,2610.48486,60.0
2026-03-07 16:09:00+00:00,DMU50_001,15.355,2610.74078,60.0
2026-03-07 16:10:00+00:00,DMU50_001,15.96,2611.00678,60.0
2026-03-07 16:11:00+00:00,DMU50_001,14.516,2611.24871,60.0
2026-03-07 16:12:00+00:00,DMU50_001,15.279,2611.50336,60.0
2026-03-07 16:13:00+00:00,DMU50_001,14.659,2611.74768,60.0
2026-03-07 16:14:00+00:00,DMU50_001,15.256,2612.00195,60.0
2026-03-07 16:15:00+00:00,DMU50_001,14.893,2612.25017,60.0
2026-03-07 16:16:00+00:00,DMU50_001,15.24,2612.50417,60.0
2026-03-07 16:17:00+00:00,DMU50_001,7.577,2612.63045,60.0
2026-03-07 16:18:00+00:00,DMU50_001,3.659,2612.69143,60.0
2026-03-07 16:19:00+00:00,DMU50_001,3.541,2612.75045,60.0
2026-03-07 16:20:00+00:00,DMU50_001,3.53,2612.80928,60.0
2026-03-07 16:21:00+00:00,DMU50_001,8.585,2612.95236,60.0
2026-03-07 16:22:00+00:00,DMU50_001,7.885,2613.08378,60.0
2026-03-07 16:23:00+00:00,DMU50_001,4.268,2613.15491,60.0
2026-03-07 16:24:00+00:00,DMU50_001,4.22,2613.22524,60.0
2026-03-07 16:25:00+00:00,DMU50_001,4.24,2613.29591,60.0
2026-03-07 16:26:00+00:00,DMU50_001,16.111,2613.56443,60.0
2026-03-07 16:27:00+00:00,DMU50_001,15.032,2613.81496,60.0
2026-03-07 16:28:00+00:00,DMU50_001,14.716,2614.06023,60.0
2026-03-07 16:29:00+00:00,DMU50_001,15.935,2614.32581,60.0
2026-03-07 16:30:00+00:00,DMU50_001,14.846,2614.57324,60.0
2026-03-07 16:31:00+00:00,DMU50_001,14.197,2614.80986,60.0
2026-03-07 16:32:00+00:00,DMU50_001,14.63,2615.05369,60.0
2026-03-07 16:33:00+00:00,DMU50_001,8.501,2615.19537,60.0
2026-03-07 16:34:00+00:00,DMU50_001,8.28,2615.33337,60.0
2026-03-07 16:35:00+00:00,DMU50_001,8.855,2615.48095,60.0
2026-03-07 16:36:00+00:00,DMU50_001,8.972,2615.63048,60.0
2026-03-07 16:37:00+00:00,DMU50_001,9.472,2615.78835,60.0
2026-03-07 16:38:00+00:00,DMU50_001,9.252,2615.94255,60.0
2026-03-07 16:39:00+00:00,DMU50_001,8.175,2616.0788,60.0
2026-03-07 16:40:00+00:00,DMU50_001,7.732,2616.20767,60.0
2026-03-07 16:41:00+00:00,DMU50_001,4.377,2616.28062,60.0
2026-03-07 16:42:00+00:00,DMU50_001,4.478,2616.35525,60.0
2026-03-07 16:43:00+00:00,DMU50_001,3.579,2616.4149,60.0
2026-03-07 16:44:00+00:00,DMU50_001,3.585,2616.47465,60.0
2026-03-07 16:45:00+00:00,DMU50_001,3.247,2616.52877,60.0
2026-03-07 16:46:00+00:00,DMU50_001,3.711,2616.59062,60.0
2026-03-07 16:47:00+00:00,DMU50_001,4.556,2616.66655,60.0
2026-03-07 16:48:00+00:00,DMU50_001,4.265,2616.73763,60.0
2026-03-07 16:49:00+00:00,DMU50_001,3.381,2616.79398,60.0
2026-03-07 16:50:00+00:00,DMU50_001,3.468,2616.85178,60.0
2026-03-07 16:51:00+00:00,DMU50_001,3.416,2616.90871,60.0
2026-03-07 16:52:00+00:00,DMU50_001,8.856,2617.05631,60.0
2026-03-07 16:53:00+00:00,DMU50_001,9.259,2617.21063,60.0
2026-03-07 16:54:00+00:00,DMU50_001,9.112,2617.3625,60.0
2026-03-07 16:55:00+00:00,DMU50_001,9.402,2617.5192,60.0
2026-03-07 16:56:00+00:00,DMU50_001,9.148,2617.67167,60.0
2026-03-07 16:57:00+00:00,DMU50_001,8.654,2617.8159,60.0
2026-03-07 16:58:00+00:00,DMU50_001,8.8,2617.96257,60.0
2026-03-07 16:59:00+00:00,DMU50_001,8.775,2618.10882,60.0
2026-03-07 17:00:00+00:00,DMU50_001,3.463,2618.16654,60.0
2026-03-07 17:01:00+00:00,DMU50_001,3.859,2618.23086,60.0
2026-03-07 17:02:00+00:00,DMU50_001,15.977,2618.49714,60.0
2026-03-07 17:03:00+00:00,DMU50_001,15.418,2618.75411,60.0
2026-03-07 17:04:00+00:00,DMU50_001,15.059,2619.00509,60.0
2026-03-07 17:05:00+00:00,DMU50_001,14.319,2619.24374,60.0
2026-03-07 17:06:00+00:00,DMU50_001,15.11,2619.49557,60.0
2026-03-07 17:07:00+00:00,DMU50_001,14.605,2619.73899,60.0
2026-03-07 17:08:00+00:00,DMU50_001,15.815,2620.00257,60.0
2026-03-07 17:09:00+00:00,DMU50_001,14.197,2620.23919,60.0
2026-03-07 17:10:00+00:00,DMU50_001,15.192,2620.49239,60.0
2026-03-07 17:11:00+00:00,DMU50_001,14.563,2620.73511,60.0
2026-03-07 17:12:00+00:00,DMU50_001,8.996,2620.88504,60.0
2026-03-07 17:13:00+00:00,DMU50_001,9.266,2621.03947,60.0
2026-03-07 17:14:00+00:00,DMU50_001,9.409,2621.19629,60.0
2026-03-07 17:15:00+00:00,DMU50_001,8.976,2621.34589,60.0
2026-03-07 17:16:00+00:00,DMU50_001,8.228,2621.48302,60.0
2026-03-07 17:17:00+00:00,DMU50_001,8.735,2621.6286,60.0
2026-03-07 17:18:00+00:00,DMU50_001,9.098,2621.78023,60.0
2026-03-07 17:19:00+00:00,DMU50_001,9.401,2621.93691,60.0
2026-03-07 17:20:00+00:00,DMU50_001,9.133,2622.08913,60.0
2026-03-07 17:21:00+00:00,DMU50_001,8.788,2622.2356,60.0
2026-03-07 17:22:00+00:00,DMU50_001,8.888,2622.38373,60.0
2026-03-07 17:23:00+00:00,DMU50_001,9.406,2622.5405,60.0
2026-03-07 17:24:00+00:00,DMU50_001,7.672,2622.66837,60.0
2026-03-07 17:25:00+00:00,DMU50_001,7.717,2622.79699,60.0
2026-03-07 17:26:00+00:00,DMU50_001,4.32,2622.86899,60.0
2026-03-07 17:27:00+00:00,DMU50_001,4.112,2622.93752,60.0
2026-03-07 17:28:00+00:00,DMU50_001,3.909,2623.00267,60.0
2026-03-07 17:29:00+00:00,DMU50_001,9.54,2623.16167,60.0
2026-03-07 17:30:00+00:00,DMU50_001,8.56,2623.30434,60.0
2026-03-07 17:31:00+00:00,DMU50_001,8.92,2623.45301,60.0
2026-03-07 17:32:00+00:00,DMU50_001,8.752,2623.59888,60.0
2026-03-07 17:33:00+00:00,DMU50_001,8.881,2623.7469,60.0
2026-03-07 17:34:00+00:00,DMU50_001,8.646,2623.891,60.0
2026-03-07 17:35:00+00:00,DMU50_001,8.214,2624.0279,60.0
2026-03-07 17:36:00+00:00,DMU50_001,3.522,2624.0866,60.0
2026-03-07 17:37:00+00:00,DMU50_001,3.697,2624.14822,60.0
2026-03-07 17:38:00+00:00,DMU50_001,3.378,2624.20452,60.0
2026-03-07 17:39:00+00:00,DMU50_001,16.067,2624.4723,60.0
2026-03-07 17:40:00+00:00,DMU50_001,14.048,2624.70643,60.0
2026-03-07 17:41:00+00:00,DMU50_001,14.207,2624.94321,60.0
2026-03-07 17:42:00+00:00,DMU50_001,15.877,2625.20783,60.0
2026-03-07 17:43:00+00:00,DMU50_001,15.237,2625.46178,60.0
2026-03-07 17:44:00+00:00,DMU50_001,15.171,2625.71463,60.0
2026-03-07 17:45:00+00:00,DMU50_001,15.216,2625.96823,60.0
2026-03-07 17:46:00+00:00,DMU50_001,15.286,2626.223,60.0
2026-03-07 17:47:00+00:00,DMU50_001,15.15,2626.4755,60.0
2026-03-07 17:48:00+00:00,DMU50_001,14.517,2626.71745,60.0
2026-03-07 17:49:00+00:00,DMU50_001,9.327,2626.8729,60.0
2026-03-07 17:50:00+00:00,DMU50_001,9.264,2627.0273,60.0
2026-03-07 17:51:00+00:00,DMU50_001,9.571,2627.18682,60.0
2026-03-07 17:52:00+00:00,DMU50_001,8.529,2627.32897,60.0
2026-03-07 17:53:00+00:00,DMU50_001,8.099,2627.46395,60.0
2026-03-07 17:54:00+00:00,DMU50_001,3.954,2627.52985,60.0
2026-03-07 17:55:00+00:00,DMU50_001,4.555,2627.60577,60.0
2026-03-07 17:56:00+00:00,DMU50_001,3.996,2627.67237,60.0
2026-03-07 17:57:00+00:00,DMU50_001,4.268,2627.7435,60.0
2026-03-07 17:58:00+00:00,DMU50_001,7.923,2627.87555,60.0
2026-03-07 17:59:00+00:00,DMU50_001,14.785,2628.12197,60.0
2026-03-07 18:00:00+00:00,DMU50_001,15.382,2628.37834,60.0
2026-03-07 18:01:00+00:00,DMU50_001,15.122,2628.63037,60.0
2026-03-07 18:02:00+00:00,DMU50_001,15.257,2628.88465,60.0
2026-03-07 18:03:00+00:00,DMU50_001,14.592,2629.12785,60.0
2026-03-07 18:04:00+00:00,DMU50_001,14.913,2629.3764,60.0
2026-03-07 18:05:00+00:00,DMU50_001,14.615,2629.61998,60.0
2026-03-07 18:06:00+00:00,DMU50_001,14.9,2629.86831,60.0
2026-03-07 18:07:00+00:00,DMU50_001,8.952,2630.01751,60.0
2026-03-07 18:08:00+00:00,DMU50_001,9.738,2630.17981,60.0
2026-03-07 18:09:00+00:00,DMU50_001,7.922,2630.31184,60.0
2026-03-07 18:10:00+00:00,DMU50_001,13.937,2630.54412,60.0
2026-03-07 18:11:00+00:00,DMU50_001,15.698,2630.80575,60.0
2026-03-07 18:12:00+00:00,DMU50_001,15.225,2631.0595,60.0
2026-03-07 18:13:00+00:00,DMU50_001,14.934,2631.3084,60.0
2026-03-07 18:14:00+00:00,DMU50_001,14.781,2631.55475,60.0
2026-03-07 18:15:00+00:00,DMU50_001,14.527,2631.79687,60.0
2026-03-07 18:16:00+00:00,DMU50_001,15.969,2632.06302,60.0
2026-03-07 18:17:00+00:00,DMU50_001,15.026,2632.31345,60.0
2026-03-07 18:18:00+00:00,DMU50_001,14.131,2632.54897,60.0
2026-03-07 18:19:00+00:00,DMU50_001,15.164,2632.8017,60.0
2026-03-07 18:20:00+00:00,DMU50_001,3.741,2632.86405,60.0
2026-03-07 18:21:00+00:00,DMU50_001,3.531,2632.9229,60.0
2026-03-07 18:22:00+00:00,DMU50_001,3.32,2632.97823,60.0
2026-03-07 18:23:00+00:00,DMU50_001,3.302,2633.03326,60.0
2026-03-07 18:24:00+00:00,DMU50_001,14.541,2633.27561,60.0
2026-03-07 18:25:00+00:00,DMU50_001,15.761,2633.53829,60.0
2026-03-07 18:26:00+00:00,DMU50_001,14.964,2633.78769,60.0
2026-03-07 18:27:00+00:00,DMU50_001,14.161,2634.02371,60.0
2026-03-07 18:28:00+00:00,DMU50_001,15.192,2634.27691,60.0
2026-03-07 18:29:00+00:00,DMU50_001,15.071,2634.52809,60.0
2026-03-07 18:30:00+00:00,DMU50_001,14.776,2634.77436,60.0
2026-03-07 18:31:00+00:00,DMU50_001,14.49,2635.01586,60.0
2026-03-07 18:32:00+00:00,DMU50_001,8.574,2635.15876,60.0
2026-03-07 18:33:00+00:00,DMU50_001,9.435,2635.31601,60.0
2026-03-07 18:34:00+00:00,DMU50_001,9.099,2635.46766,60.0
2026-03-07 18:35:00+00:00,DMU50_001,8.144,2635.60339,60.0
2026-03-07 18:36:00+00:00,DMU50_001,8.073,2635.73794,60.0
2026-03-07 18:37:00+00:00,DMU50_001,15.164,2635.99067,60.0
2026-03-07 18:38:00+00:00,DMU50_001,14.766,2636.23677,60.0
2026-03-07 18:39:00+00:00,DMU50_001,14.897,2636.48505,60.0
2026-03-07 18:40:00+00:00,DMU50_001,15.582,2636.74475,60.0
2026-03-07 18:41:00+00:00,DMU50_001,15.707,2637.00653,60.0
2026-03-07 18:42:00+00:00,DMU50_001,14.389,2637.24635,60.0
2026-03-07 18:43:00+00:00,DMU50_001,14.896,2637.49462,60.0
2026-03-07 18:44:00+00:00,DMU50_001,15.42,2637.75162,60.0
2026-03-07 18:45:00+00:00,DMU50_001,15.941,2638.0173,60.0
2026-03-07 18:46:00+00:00,DMU50_001,8.535,2638.15955,60.0
2026-03-07 18:47:00+00:00,DMU50_001,7.761,2638.2889,60.0
2026-03-07 18:48:00+00:00,DMU50_001,4.455,2638.36315,60.0
2026-03-07 18:49:00+00:00,DMU50_001,4.212,2638.43335,60.0
2026-03-07 18:50:00+00:00,DMU50_001,15.522,2638.69205,60.0
2026-03-07 18:51:00+00:00,DMU50_001,15.394,2638.94862,60.0
2026-03-07 18:52:00+00:00,DMU50_001,14.368,2639.18809,60.0
2026-03-07 18:53:00+00:00,DMU50_001,15.275,2639.44267,60.0
2026-03-07 18:54:00+00:00,DMU50_001,15.503,2639.70105,60.0
2026-03-07 18:55:00+00:00,DMU50_001,14.99,2639.95088,60.0
2026-03-07 18:56:00+00:00,DMU50_001,14.877,2640.19883,60.0
2026-03-07 18:57:00+00:00,DMU50_001,14.214,2640.43573,60.0
2026-03-07 18:58:00+00:00,DMU50_001,15.342,2640.69143,60.0
2026-03-07 18:59:00+00:00,DMU50_001,8.063,2640.82581,60.0
2026-03-07 19:00:00+00:00,DMU50_001,7.723,2640.95453,60.0
2026-03-07 19:01:00+00:00,DMU50_001,3.435,2641.01178,60.0
2026-03-07 19:02:00+00:00,DMU50_001,3.531,2641.07063,60.0
2026-03-07 19:03:00+00:00,DMU50_001,3.388,2641.1271,60.0
2026-03-07 19:04:00+00:00,DMU50_001,3.501,2641.18545,60.0
2026-03-07 19:05:00+00:00,DMU50_001,3.15,2641.23795,60.0
2026-03-07 19:06:00+00:00,DMU50_001,8.405,2641.37803,60.0
2026-03-07 19:07:00+00:00,DMU50_001,8.005,2641.51145,60.0
2026-03-07 19:08:00+00:00,DMU50_001,8.56,2641.65412,60.0
2026-03-07 19:09:00+00:00,DMU50_001,8.016,2641.78772,60.0
2026-03-07 19:10:00+00:00,DMU50_001,9.412,2641.94459,60.0
2026-03-07 19:11:00+00:00,DMU50_001,9.223,2642.09831,60.0
2026-03-07 19:12:00+00:00,DMU50_001,9.084,2642.24971,60.0
2026-03-07 19:13:00+00:00,DMU50_001,9.345,2642.40546,60.0
2026-03-07 19:14:00+00:00,DMU50_001,8.258,2642.54309,60.0
2026-03-07 19:15:00+00:00,DMU50_001,15.097,2642.79471,60.0
2026-03-07 19:16:00+00:00,DMU50_001,14.873,2643.04259,60.0
2026-03-07 19:17:00+00:00,DMU50_001,14.791,2643.28911,60.0
2026-03-07 19:18:00+00:00,DMU50_001,15.21,2643.54261,60.0
2026-03-07 19:19:00+00:00,DMU50_001,15.699,2643.80426,60.0
2026-03-07 19:20:00+00:00,DMU50_001,14.949,2644.05341,60.0
2026-03-07 19:21:00+00:00,DMU50_001,15.738,2644.31571,60.0
2026-03-07 19:22:00+00:00,DMU50_001,9.149,2644.46819,60.0
2026-03-07 19:23:00+00:00,DMU50_001,9.152,2644.62072,60.0
2026-03-07 19:24:00+00:00,DMU50_001,8.722,2644.76609,60.0
2026-03-07 19:25:00+00:00,DMU50_001,8.496,2644.90769,60.0
2026-03-07 19:26:00+00:00,DMU50_001,9.671,2645.06887,60.0
2026-03-07 19:27:00+00:00,DMU50_001,8.681,2645.21355,60.0
2026-03-07 19:28:00+00:00,DMU50_001,9.877,2645.37817,60.0
2026-03-07 19:29:00+00:00,DMU50_001,8.967,2645.52762,60.0
2026-03-07 19:30:00+00:00,DMU50_001,8.909,2645.6761,60.0
2026-03-07 19:31:00+00:00,DMU50_001,8.136,2645.8117,60.0
2026-03-07 19:32:00+00:00,DMU50_001,8.098,2645.94667,60.0
2026-03-07 19:33:00+00:00,DMU50_001,8.567,2646.08945,60.0
2026-03-07 19:34:00+00:00,DMU50_001,9.163,2646.24217,60.0
2026-03-07 19:35:00+00:00,DMU50_001,8.535,2646.38442,60.0
2026-03-07 19:36:00+00:00,DMU50_001,9.719,2646.5464,60.0
2026-03-07 19:37:00+00:00,DMU50_001,9.221,2646.70008,60.0
2026-03-07 19:38:00+00:00,DMU50_001,9.912,2646.86528,60.0
2026-03-07 19:39:00+00:00,DMU50_001,8.591,2647.00846,60.0
2026-03-07 19:40:00+00:00,DMU50_001,8.465,2647.14954,60.0
2026-03-07 19:41:00+00:00,DMU50_001,7.459,2647.27386,60.0
2026-03-07 19:42:00+00:00,DMU50_001,15.104,2647.52559,60.0
2026-03-07 19:43:00+00:00,DMU50_001,14.684,2647.77032,60.0
2026-03-07 19:44:00+00:00,DMU50_001,14.776,2648.01659,60.0
2026-03-07 19:45:00+00:00,DMU50_001,14.742,2648.26229,60.0
2026-03-07 19:46:00+00:00,DMU50_001,14.543,2648.50467,60.0
2026-03-07 19:47:00+00:00,DMU50_001,14.37,2648.74417,60.0
2026-03-07 19:48:00+00:00,DMU50_001,14.779,2648.99049,60.0
2026-03-07 19:49:00+00:00,DMU50_001,3.523,2649.04921,60.0
2026-03-07 19:50:00+00:00,DMU50_001,3.733,2649.11143,60.0
2026-03-07 19:51:00+00:00,DMU50_001,3.559,2649.17075,60.0
2026-03-07 19:52:00+00:00,DMU50_001,9.467,2649.32853,60.0
2026-03-07 19:53:00+00:00,DMU50_001,8.409,2649.46868,60.0
2026-03-07 19:54:00+00:00,DMU50_001,8.827,2649.6158,60.0
2026-03-07 19:55:00+00:00,DMU50_001,9.284,2649.77053,60.0
2026-03-07 19:56:00+00:00,DMU50_001,9.137,2649.92281,60.0
2026-03-07 19:57:00+00:00,DMU50_001,8.656,2650.06708,60.0
2026-03-07 19:58:00+00:00,DMU50_001,9.374,2650.22331,60.0
2026-03-07 19:59:00+00:00,DMU50_001,3.394,2650.27988,60.0
2026-03-07 20:00:00+00:00,DMU50_001,3.345,2650.33563,60.0
2026-03-07 20:01:00+00:00,DMU50_001,15.243,2650.58968,60.0
2026-03-07 20:02:00+00:00,DMU50_001,15.003,2650.83973,60.0
2026-03-07 20:03:00+00:00,DMU50_001,14.739,2651.08538,60.0
2026-03-07 20:04:00+00:00,DMU50_001,14.722,2651.33075,60.0
2026-03-07 20:05:00+00:00,DMU50_001,14.465,2651.57183,60.0
2026-03-07 20:06:00+00:00,DMU50_001,14.802,2651.81853,60.0
2026-03-07 20:07:00+00:00,DMU50_001,15.55,2652.0777,60.0
2026-03-07 20:08:00+00:00,DMU50_001,15.122,2652.32973,60.0
2026-03-07 20:09:00+00:00,DMU50_001,15.479,2652.58771,60.0
2026-03-07 20:10:00+00:00,DMU50_001,15.258,2652.84201,60.0
2026-03-07 20:11:00+00:00,DMU50_001,8.755,2652.98793,60.0
2026-03-07 20:12:00+00:00,DMU50_001,8.34,2653.12693,60.0
2026-03-07 20:13:00+00:00,DMU50_001,8.629,2653.27075,60.0
2026-03-07 20:14:00+00:00,DMU50_001,7.799,2653.40073,60.0
2026-03-07 20:15:00+00:00,DMU50_001,3.35,2653.45656,60.0
2026-03-07 20:16:00+00:00,DMU50_001,3.696,2653.51816,60.0
2026-03-07 20:17:00+00:00,DMU50_001,3.694,2653.57973,60.0
2026-03-07 20:18:00+00:00,DMU50_001,16.106,2653.84816,60.0
2026-03-07 20:19:00+00:00,DMU50_001,14.618,2654.09179,60.0
2026-03-07 20:20:00+00:00,DMU50_001,15.799,2654.35511,60.0
2026-03-07 20:21:00+00:00,DMU50_001,15.796,2654.61838,60.0
2026-03-07 20:22:00+00:00,DMU50_001,14.884,2654.86645,60.0
2026-03-07 20:23:00+00:00,DMU50_001,15.237,2655.1204,60.0
2026-03-07 20:24:00+00:00,DMU50_001,15.62,2655.38073,60.0
2026-03-07 20:25:00+00:00,DMU50_001,14.971,2655.63025,60.0
2026-03-07 20:26:00+00:00,DMU50_001,8.945,2655.77933,60.0
2026-03-07 20:27:00+00:00,DMU50_001,8.749,2655.92515,60.0
2026-03-07 20:28:00+00:00,DMU50_001,8.056,2656.05942,60.0
2026-03-07 20:29:00+00:00,DMU50_001,9.028,2656.20989,60.0
2026-03-07 20:30:00+00:00,DMU50_001,3.358,2656.26586,60.0
2026-03-07 20:31:00+00:00,DMU50_001,3.285,2656.32061,60.0
2026-03-07 20:32:00+00:00,DMU50_001,4.284,2656.39201,60.0
2026-03-07 20:33:00+00:00,DMU50_001,3.91,2656.45718,60.0
2026-03-07 20:34:00+00:00,DMU50_001,3.661,2656.5182,60.0
2026-03-07 20:35:00+00:00,DMU50_001,3.597,2656.57815,60.0
2026-03-07 20:36:00+00:00,DMU50_001,3.42,2656.63515,60.0
2026-03-07 20:37:00+00:00,DMU50_001,8.975,2656.78473,60.0
2026-03-07 20:38:00+00:00,DMU50_001,8.524,2656.9268,60.0
2026-03-07 20:39:00+00:00,DMU50_001,9.3,2657.0818,60.0
2026-03-07 20:40:00+00:00,DMU50_001,9.075,2657.23305,60.0
2026-03-07 20:41:00+00:00,DMU50_001,9.105,2657.3848,60.0
2026-03-07 20:42:00+00:00,DMU50_001,9.201,2657.53815,60.0
2026-03-07 20:43:00+00:00,DMU50_001,8.743,2657.68387,60.0
2026-03-07 20:44:00+00:00,DMU50_001,8.392,2657.82374,60.0
2026-03-07 20:45:00+00:00,DMU50_001,8.287,2657.96186,60.0
2026-03-07 20:46:00+00:00,DMU50_001,15.344,2658.21759,60.0
2026-03-07 20:47:00+00:00,DMU50_001,14.732,2658.46312,60.0
2026-03-07 20:48:00+00:00,DMU50_001,15.205,2658.71654,60.0
2026-03-07 20:49:00+00:00,DMU50_001,15.629,2658.97702,60.0
2026-03-07 20:50:00+00:00,DMU50_001,15.569,2659.2365,60.0
2026-03-07 20:51:00+00:00,DMU50_001,14.718,2659.4818,60.0
2026-03-07 20:52:00+00:00,DMU50_001,14.256,2659.7194,60.0
2026-03-07 20:53:00+00:00,DMU50_001,8.473,2659.86062,60.0
2026-03-07 20:54:00+00:00,DMU50_001,8.875,2660.00854,60.0
2026-03-07 20:55:00+00:00,DMU50_001,9.585,2660.16829,60.0
2026-03-07 20:56:00+00:00,DMU50_001,3.354,2660.22419,60.0
2026-03-07 20:57:00+00:00,DMU50_001,3.381,2660.28054,60.0
2026-03-07 20:58:00+00:00,DMU50_001,3.377,2660.33682,60.0
2026-03-07 20:59:00+00:00,DMU50_001,3.394,2660.39339,60.0
2026-03-07 21:00:00+00:00,DMU50_001,3.498,2660.45169,60.0
2026-03-07 21:01:00+00:00,DMU50_001,14.36,2660.69102,60.0
2026-03-07 21:02:00+00:00,DMU50_001,15.542,2660.95005,60.0
2026-03-07 21:03:00+00:00,DMU50_001,14.928,2661.19885,60.0
2026-03-07 21:04:00+00:00,DMU50_001,16.24,2661.46952,60.0
2026-03-07 21:05:00+00:00,DMU50_001,14.413,2661.70974,60.0
2026-03-07 21:06:00+00:00,DMU50_001,15.795,2661.97299,60.0
2026-03-07 21:07:00+00:00,DMU50_001,15.696,2662.23459,60.0
2026-03-07 21:08:00+00:00,DMU50_001,14.794,2662.48116,60.0
2026-03-07 21:09:00+00:00,DMU50_001,8.842,2662.62853,60.0
2026-03-07 21:10:00+00:00,DMU50_001,8.631,2662.77238,60.0
2026-03-07 21:11:00+00:00,DMU50_001,8.636,2662.91631,60.0
2026-03-07 21:12:00+00:00,DMU50_001,4.2,2662.98631,60.0
2026-03-07 21:13:00+00:00,DMU50_001,4.204,2663.05638,60.0
2026-03-07 21:14:00+00:00,DMU50_001,3.88,2663.12105,60.0
2026-03-07 21:15:00+00:00,DMU50_001,4.659,2663.1987,60.0
2026-03-07 21:16:00+00:00,DMU50_001,14.87,2663.44653,60.0
2026-03-07 21:17:00+00:00,DMU50_001,15.033,2663.69708,60.0
2026-03-07 21:18:00+00:00,DMU50_001,14.687,2663.94186,60.0
2026-03-07 21:19:00+00:00,DMU50_001,14.866,2664.18963,60.0
2026-03-07 21:20:00+00:00,DMU50_001,14.821,2664.43665,60.0
2026-03-07 21:21:00+00:00,DMU50_001,14.999,2664.68663,60.0
2026-03-07 21:22:00+00:00,DMU50_001,14.993,2664.93651,60.0
2026-03-07 21:23:00+00:00,DMU50_001,9.322,2665.09188,60.0
2026-03-07 21:24:00+00:00,DMU50_001,9.091,2665.2434,60.0
2026-03-07 21:25:00+00:00,DMU50_001,9.282,2665.3981,60.0
2026-03-07 21:26:00+00:00,DMU50_001,8.996,2665.54803,60.0
2026-03-07 21:27:00+00:00,DMU50_001,9.093,2665.69958,60.0
2026-03-07 21:28:00+00:00,DMU50_001,7.928,2665.83171,60.0
2026-03-07 21:29:00+00:00,DMU50_001,4.401,2665.90506,60.0
2026-03-07 21:30:00+00:00,DMU50_001,4.265,2665.97614,60.0
2026-03-07 21:31:00+00:00,DMU50_001,4.168,2666.04561,60.0
2026-03-07 21:32:00+00:00,DMU50_001,4.162,2666.11498,60.0
2026-03-07 21:33:00+00:00,DMU50_001,14.945,2666.36406,60.0
2026-03-07 21:34:00+00:00,DMU50_001,15.015,2666.61431,60.0
2026-03-07 21:35:00+00:00,DMU50_001,14.972,2666.86384,60.0
2026-03-07 21:36:00+00:00,DMU50_001,14.721,2667.10919,60.0
2026-03-07 21:37:00+00:00,DMU50_001,15.382,2667.36556,60.0
2026-03-07 21:38:00+00:00,DMU50_001,15.414,2667.62246,60.0
2026-03-07 21:39:00+00:00,DMU50_001,15.892,2667.88733,60.0
2026-03-07 21:40:00+00:00,DMU50_001,14.698,2668.1323,60.0
2026-03-07 21:41:00+00:00,DMU50_001,15.333,2668.38785,60.0
2026-03-07 21:42:00+00:00,DMU50_001,8.236,2668.52512,60.0
2026-03-07 21:43:00+00:00,DMU50_001,9.332,2668.68065,60.0
2026-03-07 21:44:00+00:00,DMU50_001,8.417,2668.82093,60.0
2026-03-07 21:45:00+00:00,DMU50_001,4.003,2668.88765,60.0
2026-03-07 21:46:00+00:00,DMU50_001,4.266,2668.95875,60.0
2026-03-07 21:47:00+00:00,DMU50_001,4.076,2669.02668,60.0
2026-03-07 21:48:00+00:00,DMU50_001,4.048,2669.09415,60.0
2026-03-07 21:49:00+00:00,DMU50_001,14.758,2669.34012,60.0
2026-03-07 21:50:00+00:00,DMU50_001,15.365,2669.5962,60.0
2026-03-07 21:51:00+00:00,DMU50_001,14.534,2669.83843,60.0
2026-03-07 21:52:00+00:00,DMU50_001,14.973,2670.08798,60.0
2026-03-07 21:53:00+00:00,DMU50_001,14.811,2670.33483,60.0
2026-03-07 21:54:00+00:00,DMU50_001,15.41,2670.59166,60.0
2026-03-07 21:55:00+00:00,DMU50_001,15.424,2670.84873,60.0
2026-03-07 21:56:00+00:00,DMU50_001,8.266,2670.9865,60.0
2026-03-07 21:57:00+00:00,DMU50_001,9.418,2671.14347,60.0
2026-03-07 21:58:00+00:00,DMU50_001,8.756,2671.2894,60.0
2026-03-07 21:59:00+00:00,DMU50_001,8.071,2671.42392,60.0
2026-03-07 22:00:00+00:00,DMU50_001,14.531,2671.6661,60.0
2026-03-07 22:01:00+00:00,DMU50_001,15.186,2671.9192,60.0
2026-03-07 22:02:00+00:00,DMU50_001,16.276,2672.19047,60.0
2026-03-07 22:03:00+00:00,DMU50_001,15.064,2672.44154,60.0
2026-03-07 22:04:00+00:00,DMU50_001,14.77,2672.68771,60.0
2026-03-07 22:05:00+00:00,DMU50_001,14.884,2672.93578,60.0
2026-03-07 22:06:00+00:00,DMU50_001,14.265,2673.17353,60.0
2026-03-07 22:07:00+00:00,DMU50_001,15.724,2673.4356,60.0
2026-03-07 22:08:00+00:00,DMU50_001,15.156,2673.6882,60.0
2026-03-07 22:09:00+00:00,DMU50_001,8.58,2673.8312,60.0
2026-03-07 22:10:00+00:00,DMU50_001,3.997,2673.89782,60.0
2026-03-07 22:11:00+00:00,DMU50_001,4.203,2673.96787,60.0
2026-03-07 22:12:00+00:00,DMU50_001,15.466,2674.22564,60.0
2026-03-07 22:13:00+00:00,DMU50_001,14.425,2674.46606,60.0
2026-03-07 22:14:00+00:00,DMU50_001,15.557,2674.72534,60.0
2026-03-07 22:15:00+00:00,DMU50_001,14.954,2674.97457,60.0
2026-03-07 22:16:00+00:00,DMU50_001,14.535,2675.21682,60.0
2026-03-07 22:17:00+00:00,DMU50_001,14.766,2675.46292,60.0
2026-03-07 22:18:00+00:00,DMU50_001,15.874,2675.72749,60.0
2026-03-07 22:19:00+00:00,DMU50_001,8.445,2675.86824,60.0
2026-03-07 22:20:00+00:00,DMU50_001,4.054,2675.93581,60.0
2026-03-07 22:21:00+00:00,DMU50_001,4.391,2676.00899,60.0
2026-03-07 22:22:00+00:00,DMU50_001,4.243,2676.07971,60.0
2026-03-07 22:23:00+00:00,DMU50_001,4.042,2676.14708,60.0
2026-03-07 22:24:00+00:00,DMU50_001,9.386,2676.30351,60.0
2026-03-07 22:25:00+00:00,DMU50_001,9.405,2676.46026,60.0
2026-03-07 22:26:00+00:00,DMU50_001,9.133,2676.61248,60.0
2026-03-07 22:27:00+00:00,DMU50_001,8.755,2676.7584,60.0
2026-03-07 22:28:00+00:00,DMU50_001,8.817,2676.90535,60.0
2026-03-07 22:29:00+00:00,DMU50_001,9.114,2677.05725,60.0
2026-03-07 22:30:00+00:00,DMU50_001,7.606,2677.18402,60.0
2026-03-07 22:31:00+00:00,DMU50_001,8.398,2677.32399,60.0
2026-03-07 22:32:00+00:00,DMU50_001,15.85,2677.58816,60.0
2026-03-07 22:33:00+00:00,DMU50_001,14.882,2677.83619,60.0
2026-03-07 22:34:00+00:00,DMU50_001,15.178,2678.08916,60.0
2026-03-07 22:35:00+00:00,DMU50_001,15.593,2678.34904,60.0
2026-03-07 22:36:00+00:00,DMU50_001,15.978,2678.61534,60.0
2026-03-07 22:37:00+00:00,DMU50_001,15.778,2678.87831,60.0
2026-03-07 22:38:00+00:00,DMU50_001,14.132,2679.11384,60.0
2026-03-07 22:39:00+00:00,DMU50_001,14.842,2679.36121,60.0
2026-03-07 22:40:00+00:00,DMU50_001,15.25,2679.61538,60.0
2026-03-07 22:41:00+00:00,DMU50_001,14.753,2679.86126,60.0
2026-03-07 22:42:00+00:00,DMU50_001,9.713,2680.02314,60.0
2026-03-07 22:43:00+00:00,DMU50_001,9.652,2680.18401,60.0
2026-03-07 22:44:00+00:00,DMU50_001,8.674,2680.32858,60.0
2026-03-07 22:45:00+00:00,DMU50_001,7.951,2680.4611,60.0
2026-03-07 22:46:00+00:00,DMU50_001,8.7,2680.6061,60.0
2026-03-07 22:47:00+00:00,DMU50_001,8.922,2680.7548,60.0
2026-03-07 22:48:00+00:00,DMU50_001,8.91,2680.9033,60.0
2026-03-07 22:49:00+00:00,DMU50_001,9.382,2681.05967,60.0
2026-03-07 22:50:00+00:00,DMU50_001,8.645,2681.20375,60.0
2026-03-07 22:51:00+00:00,DMU50_001,7.953,2681.3363,60.0
2026-03-07 22:52:00+00:00,DMU50_001,8.358,2681.4756,60.0
2026-03-07 22:53:00+00:00,DMU50_001,3.994,2681.54217,60.0
2026-03-07 22:54:00+00:00,DMU50_001,4.069,2681.60999,60.0
2026-03-07 22:55:00+00:00,DMU50_001,4.237,2681.68061,60.0
2026-03-07 22:56:00+00:00,DMU50_001,3.984,2681.74701,60.0
2026-03-07 22:57:00+00:00,DMU50_001,8.516,2681.88894,60.0
2026-03-07 22:58:00+00:00,DMU50_001,8.628,2682.03274,60.0
2026-03-07 22:59:00+00:00,DMU50_001,8.554,2682.17531,60.0
2026-03-07 23:00:00+00:00,DMU50_001,8.778,2682.32161,60.0
2026-03-07 23:01:00+00:00,DMU50_001,8.761,2682.46763,60.0
2026-03-07 23:02:00+00:00,DMU50_001,9.276,2682.62223,60.0
2026-03-07 23:03:00+00:00,DMU50_001,8.604,2682.76563,60.0
2026-03-07 23:04:00+00:00,DMU50_001,3.428,2682.82276,60.0
2026-03-07 23:05:00+00:00,DMU50_001,3.391,2682.87928,60.0
2026-03-07 23:06:00+00:00,DMU50_001,3.662,2682.94031,60.0
2026-03-07 23:07:00+00:00,DMU50_001,7.954,2683.07288,60.0
2026-03-07 23:08:00+00:00,DMU50_001,9.42,2683.22988,60.0
2026-03-07 23:09:00+00:00,DMU50_001,8.539,2683.3722,60.0
2026-03-07 23:10:00+00:00,DMU50_001,8.98,2683.52187,60.0
2026-03-07 23:11:00+00:00,DMU50_001,8.77,2683.66804,60.0
2026-03-07 23:12:00+00:00,DMU50_001,8.51,2683.80987,60.0
2026-03-07 23:13:00+00:00,DMU50_001,8.973,2683.95942,60.0
2026-03-07 23:14:00+00:00,DMU50_001,3.847,2684.02354,60.0
2026-03-07 23:15:00+00:00,DMU50_001,3.329,2684.07902,60.0
2026-03-07 23:16:00+00:00,DMU50_001,14.936,2684.32795,60.0
2026-03-07 23:17:00+00:00,DMU50_001,14.344,2684.56702,60.0
2026-03-07 23:18:00+00:00,DMU50_001,14.27,2684.80485,60.0
2026-03-07 23:19:00+00:00,DMU50_001,14.606,2685.04828,60.0
2026-03-07 23:20:00+00:00,DMU50_001,14.775,2685.29453,60.0
2026-03-07 23:21:00+00:00,DMU50_001,14.797,2685.54115,60.0
2026-03-07 23:22:00+00:00,DMU50_001,8.91,2685.68965,60.0
2026-03-07 23:23:00+00:00,DMU50_001,8.341,2685.82867,60.0
2026-03-07 23:24:00+00:00,DMU50_001,8.75,2685.9745,60.0
2026-03-07 23:25:00+00:00,DMU50_001,9.201,2686.12785,60.0
2026-03-07 23:26:00+00:00,DMU50_001,8.457,2686.2688,60.0
2026-03-07 23:27:00+00:00,DMU50_001,8.858,2686.41643,60.0
2026-03-07 23:28:00+00:00,DMU50_001,9.117,2686.56838,60.0
2026-03-07 23:29:00+00:00,DMU50_001,8.687,2686.71316,60.0
2026-03-07 23:30:00+00:00,DMU50_001,8.102,2686.84819,60.0
2026-03-07 23:31:00+00:00,DMU50_001,7.544,2686.97392,60.0
2026-03-07 23:32:00+00:00,DMU50_001,9.355,2687.12984,60.0
2026-03-07 23:33:00+00:00,DMU50_001,9.146,2687.28227,60.0
2026-03-07 23:34:00+00:00,DMU50_001,9.022,2687.43264,60.0
2026-03-07 23:35:00+00:00,DMU50_001,9.45,2687.59014,60.0
2026-03-07 23:36:00+00:00,DMU50_001,8.868,2687.73794,60.0
2026-03-07 23:37:00+00:00,DMU50_001,8.753,2687.88382,60.0
2026-03-07 23:38:00+00:00,DMU50_001,9.549,2688.04297,60.0
2026-03-07 23:39:00+00:00,DMU50_001,9.736,2688.20524,60.0
2026-03-07 23:40:00+00:00,DMU50_001,3.361,2688.26126,60.0
2026-03-07 23:41:00+00:00,DMU50_001,3.477,2688.31921,60.0
2026-03-07 23:42:00+00:00,DMU50_001,3.709,2688.38103,60.0
2026-03-07 23:43:00+00:00,DMU50_001,3.484,2688.4391,60.0
2026-03-07 23:44:00+00:00,DMU50_001,9.238,2688.59307,60.0
2026-03-07 23:45:00+00:00,DMU50_001,9.312,2688.74827,60.0
2026-03-07 23:46:00+00:00,DMU50_001,8.775,2688.89452,60.0
2026-03-07 23:47:00+00:00,DMU50_001,9.168,2689.04732,60.0
2026-03-07 23:48:00+00:00,DMU50_001,8.998,2689.19729,60.0
2026-03-07 23:49:00+00:00,DMU50_001,8.513,2689.33917,60.0
2026-03-07 23:50:00+00:00,DMU50_001,8.604,2689.48257,60.0
2026-03-07 23:51:00+00:00,DMU50_001,7.804,2689.61264,60.0
2026-03-07 23:52:00+00:00,DMU50_001,9.371,2689.76882,60.0
2026-03-07 23:53:00+00:00,DMU50_001,9.385,2689.92524,60.0
2026-03-07 23:54:00+00:00,DMU50_001,9.3,2690.08024,60.0
2026-03-07 23:55:00+00:00,DMU50_001,9.176,2690.23317,60.0
2026-03-07 23:56:00+00:00,DMU50_001,9.165,2690.38592,60.0
2026-03-07 23:57:00+00:00,DMU50_001,9.111,2690.53777,60.0
2026-03-07 23:58:00+00:00,DMU50_001,3.582,2690.59747,60.0
2026-03-07 23:59:00+00:00,DMU50_001,3.595,2690.65739,60.0
2026-03-08 00:00:00+00:00,DMU50_001,3.219,2690.71104,60.0
2026-03-08 00:01:00+00:00,DMU50_001,14.605,2690.95446,60.0
2026-03-08 00:02:00+00:00,DMU50_001,14.486,2691.19589,60.0
2026-03-08 00:03:00+00:00,DMU50_001,15.554,2691.45512,60.0
2026-03-08 00:04:00+00:00,DMU50_001,15.827,2691.7189,60.0
2026-03-08 00:05:00+00:00,DMU50_001,13.915,2691.95082,60.0
2026-03-08 00:06:00+00:00,DMU50_001,15.782,2692.21385,60.0
2026-03-08 00:07:00+00:00,DMU50_001,15.043,2692.46457,60.0
2026-03-08 00:08:00+00:00,DMU50_001,15.506,2692.723,60.0
2026-03-08 00:09:00+00:00,DMU50_001,15.253,2692.97722,60.0
2026-03-08 00:10:00+00:00,DMU50_001,9.576,2693.13682,60.0
2026-03-08 00:11:00+00:00,DMU50_001,9.084,2693.28822,60.0
2026-03-08 00:12:00+00:00,DMU50_001,8.455,2693.42914,60.0
2026-03-08 00:13:00+00:00,DMU50_001,8.958,2693.57844,60.0
2026-03-08 00:14:00+00:00,DMU50_001,9.206,2693.73187,60.0
2026-03-08 00:15:00+00:00,DMU50_001,7.935,2693.86412,60.0
2026-03-08 00:16:00+00:00,DMU50_001,4.332,2693.93632,60.0
2026-03-08 00:17:00+00:00,DMU50_001,4.187,2694.0061,60.0
2026-03-08 00:18:00+00:00,DMU50_001,4.081,2694.07412,60.0
2026-03-08 00:19:00+00:00,DMU50_001,8.566,2694.21689,60.0
2026-03-08 00:20:00+00:00,DMU50_001,8.843,2694.36427,60.0
2026-03-08 00:21:00+00:00,DMU50_001,9.082,2694.51564,60.0
2026-03-08 00:22:00+00:00,DMU50_001,8.216,2694.65257,60.0
2026-03-08 00:23:00+00:00,DMU50_001,8.688,2694.79737,60.0
2026-03-08 00:24:00+00:00,DMU50_001,8.201,2694.93405,60.0
2026-03-08 00:25:00+00:00,DMU50_001,8.753,2695.07993,60.0
2026-03-08 00:26:00+00:00,DMU50_001,9.479,2695.23791,60.0
2026-03-08 00:27:00+00:00,DMU50_001,7.644,2695.36531,60.0
2026-03-08 00:28:00+00:00,DMU50_001,8.211,2695.50216,60.0
2026-03-08 00:29:00+00:00,DMU50_001,16.424,2695.77589,60.0
2026-03-08 00:30:00+00:00,DMU50_001,15.727,2696.03801,60.0
2026-03-08 00:31:00+00:00,DMU50_001,15.067,2696.28913,60.0
2026-03-08 00:32:00+00:00,DMU50_001,15.429,2696.54628,60.0
2026-03-08 00:33:00+00:00,DMU50_001,14.315,2696.78486,60.0
2026-03-08 00:34:00+00:00,DMU50_001,14.213,2697.02174,60.0
2026-03-08 00:35:00+00:00,DMU50_001,9.011,2697.17192,60.0
2026-03-08 00:36:00+00:00,DMU50_001,9.159,2697.32457,60.0
2026-03-08 00:37:00+00:00,DMU50_001,9.438,2697.48187,60.0
2026-03-08 00:38:00+00:00,DMU50_001,8.772,2697.62807,60.0
2026-03-08 00:39:00+00:00,DMU50_001,9.077,2697.77935,60.0
2026-03-08 00:40:00+00:00,DMU50_001,9.064,2697.93042,60.0
2026-03-08 00:41:00+00:00,DMU50_001,8.947,2698.07954,60.0
2026-03-08 00:42:00+00:00,DMU50_001,8.971,2698.22906,60.0
2026-03-08 00:43:00+00:00,DMU50_001,3.329,2698.28454,60.0
2026-03-08 00:44:00+00:00,DMU50_001,3.556,2698.34381,60.0
2026-03-08 00:45:00+00:00,DMU50_001,15.098,2698.59544,60.0
2026-03-08 00:46:00+00:00,DMU50_001,14.78,2698.84177,60.0
2026-03-08 00:47:00+00:00,DMU50_001,15.333,2699.09732,60.0
2026-03-08 00:48:00+00:00,DMU50_001,15.514,2699.35589,60.0
2026-03-08 00:49:00+00:00,DMU50_001,15.339,2699.61154,60.0
2026-03-08 00:50:00+00:00,DMU50_001,14.479,2699.85286,60.0
2026-03-08 00:51:00+00:00,DMU50_001,15.05,2700.10369,60.0
2026-03-08 00:52:00+00:00,DMU50_001,14.544,2700.34609,60.0
2026-03-08 00:53:00+00:00,DMU50_001,9.039,2700.49674,60.0
2026-03-08 00:54:00+00:00,DMU50_001,7.728,2700.62554,60.0
2026-03-08 00:55:00+00:00,DMU50_001,8.383,2700.76526,60.0
2026-03-08 00:56:00+00:00,DMU50_001,15.392,2701.02179,60.0
2026-03-08 00:57:00+00:00,DMU50_001,15.576,2701.28139,60.0
2026-03-08 00:58:00+00:00,DMU50_001,15.526,2701.54016,60.0
2026-03-08 00:59:00+00:00,DMU50_001,14.865,2701.78791,60.0
2026-03-08 01:00:00+00:00,DMU50_001,14.787,2702.03436,60.0
2026-03-08 01:01:00+00:00,DMU50_001,15.871,2702.29888,60.0
2026-03-08 01:02:00+00:00,DMU50_001,14.917,2702.5475,60.0
2026-03-08 01:03:00+00:00,DMU50_001,8.458,2702.68847,60.0
2026-03-08 01:04:00+00:00,DMU50_001,9.403,2702.84519,60.0
2026-03-08 01:05:00+00:00,DMU50_001,9.058,2702.99616,60.0
2026-03-08 01:06:00+00:00,DMU50_001,9.602,2703.15619,60.0
2026-03-08 01:07:00+00:00,DMU50_001,9.097,2703.30781,60.0
2026-03-08 01:08:00+00:00,DMU50_001,8.992,2703.45768,60.0
2026-03-08 01:09:00+00:00,DMU50_001,9.61,2703.61785,60.0
2026-03-08 01:10:00+00:00,DMU50_001,3.192,2703.67105,60.0
2026-03-08 01:11:00+00:00,DMU50_001,3.383,2703.72743,60.0
2026-03-08 01:12:00+00:00,DMU50_001,4.023,2703.79448,60.0
2026-03-08 01:13:00+00:00,DMU50_001,3.761,2703.85716,60.0
2026-03-08 01:14:00+00:00,DMU50_001,8.262,2703.99486,60.0
2026-03-08 01:15:00+00:00,DMU50_001,7.833,2704.12541,60.0
2026-03-08 01:16:00+00:00,DMU50_001,15.453,2704.38296,60.0
2026-03-08 01:17:00+00:00,DMU50_001,15.195,2704.63621,60.0
2026-03-08 01:18:00+00:00,DMU50_001,15.304,2704.89128,60.0
2026-03-08 01:19:00+00:00,DMU50_001,14.772,2705.13748,60.0
2026-03-08 01:20:00+00:00,DMU50_001,14.618,2705.38111,60.0
2026-03-08 01:21:00+00:00,DMU50_001,15.045,2705.63186,60.0
2026-03-08 01:22:00+00:00,DMU50_001,15.46,2705.88953,60.0
2026-03-08 01:23:00+00:00,DMU50_001,14.975,2706.13911,60.0
2026-03-08 01:24:00+00:00,DMU50_001,8.719,2706.28443,60.0
2026-03-08 01:25:00+00:00,DMU50_001,8.52,2706.42643,60.0
2026-03-08 01:26:00+00:00,DMU50_001,9.082,2706.5778,60.0
2026-03-08 01:27:00+00:00,DMU50_001,7.834,2706.70837,60.0
2026-03-08 01:28:00+00:00,DMU50_001,7.978,2706.84134,60.0
2026-03-08 01:29:00+00:00,DMU50_001,14.881,2707.08936,60.0
2026-03-08 01:30:00+00:00,DMU50_001,14.778,2707.33566,60.0
2026-03-08 01:31:00+00:00,DMU50_001,15.147,2707.58811,60.0
2026-03-08 01:32:00+00:00,DMU50_001,15.277,2707.84273,60.0
2026-03-08 01:33:00+00:00,DMU50_001,15.983,2708.10911,60.0
2026-03-08 01:34:00+00:00,DMU50_001,15.379,2708.36543,60.0
2026-03-08 01:35:00+00:00,DMU50_001,9.637,2708.52605,60.0
2026-03-08 01:36:00+00:00,DMU50_001,8.673,2708.6706,60.0
2026-03-08 01:37:00+00:00,DMU50_001,8.36,2708.80993,60.0
2026-03-08 01:38:00+00:00,DMU50_001,8.994,2708.95983,60.0
2026-03-08 01:39:00+00:00,DMU50_001,9.343,2709.11555,60.0
2026-03-08 01:40:00+00:00,DMU50_001,9.28,2709.27022,60.0
2026-03-08 01:41:00+00:00,DMU50_001,9.485,2709.4283,60.0
2026-03-08 01:42:00+00:00,DMU50_001,3.693,2709.48985,60.0
2026-03-08 01:43:00+00:00,DMU50_001,4.451,2709.56403,60.0
2026-03-08 01:44:00+00:00,DMU50_001,9.134,2709.71626,60.0
2026-03-08 01:45:00+00:00,DMU50_001,8.382,2709.85596,60.0
2026-03-08 01:46:00+00:00,DMU50_001,9.289,2710.01078,60.0
2026-03-08 01:47:00+00:00,DMU50_001,9.068,2710.16191,60.0
2026-03-08 01:48:00+00:00,DMU50_001,9.152,2710.31444,60.0
2026-03-08 01:49:00+00:00,DMU50_001,9.4,2710.47111,60.0
2026-03-08 01:50:00+00:00,DMU50_001,4.286,2710.54254,60.0
2026-03-08 01:51:00+00:00,DMU50_001,3.905,2710.60762,60.0
2026-03-08 01:52:00+00:00,DMU50_001,4.171,2710.67714,60.0
2026-03-08 01:53:00+00:00,DMU50_001,3.876,2710.74174,60.0
2026-03-08 01:54:00+00:00,DMU50_001,15.325,2710.99716,60.0
2026-03-08 01:55:00+00:00,DMU50_001,15.699,2711.25881,60.0
2026-03-08 01:56:00+00:00,DMU50_001,14.379,2711.49846,60.0
2026-03-08 01:57:00+00:00,DMU50_001,14.664,2711.74286,60.0
2026-03-08 01:58:00+00:00,DMU50_001,14.559,2711.98551,60.0
2026-03-08 01:59:00+00:00,DMU50_001,14.773,2712.23173,60.0
2026-03-08 02:00:00+00:00,DMU50_001,15.206,2712.48516,60.0
2026-03-08 02:01:00+00:00,DMU50_001,14.778,2712.73146,60.0
2026-03-08 02:02:00+00:00,DMU50_001,15.326,2712.98689,60.0
2026-03-08 02:03:00+00:00,DMU50_001,15.533,2713.24577,60.0
2026-03-08 02:04:00+00:00,DMU50_001,9.441,2713.40312,60.0
2026-03-08 02:05:00+00:00,DMU50_001,8.553,2713.54567,60.0
2026-03-08 02:06:00+00:00,DMU50_001,8.416,2713.68594,60.0
2026-03-08 02:07:00+00:00,DMU50_001,8.44,2713.82661,60.0
2026-03-08 02:08:00+00:00,DMU50_001,3.811,2713.89013,60.0
2026-03-08 02:09:00+00:00,DMU50_001,3.468,2713.94793,60.0
2026-03-08 02:10:00+00:00,DMU50_001,14.624,2714.19166,60.0
2026-03-08 02:11:00+00:00,DMU50_001,14.508,2714.43346,60.0
2026-03-08 02:12:00+00:00,DMU50_001,14.449,2714.67428,60.0
2026-03-08 02:13:00+00:00,DMU50_001,15.006,2714.92438,60.0
2026-03-08 02:14:00+00:00,DMU50_001,15.424,2715.18145,60.0
2026-03-08 02:15:00+00:00,DMU50_001,15.653,2715.44233,60.0
2026-03-08 02:16:00+00:00,DMU50_001,14.757,2715.68828,60.0
2026-03-08 02:17:00+00:00,DMU50_001,14.981,2715.93796,60.0
2026-03-08 02:18:00+00:00,DMU50_001,8.958,2716.08726,60.0
2026-03-08 02:19:00+00:00,DMU50_001,8.746,2716.23303,60.0
2026-03-08 02:20:00+00:00,DMU50_001,9.294,2716.38793,60.0
2026-03-08 02:21:00+00:00,DMU50_001,9.145,2716.54035,60.0
2026-03-08 02:22:00+00:00,DMU50_001,4.228,2716.61082,60.0
2026-03-08 02:23:00+00:00,DMU50_001,4.272,2716.68202,60.0
2026-03-08 02:24:00+00:00,DMU50_001,15.308,2716.93715,60.0
2026-03-08 02:25:00+00:00,DMU50_001,15.303,2717.1922,60.0
2026-03-08 02:26:00+00:00,DMU50_001,14.581,2717.43522,60.0
2026-03-08 02:27:00+00:00,DMU50_001,15.448,2717.69269,60.0
2026-03-08 02:28:00+00:00,DMU50_001,15.128,2717.94482,60.0
2026-03-08 02:29:00+00:00,DMU50_001,14.783,2718.1912,60.0
2026-03-08 02:30:00+00:00,DMU50_001,15.117,2718.44315,60.0
2026-03-08 02:31:00+00:00,DMU50_001,15.172,2718.69602,60.0
2026-03-08 02:32:00+00:00,DMU50_001,15.541,2718.95504,60.0
2026-03-08 02:33:00+00:00,DMU50_001,14.477,2719.19632,60.0
2026-03-08 02:34:00+00:00,DMU50_001,9.53,2719.35515,60.0
2026-03-08 02:35:00+00:00,DMU50_001,9.009,2719.5053,60.0
2026-03-08 02:36:00+00:00,DMU50_001,8.798,2719.65193,60.0
2026-03-08 02:37:00+00:00,DMU50_001,3.393,2719.70848,60.0
2026-03-08 02:38:00+00:00,DMU50_001,3.3,2719.76348,60.0
2026-03-08 02:39:00+00:00,DMU50_001,3.852,2719.82768,60.0
2026-03-08 02:40:00+00:00,DMU50_001,4.335,2719.89993,60.0
2026-03-08 02:41:00+00:00,DMU50_001,4.596,2719.97653,60.0
2026-03-08 02:42:00+00:00,DMU50_001,3.176,2720.02946,60.0
2026-03-08 02:43:00+00:00,DMU50_001,3.31,2720.08463,60.0
2026-03-08 02:44:00+00:00,DMU50_001,3.65,2720.14546,60.0
2026-03-08 02:45:00+00:00,DMU50_001,3.491,2720.20364,60.0
2026-03-08 02:46:00+00:00,DMU50_001,15.417,2720.46059,60.0
2026-03-08 02:47:00+00:00,DMU50_001,14.949,2720.70974,60.0
2026-03-08 02:48:00+00:00,DMU50_001,14.71,2720.95491,60.0
2026-03-08 02:49:00+00:00,DMU50_001,14.887,2721.20303,60.0
2026-03-08 02:50:00+00:00,DMU50_001,13.809,2721.43318,60.0
2026-03-08 02:51:00+00:00,DMU50_001,14.428,2721.67365,60.0
2026-03-08 02:52:00+00:00,DMU50_001,15.474,2721.93155,60.0
2026-03-08 02:53:00+00:00,DMU50_001,15.596,2722.19148,60.0
2026-03-08 02:54:00+00:00,DMU50_001,9.562,2722.35085,60.0
2026-03-08 02:55:00+00:00,DMU50_001,9.176,2722.50378,60.0
2026-03-08 02:56:00+00:00,DMU50_001,8.098,2722.63875,60.0
2026-03-08 02:57:00+00:00,DMU50_001,8.746,2722.78452,60.0
2026-03-08 02:58:00+00:00,DMU50_001,4.465,2722.85894,60.0
2026-03-08 02:59:00+00:00,DMU50_001,4.525,2722.93436,60.0
2026-03-08 03:00:00+00:00,DMU50_001,4.473,2723.00891,60.0
2026-03-08 03:01:00+00:00,DMU50_001,7.929,2723.14106,60.0
2026-03-08 03:02:00+00:00,DMU50_001,3.239,2723.19504,60.0
2026-03-08 03:03:00+00:00,DMU50_001,3.492,2723.25324,60.0
2026-03-08 03:04:00+00:00,DMU50_001,3.503,2723.31162,60.0
2026-03-08 03:05:00+00:00,DMU50_001,3.813,2723.37517,60.0
2026-03-08 03:06:00+00:00,DMU50_001,3.546,2723.43427,60.0
2026-03-08 03:07:00+00:00,DMU50_001,9.007,2723.58439,60.0
2026-03-08 03:08:00+00:00,DMU50_001,9.029,2723.73487,60.0
2026-03-08 03:09:00+00:00,DMU50_001,9.16,2723.88754,60.0
2026-03-08 03:10:00+00:00,DMU50_001,9.251,2724.04172,60.0
2026-03-08 03:11:00+00:00,DMU50_001,8.71,2724.18689,60.0
2026-03-08 03:12:00+00:00,DMU50_001,8.577,2724.32984,60.0
2026-03-08 03:13:00+00:00,DMU50_001,9.548,2724.48897,60.0
2026-03-08 03:14:00+00:00,DMU50_001,7.508,2724.6141,60.0
2026-03-08 03:15:00+00:00,DMU50_001,8.491,2724.75562,60.0
2026-03-08 03:16:00+00:00,DMU50_001,14.045,2724.9897,60.0
2026-03-08 03:17:00+00:00,DMU50_001,14.708,2725.23483,60.0
2026-03-08 03:18:00+00:00,DMU50_001,15.486,2725.49293,60.0
2026-03-08 03:19:00+00:00,DMU50_001,15.0,2725.74293,60.0
2026-03-08 03:20:00+00:00,DMU50_001,14.342,2725.98196,60.0
2026-03-08 03:21:00+00:00,DMU50_001,15.213,2726.23551,60.0
2026-03-08 03:22:00+00:00,DMU50_001,15.034,2726.48608,60.0
2026-03-08 03:23:00+00:00,DMU50_001,8.914,2726.63465,60.0
2026-03-08 03:24:00+00:00,DMU50_001,8.75,2726.78048,60.0
2026-03-08 03:25:00+00:00,DMU50_001,7.99,2726.91365,60.0
2026-03-08 03:26:00+00:00,DMU50_001,14.709,2727.1588,60.0
2026-03-08 03:27:00+00:00,DMU50_001,16.217,2727.42908,60.0
2026-03-08 03:28:00+00:00,DMU50_001,14.88,2727.67708,60.0
2026-03-08 03:29:00+00:00,DMU50_001,14.813,2727.92396,60.0
2026-03-08 03:30:00+00:00,DMU50_001,14.729,2728.16944,60.0
2026-03-08 03:31:00+00:00,DMU50_001,15.888,2728.43424,60.0
2026-03-08 03:32:00+00:00,DMU50_001,14.18,2728.67057,60.0
2026-03-08 03:33:00+00:00,DMU50_001,15.18,2728.92357,60.0
2026-03-08 03:34:00+00:00,DMU50_001,14.88,2729.17157,60.0
2026-03-08 03:35:00+00:00,DMU50_001,8.431,2729.31209,60.0
2026-03-08 03:36:00+00:00,DMU50_001,8.672,2729.45662,60.0
2026-03-08 03:37:00+00:00,DMU50_001,8.095,2729.59154,60.0
2026-03-08 03:38:00+00:00,DMU50_001,14.568,2729.83434,60.0
2026-03-08 03:39:00+00:00,DMU50_001,15.13,2730.08651,60.0
2026-03-08 03:40:00+00:00,DMU50_001,15.865,2730.35093,60.0
2026-03-08 03:41:00+00:00,DMU50_001,15.085,2730.60235,60.0
2026-03-08 03:42:00+00:00,DMU50_001,14.273,2730.84023,60.0
2026-03-08 03:43:00+00:00,DMU50_001,14.577,2731.08318,60.0
2026-03-08 03:44:00+00:00,DMU50_001,14.857,2731.3308,60.0
2026-03-08 03:45:00+00:00,DMU50_001,8.859,2731.47845,60.0
2026-03-08 03:46:00+00:00,DMU50_001,3.53,2731.53728,60.0
2026-03-08 03:47:00+00:00,DMU50_001,3.562,2731.59665,60.0
2026-03-08 03:48:00+00:00,DMU50_001,3.846,2731.66075,60.0
2026-03-08 03:49:00+00:00,DMU50_001,7.999,2731.79407,60.0
2026-03-08 03:50:00+00:00,DMU50_001,7.654,2731.92164,60.0
2026-03-08 03:51:00+00:00,DMU50_001,15.577,2732.18126,60.0
2026-03-08 03:52:00+00:00,DMU50_001,15.632,2732.44179,60.0
2026-03-08 03:53:00+00:00,DMU50_001,15.116,2732.69372,60.0
2026-03-08 03:54:00+00:00,DMU50_001,14.877,2732.94167,60.0
2026-03-08 03:55:00+00:00,DMU50_001,15.311,2733.19685,60.0
2026-03-08 03:56:00+00:00,DMU50_001,14.894,2733.44508,60.0
2026-03-08 03:57:00+00:00,DMU50_001,13.972,2733.67795,60.0
2026-03-08 03:58:00+00:00,DMU50_001,15.282,2733.93265,60.0
2026-03-08 03:59:00+00:00,DMU50_001,9.357,2734.0886,60.0
2026-03-08 04:00:00+00:00,DMU50_001,9.576,2734.2482,60.0
2026-03-08 04:01:00+00:00,DMU50_001,8.708,2734.39333,60.0
2026-03-08 04:02:00+00:00,DMU50_001,9.09,2734.54483,60.0
2026-03-08 04:03:00+00:00,DMU50_001,4.25,2734.61566,60.0
2026-03-08 04:04:00+00:00,DMU50_001,4.217,2734.68594,60.0
2026-03-08 04:05:00+00:00,DMU50_001,15.057,2734.93689,60.0
2026-03-08 04:06:00+00:00,DMU50_001,15.019,2735.18721,60.0
2026-03-08 04:07:00+00:00,DMU50_001,15.106,2735.43898,60.0
2026-03-08 04:08:00+00:00,DMU50_001,15.37,2735.69515,60.0
2026-03-08 04:09:00+00:00,DMU50_001,15.61,2735.95532,60.0
2026-03-08 04:10:00+00:00,DMU50_001,14.622,2736.19902,60.0
2026-03-08 04:11:00+00:00,DMU50_001,14.914,2736.44759,60.0
2026-03-08 04:12:00+00:00,DMU50_001,7.873,2736.57881,60.0
2026-03-08 04:13:00+00:00,DMU50_001,3.387,2736.63526,60.0
2026-03-08 04:14:00+00:00,DMU50_001,3.177,2736.68821,60.0
2026-03-08 04:15:00+00:00,DMU50_001,3.505,2736.74663,60.0
2026-03-08 04:16:00+00:00,DMU50_001,8.144,2736.88236,60.0
2026-03-08 04:17:00+00:00,DMU50_001,14.922,2737.13106,60.0
2026-03-08 04:18:00+00:00,DMU50_001,14.996,2737.38099,60.0
2026-03-08 04:19:00+00:00,DMU50_001,15.209,2737.63447,60.0
2026-03-08 04:20:00+00:00,DMU50_001,15.706,2737.89624,60.0
2026-03-08 04:21:00+00:00,DMU50_001,14.79,2738.14274,60.0
2026-03-08 04:22:00+00:00,DMU50_001,14.414,2738.38297,60.0
2026-03-08 04:23:00+00:00,DMU50_001,14.955,2738.63222,60.0
2026-03-08 04:24:00+00:00,DMU50_001,15.942,2738.89792,60.0
2026-03-08 04:25:00+00:00,DMU50_001,14.42,2739.13825,60.0
2026-03-08 04:26:00+00:00,DMU50_001,9.26,2739.29258,60.0
2026-03-08 04:27:00+00:00,DMU50_001,3.732,2739.35478,60.0
2026-03-08 04:28:00+00:00,DMU50_001,3.027,2739.40523,60.0
2026-03-08 04:29:00+00:00,DMU50_001,3.582,2739.46493,60.0
2026-03-08 04:30:00+00:00,DMU50_001,15.302,2739.71996,60.0
2026-03-08 04:31:00+00:00,DMU50_001,14.866,2739.96773,60.0
2026-03-08 04:32:00+00:00,DMU50_001,14.677,2740.21235,60.0
2026-03-08 04:33:00+00:00,DMU50_001,14.705,2740.45743,60.0
2026-03-08 04:34:00+00:00,DMU50_001,14.836,2740.7047,60.0
2026-03-08 04:35:00+00:00,DMU50_001,14.849,2740.95218,60.0
2026-03-08 04:36:00+00:00,DMU50_001,14.755,2741.1981,60.0
2026-03-08 04:37:00+00:00,DMU50_001,14.828,2741.44523,60.0
2026-03-08 04:38:00+00:00,DMU50_001,15.595,2741.70515,60.0
2026-03-08 04:39:00+00:00,DMU50_001,14.393,2741.94503,60.0
2026-03-08 04:40:00+00:00,DMU50_001,14.125,2742.18045,60.0
2026-03-08 04:41:00+00:00,DMU50_001,15.603,2742.4405,60.0
2026-03-08 04:42:00+00:00,DMU50_001,14.904,2742.6889,60.0
2026-03-08 04:43:00+00:00,DMU50_001,14.806,2742.93567,60.0
2026-03-08 04:44:00+00:00,DMU50_001,7.967,2743.06845,60.0
2026-03-08 04:45:00+00:00,DMU50_001,8.063,2743.20283,60.0
2026-03-08 04:46:00+00:00,DMU50_001,3.395,2743.25941,60.0
2026-03-08 04:47:00+00:00,DMU50_001,3.601,2743.31943,60.0
2026-03-08 04:48:00+00:00,DMU50_001,3.308,2743.37456,60.0
2026-03-08 04:49:00+00:00,DMU50_001,14.849,2743.62204,60.0
2026-03-08 04:50:00+00:00,DMU50_001,13.893,2743.85359,60.0
2026-03-08 04:51:00+00:00,DMU50_001,15.586,2744.11336,60.0
2026-03-08 04:52:00+00:00,DMU50_001,14.912,2744.36189,60.0
2026-03-08 04:53:00+00:00,DMU50_001,15.335,2744.61747,60.0
2026-03-08 04:54:00+00:00,DMU50_001,15.238,2744.87144,60.0
2026-03-08 04:55:00+00:00,DMU50_001,15.275,2745.12602,60.0
2026-03-08 04:56:00+00:00,DMU50_001,14.996,2745.37595,60.0
2026-03-08 04:57:00+00:00,DMU50_001,15.194,2745.62918,60.0
2026-03-08 04:58:00+00:00,DMU50_001,14.519,2745.87116,60.0
2026-03-08 04:59:00+00:00,DMU50_001,3.966,2745.93726,60.0
2026-03-08 05:00:00+00:00,DMU50_001,4.18,2746.00693,60.0
2026-03-08 05:01:00+00:00,DMU50_001,4.064,2746.07466,60.0
2026-03-08 05:02:00+00:00,DMU50_001,4.485,2746.14941,60.0
2026-03-08 05:03:00+00:00,DMU50_001,15.188,2746.40254,60.0
2026-03-08 05:04:00+00:00,DMU50_001,14.642,2746.64657,60.0
2026-03-08 05:05:00+00:00,DMU50_001,14.864,2746.8943,60.0
2026-03-08 05:06:00+00:00,DMU50_001,15.067,2747.14542,60.0
2026-03-08 05:07:00+00:00,DMU50_001,14.966,2747.39485,60.0
2026-03-08 05:08:00+00:00,DMU50_001,15.136,2747.64712,60.0
2026-03-08 05:09:00+00:00,DMU50_001,15.034,2747.89769,60.0
2026-03-08 05:10:00+00:00,DMU50_001,14.305,2748.13611,60.0
2026-03-08 05:11:00+00:00,DMU50_001,8.14,2748.27178,60.0
2026-03-08 05:12:00+00:00,DMU50_001,8.851,2748.4193,60.0
2026-03-08 05:13:00+00:00,DMU50_001,9.224,2748.57303,60.0
2026-03-08 05:14:00+00:00,DMU50_001,8.855,2748.72061,60.0
2026-03-08 05:15:00+00:00,DMU50_001,4.447,2748.79473,60.0
2026-03-08 05:16:00+00:00,DMU50_001,4.191,2748.86458,60.0
2026-03-08 05:17:00+00:00,DMU50_001,9.543,2749.02363,60.0
2026-03-08 05:18:00+00:00,DMU50_001,9.461,2749.18131,60.0
2026-03-08 05:19:00+00:00,DMU50_001,9.421,2749.33833,60.0
2026-03-08 05:20:00+00:00,DMU50_001,8.519,2749.48031,60.0
2026-03-08 05:21:00+00:00,DMU50_001,9.007,2749.63043,60.0
2026-03-08 05:22:00+00:00,DMU50_001,9.489,2749.78858,60.0
2026-03-08 05:23:00+00:00,DMU50_001,9.109,2749.9404,60.0
2026-03-08 05:24:00+00:00,DMU50_001,9.222,2750.0941,60.0
2026-03-08 05:25:00+00:00,DMU50_001,3.922,2750.15947,60.0
2026-03-08 05:26:00+00:00,DMU50_001,4.584,2750.23587,60.0
2026-03-08 05:27:00+00:00,DMU50_001,4.042,2750.30324,60.0
2026-03-08 05:28:00+00:00,DMU50_001,3.801,2750.36659,60.0
2026-03-08 05:29:00+00:00,DMU50_001,14.824,2750.61366,60.0
2026-03-08 05:30:00+00:00,DMU50_001,13.776,2750.84326,60.0
2026-03-08 05:31:00+00:00,DMU50_001,14.457,2751.08421,60.0
2026-03-08 05:32:00+00:00,DMU50_001,16.279,2751.35553,60.0
2026-03-08 05:33:00+00:00,DMU50_001,14.81,2751.60236,60.0
2026-03-08 05:34:00+00:00,DMU50_001,14.286,2751.84046,60.0
2026-03-08 05:35:00+00:00,DMU50_001,9.01,2751.99063,60.0
2026-03-08 05:36:00+00:00,DMU50_001,8.641,2752.13465,60.0
2026-03-08 05:37:00+00:00,DMU50_001,3.673,2752.19587,60.0
2026-03-08 05:38:00+00:00,DMU50_001,3.322,2752.25124,60.0
2026-03-08 05:39:00+00:00,DMU50_001,3.554,2752.31047,60.0
2026-03-08 05:40:00+00:00,DMU50_001,3.271,2752.36499,60.0
2026-03-08 05:41:00+00:00,DMU50_001,4.72,2752.44366,60.0
2026-03-08 05:42:00+00:00,DMU50_001,4.301,2752.51534,60.0
2026-03-08 05:43:00+00:00,DMU50_001,4.171,2752.58486,60.0
2026-03-08 05:44:00+00:00,DMU50_001,4.141,2752.65388,60.0
2026-03-08 05:45:00+00:00,DMU50_001,14.723,2752.89926,60.0
2026-03-08 05:46:00+00:00,DMU50_001,14.62,2753.14293,60.0
2026-03-08 05:47:00+00:00,DMU50_001,14.606,2753.38636,60.0
2026-03-08 05:48:00+00:00,DMU50_001,15.839,2753.65034,60.0
2026-03-08 05:49:00+00:00,DMU50_001,14.724,2753.89574,60.0
2026-03-08 05:50:00+00:00,DMU50_001,13.935,2754.12799,60.0
2026-03-08 05:51:00+00:00,DMU50_001,14.417,2754.36827,60.0
2026-03-08 05:52:00+00:00,DMU50_001,15.464,2754.626,60.0
2026-03-08 05:53:00+00:00,DMU50_001,8.899,2754.77432,60.0
2026-03-08 05:54:00+00:00,DMU50_001,4.173,2754.84387,60.0
2026-03-08 05:55:00+00:00,DMU50_001,4.434,2754.91777,60.0
2026-03-08 05:56:00+00:00,DMU50_001,4.045,2754.98519,60.0
2026-03-08 05:57:00+00:00,DMU50_001,4.326,2755.05729,60.0
2026-03-08 05:58:00+00:00,DMU50_001,3.366,2755.11339,60.0
2026-03-08 05:59:00+00:00,DMU50_001,3.615,2755.17364,60.0
