ts,machine_id,detailed_state_code,state_tag,reason_code,is_planned_stop,idle_reason
2026-03-01 06:00:00+00:00,DMU50_001,RUN,termelő,,False,
2026-03-01 06:06:00+00:00,DMU50_001,IDLE,nem termelő,,False,simple_waiting
2026-03-01 06:10:00+00:00,DMU50_001,MICRO_STOP,nem termelő,,False,
2026-03-01 06:11:00+00:00,DMU50_001,FAILURE,nem termelő és áll,E101,False,
2026-03-01 06:13:00+00:00,DMU50_001,IDLE,nem termelő,,False,simple_waiting
2026-03-01 06:17:00+00:00,DMU50_001,RUN,termelő,,False,
2026-03-01 06:30:00+00:00,DMU50_001,FAILURE,nem termelő és áll,E101,False,
2026-03-01 06:35:00+00:00,DMU50_001,IDLE,nem termelő,,False,simple_waiting
2026-03-01 06:38:00+00:00,DMU50_001,RUN,termelő,,False,
2026-03-01 06:48:00+00:00,DMU50_001,IDLE,nem termelő,,False,simple_waiting
2026-03-01 06:50:00+00:00,DMU50_001,MICRO_STOP,nem termelő,,False,
2026-03-01 06:51:00+00:00,DMU50_001,RUN,termelő,,False,
2026-03-01 07:03:00+00:00,DMU50_001,FAILURE,nem termelő és áll,E101,False,
2026-03-01 07:06:00+00:00,DMU50_001,IDLE,nem termelő,,False,simple_waiting
2026-03-01 07:10:00+00:00,DMU50_001,RUN,termelő,,False,
2026-03-01 07:19:00+00:00,DMU50_001,MICRO_STOP,nem termelő,,False,
2026-03-01 07:20:00+00:00,DMU50_001,FAILURE,nem termelő és áll,E101,False,
2026-03-01 07:23:00+00:00,DMU50_001,RUN,termelő,,False,
2026-03-01 07:31:00+00:00,DMU50_001,MICRO_STOP,nem termelő,,False,
2026-03-01 07:33:00+00:00,DMU50_001,IDLE,nem termelő,,False,simple_waiting
2026-03-01 07:36:00+00:00,DMU50_001,MICRO_STOP,nem termelő,,False,
2026-03-01 07:37:00+00:00,DMU50_001,IDLE,nem termelő,,False,simple_waiting
2026-03-01 07:39:00+00:00,DMU50_001,RUN,termelő,,False,
2026-03-01 07:53:00+00:00,DMU50_001,MICRO_STOP,nem termelő,,False,
2026-03-01 07:54:00+00:00,DMU50_001,RUN,termelő,,False,
2026-03-01 08:07:00+00:00,DMU50_001,IDLE,nem termelő,,False,simple_waiting
2026-03-01 08:09:00+00:00,DMU50_001,MICRO_STOP,nem termelő,,False,
2026-03-01 08:10:00+00:00,DMU50_001,IDLE,nem termelő,,False,simple_waiting
2026-03-01 08:14:00+00:00,DMU50_001,RUN,termelő,,False,
2026-03-01 08:24:00+00:00,DMU50_001,MICRO_STOP,nem termelő,,False,
2026-03-01 08:26:00+00:00,DMU50_001,RUN,termelő,,False,
2026-03-01 08:39:00+00:00,DMU50_001,IDLE,nem termelő,,False,simple_waiting
2026-03-01 08:42:00+00:00,DMU50_001,MICRO_STOP,nem termelő,,False,
2026-03-01 08:44:00+00:00,DMU50_001,RUN,termelő,,False,
2026-03-01 08:54:00+00:00,DMU50_001,IDLE,nem termelő,,False,simple_waiting
2026-03-01 08:56:00+00:00,DMU50_001,RUN,termelő,,False,
2026-03-01 09:04:00+00:00,DMU50_001,MICRO_STOP,nem termelő,,False,
2026-03-01 09:05:00+00:00,DMU50_001,IDLE,nem termelő,,False,simple_waiting
2026-03-01 09:08:00+00:00,DMU50_001,MICRO_STOP,nem termelő,,False,
2026-03-01 09:09:00+00:00,DMU50_001,IDLE,nem termelő,,False,simple_waiting
2026-03-01 09:12:00+00:00,DMU50_001,RUN,termelő,,False,
2026-03-01 09:21:00+00:00,DMU50_001,MICRO_STOP,nem termelő,,False,
2026-03-01 09:22:00+00:00,DMU50_001,RUN,termelő,,False,
2026-03-01 09:34:00+00:00,DMU50_001,MICRO_STOP,nem termelő,,False,
2026-03-01 09:35:00+00:00,DMU50_001,RUN,termelő,,False,
2026-03-01 09:42:00+00:00,DMU50_001,MICRO_STOP,nem termelő,,False,
2026-03-01 09:43:00+00:00,DMU50_001,RUN,termelő,,False,
2026-03-01 09:57:00+00:00,DMU50_001,FAILURE,nem termelő és áll,E101,False,
2026-03-01 09:59:00+00:00,DMU50_001,MICRO_STOP,nem termelő,,False,
2026-03-01 10:00:00+00:00,DMU50_001,FAILURE,nem termelő és áll,E101,False,
2026-03-01 10:03:00+00:00,DMU50_001,IDLE,nem termelő,,False,simple_waiting
2026-03-01 10:05:00+00:00,DMU50_001,RUN,termelő,,False,
2026-03-01 10:17:00+00:00,DMU50_001,FAILURE,nem termelő és áll,E101,False,
2026-03-01 10:19:00+00:00,DMU50_001,RUN,termelő,,False,
2026-03-01 10:29:00+00:00,DMU50_001,IDLE,nem termelő,,False,simple_waiting
2026-03-01 10:31:00+00:00,DMU50_001,MICRO_STOP,nem termelő,,False,
2026-03-01 10:33:00+00:00,DMU50_001,RUN,termelő,,False,
2026-03-01 10:41:00+00:00,DMU50_001,MICRO_STOP,nem termelő,,False,
2026-03-01 10:43:00+00:00,DMU50_001,RUN,termelő,,False,
2026-03-01 10:55:00+00:00,DMU50_001,FAILURE,nem termelő és áll,E101,False,
2026-03-01 10:58:00+00:00,DMU50_001,RUN,termelő,,False,
2026-03-01 11:08:00+00:00,DMU50_001,FAILURE,nem termelő és áll,E101,False,
2026-03-01 11:11:00+00:00,DMU50_001,RUN,termelő,,False,
2026-03-01 11:21:00+00:00,DMU50_001,FAILURE,nem termelő és áll,E101,False,
2026-03-01 11:26:00+00:00,DMU50_001,RUN,termelő,,False,
2026-03-01 11:36:00+00:00,DMU50_001,IDLE,nem termelő,,False,simple_waiting
2026-03-01 11:39:00+00:00,DMU50_001,RUN,termelő,,False,
2026-03-01 11:47:00+00:00,DMU50_001,MICRO_STOP,nem termelő,,False,
2026-03-01 11:49:00+00:00,DMU50_001,RUN,termelő,,False,
2026-03-01 11:57:00+00:00,DMU50_001,MICRO_STOP,nem termelő,,False,
2026-03-01 11:59:00+00:00,DMU50_001,IDLE,nem termelő,,False,simple_waiting
2026-03-01 12:01:00+00:00,DMU50_001,FAILURE,nem termelő és áll,E101,False,
2026-03-01 12:03:00+00:00,DMU50_001,RUN,termelő,,False,
2026-03-01 12:11:00+00:00,DMU50_001,IDLE,nem termelő,,False,simple_waiting
2026-03-01 12:13:00+00:00,DMU50_001,RUN,termelő,,False,
2026-03-01 12:20:00+00:00,DMU50_001,FAILURE,nem termelő és áll,E101,False,
2026-03-01 12:25:00+00:00,DMU50_001,RUN,termelő,,False,
2026-03-01 12:35:00+00:00,DMU50_001,FAILURE,nem termelő és áll,E101,False,
2026-03-01 12:37:00+00:00,DMU50_001,IDLE,nem termelő,,False,simple_waiting
2026-03-01 12:39:00+00:00,DMU50_001,RUN,termelő,,False,
2026-03-01 12:51:00+00:00,DMU50_001,IDLE,nem termelő,,False,simple_waiting
2026-03-01 12:54:00+00:00,DMU50_001,RUN,termelő,,False,
2026-03-01 13:05:00+00:00,DMU50_001,MICRO_STOP,nem termelő,,False,
2026-03-01 13:06:00+00:00,DMU50_001,FAILURE,nem termelő és áll,E101,False,
2026-03-01 13:09:00+00:00,DMU50_001,RUN,termelő,,False,
2026-03-01 13:15:00+00:00,DMU50_001,IDLE,nem termelő,,False,simple_waiting
2026-03-01 13:17:00+00:00,DMU50_001,RUN,termelő,,False,
2026-03-01 13:29:00+00:00,DMU50_001,IDLE,nem termelő,,False,simple_waiting
2026-03-01 13:31:00+00:00,DMU50_001,RUN,termelő,,False,
2026-03-01 13:39:00+00:00,DMU50_001,IDLE,nem termelő,,False,simple_waiting
2026-03-01 13:41:00+00:00,DMU50_001,FAILURE,nem termelő és áll,E101,False,
2026-03-01 13:44:00+00:00,DMU50_001,RUN,termelő,,False,
2026-03-01 13:54:00+00:00,DMU50_001,MICRO_STOP,nem termelő,,False,
2026-03-01 13:56:00+00:00,DMU50_001,RUN,termelő,,False,
2026-03-01 14:03:00+00:00,DMU50_001,MICRO_STOP,nem termelő,,False,
2026-03-01 14:05:00+00:00,DMU50_001,RUN,termelő,,False,
2026-03-01 14:16:00+00:00,DMU50_001,IDLE,nem termelő,,False,simple_waiting
2026-03-01 14:18:00+00:00,DMU50_001,MICRO_STOP,nem termelő,,False,
2026-03-01 14:20:00+00:00,DMU50_001,RUN,termelő,,False,
2026-03-01 14:29:00+00:00,DMU50_001,FAILURE,nem termelő és áll,E101,False,
2026-03-01 14:31:00+00:00,DMU50_001,RUN,termelő,,False,
2026-03-01 14:45:00+00:00,DMU50_001,MICRO_STOP,nem termelő,,False,
2026-03-01 14:46:00+00:00,DMU50_001,FAILURE,nem termelő és áll,E101,False,
2026-03-01 14:50:00+00:00,DMU50_001,RUN,termelő,,False,
2026-03-01 14:58:00+00:00,DMU50_001,MICRO_STOP,nem termelő,,False,
2026-03-01 15:00:00+00:00,DMU50_001,RUN,termelő,,False,
2026-03-01 15:06:00+00:00,DMU50_001,FAILURE,nem termelő és áll,E101,False,
2026-03-01 15:08:00+00:00,DMU50_001,IDLE,nem termelő,,False,simple_waiting
2026-03-01 15:11:00+00:00,DMU50_001,RUN,termelő,,False,
2026-03-01 15:22:00+00:00,DMU50_001,IDLE,nem termelő,,False,simple_waiting
2026-03-01 15:26:00+00:00,DMU50_001,RUN,termelő,,False,
2026-03-01 15:35:00+00:00,DMU50_001,MICRO_STOP,nem termelő,,False,
2026-03-01 15:37:00+00:00,DMU50_001,IDLE,nem termelő,,False,simple_waiting
2026-03-01 15:41:00+00:00,DMU50_001,RUN,termelő,,False,
2026-03-01 15:52:00+00:00,DMU50_001,MICRO_STOP,nem termelő,,False,
2026-03-01 15:54:00+00:00,DMU50_001,RUN,termelő,,False,
2026-03-01 16:07:00+00:00,DMU50_001,MICRO_STOP,nem termelő,,False,
2026-03-01 16:09:00+00:00,DMU50_001,RUN,termelő,,False,
2026-03-01 16:22:00+00:00,DMU50_001,IDLE,nem termelő,,False,simple_waiting
2026-03-01 16:24:00+00:00,DMU50_001,RUN,termelő,,False,
2026-03-01 16:32:00+00:00,DMU50_001,FAILURE,nem termelő és áll,E101,False,
2026-03-01 16:36:00+00:00,DMU50_001,RUN,termelő,,False,
2026-03-01 16:43:00+00:00,DMU50_001,MICRO_STOP,nem termelő,,False,
2026-03-01 16:45:00+00:00,DMU50_001,RUN,termelő,,False,
2026-03-01 16:54:00+00:00,DMU50_001,IDLE,nem termelő,,False,simple_waiting
2026-03-01 16:58:00+00:00,DMU50_001,RUN,termelő,,False,
2026-03-01 17:11:00+00:00,DMU50_001,IDLE,nem termelő,,False,simple_waiting
2026-03-01 17:13:00+00:00,DMU50_001,FAILURE,nem termelő és áll,E101,False,
2026-03-01 17:15:00+00:00,DMU50_001,RUN,termelő,,False,
2026-03-01 17:28:00+00:00,DMU50_001,FAILURE,nem termelő és áll,E101,False,
2026-03-01 17:33:00+00:00,DMU50_001,IDLE,nem termelő,,False,simple_waiting
2026-03-01 17:36:00+00:00,DMU50_001,MICRO_STOP,nem termelő,,False,
2026-03-01 17:38:00+00:00,DMU50_001,IDLE,nem termelő,,False,simple_waiting
2026-03-01 17:42:00+00:00,DMU50_001,RUN,termelő,,False,
2026-03-01 17:49:00+00:00,DMU50_001,IDLE,nem termelő,,False,simple_waiting
2026-03-01 17:53:00+00:00,DMU50_001,RUN,termelő,,False,
2026-03-01 18:03:00+00:00,DMU50_001,MICRO_STOP,nem termelő,,False,
2026-03-01 18:04:00+00:00,DMU50_001,RUN,termelő,,False,
2026-03-01 18:12:00+00:00,DMU50_001,MICRO_STOP,nem termelő,,False,
2026-03-01 18:13:00+00:00,DMU50_001,FAILURE,nem termelő és áll,E101,False,
2026-03-01 18:16:00+00:00,DMU50_001,RUN,termelő,,False,
2026-03-01 18:28:00+00:00,DMU50_001,IDLE,nem termelő,,False,simple_waiting
2026-03-01 18:30:00+00:00,DMU50_001,MICRO_STOP,nem termelő,,False,
2026-03-01 18:31:00+00:00,DMU50_001,RUN,termelő,,False,
2026-03-01 18:44:00+00:00,DMU50_001,MICRO_STOP,nem termelő,,False,
2026-03-01 18:45:00+00:00,DMU50_001,RUN,termelő,,False,
2026-03-01 18:53:00+00:00,DMU50_001,MICRO_STOP,nem termelő,,False,
2026-03-01 18:55:00+00:00,DMU50_001,RUN,termelő,,False,
2026-03-01 19:08:00+00:00,DMU50_001,MICRO_STOP,nem termelő,,False,
2026-03-01 19:10:00+00:00,DMU50_001,RUN,termelő,,False,
2026-03-01 19:16:00+00:00,DMU50_001,FAILURE,nem termelő és áll,E101,False,
2026-03-01 19:20:00+00:00,DMU50_001,IDLE,nem termelő,,False,simple_waiting
2026-03-01 19:22:00+00:00,DMU50_001,RUN,termelő,,False,
2026-03-01 19:32:00+00:00,DMU50_001,IDLE,nem termelő,,False,simple_waiting
2026-03-01 19:36:00+00:00,DMU50_001,FAILURE,nem termelő és áll,E101,False,
2026-03-01 19:38:00+00:00,DMU50_001,RUN,termelő,,False,
2026-03-01 19:46:00+00:00,DMU50_001,MICRO_STOP,nem termelő,,False,
2026-03-01 19:47:00+00:00,DMU50_001,RUN,termelő,,False,
2026-03-01 19:54:00+00:00,DMU50_001,IDLE,nem termelő,,False,simple_waiting
2026-03-01 19:58:00+00:00,DMU50_001,RUN,termelő,,False,
2026-03-01 20:11:00+00:00,DMU50_001,FAILURE,nem termelő és áll,E101,False,
2026-03-01 20:16:00+00:00,DMU50_001,RUN,termelő,,False,
2026-03-01 20:23:00+00:00,DMU50_001,MICRO_STOP,nem termelő,,False,
2026-03-01 20:25:00+00:00,DMU50_001,IDLE,nem termelő,,False,simple_waiting
2026-03-01 20:28:00+00:00,DMU50_001,MICRO_STOP,nem termelő,,False,
2026-03-01 20:30:00+00:00,DMU50_001,IDLE,nem termelő,,False,simple_waiting
2026-03-01 20:33:00+00:00,DMU50_001,RUN,termelő,,False,
2026-03-01 20:46:00+00:00,DMU50_001,FAILURE,nem termelő és áll,E101,False,
2026-03-01 20:49:00+00:00,DMU50_001,RUN,termelő,,False,
2026-03-01 21:01:00+00:00,DMU50_001,MICRO_STOP,nem termelő,,False,
2026-03-01 21:02:00+00:00,DMU50_001,RUN,termelő,,False,
2026-03-01 21:16:00+00:00,DMU50_001,IDLE,nem termelő,,False,simple_waiting
2026-03-01 21:20:00+00:00,DMU50_001,RUN,termelő,,False,
2026-03-01 21:27:00+00:00,DMU50_001,FAILURE,nem termelő és áll,E101,False,
2026-03-01 21:30:00+00:00,DMU50_001,MICRO_STOP,nem termelő,,False,
2026-03-01 21:32:00+00:00,DMU50_001,RUN,termelő,,False,
2026-03-01 21:46:00+00:00,DMU50_001,IDLE,nem termelő,,False,simple_waiting
2026-03-01 21:50:00+00:00,DMU50_001,RUN,termelő,,False,
2026-03-01 22:01:00+00:00,DMU50_001,MICRO_STOP,nem termelő,,False,
2026-03-01 22:03:00+00:00,DMU50_001,RUN,termelő,,False,
2026-03-01 22:09:00+00:00,DMU50_001,IDLE,nem termelő,,False,simple_waiting
2026-03-01 22:12:00+00:00,DMU50_001,RUN,termelő,,False,
2026-03-01 22:20:00+00:00,DMU50_001,FAILURE,nem termelő és áll,E101,False,
2026-03-01 22:24:00+00:00,DMU50_001,RUN,termelő,,False,
2026-03-01 22:37:00+00:00,DMU50_001,FAILURE,nem termelő és áll,E101,False,
2026-03-01 22:39:00+00:00,DMU50_001,RUN,termelő,,False,
2026-03-01 22:52:00+00:00,DMU50_001,IDLE,nem termelő,,False,simple_waiting
2026-03-01 22:54:00+00:00,DMU50_001,FAILURE,nem termelő és áll,E101,False,
2026-03-01 22:56:00+00:00,DMU50_001,MICRO_STOP,nem termelő,,False,
2026-03-01 22:57:00+00:00,DMU50_001,RUN,termelő,,False,
2026-03-01 23:08:00+00:00,DMU50_001,IDLE,nem termelő,,False,simple_waiting
2026-03-01 23:12:00+00:00,DMU50_001,RUN,termelő,,False,
2026-03-01 23:18:00+00:00,DMU50_001,IDLE,nem termelő,,False,simple_waiting
2026-03-01 23:22:00+00:00,DMU50_001,FAILURE,nem termelő és áll,E101,False,
2026-03-01 23:24:00+00:00,DMU50_001,MICRO_STOP,nem termelő,,False,
2026-03-01 23:26:00+00:00,DMU50_001,RUN,termelő,,False,
2026-03-01 23:32:00+00:00,DMU50_001,MICRO_STOP,nem termelő,,False,
2026-03-01 23:34:00+00:00,DMU50_001,RUN,termelő,,False,
2026-03-01 23:47:00+00:00,DMU50_001,IDLE,nem termelő,,False,simple_waiting
2026-03-01 23:49:00+00:00,DMU50_001,FAILURE,nem termelő és áll,E101,False,
2026-03-01 23:51:00+00:00,DMU50_001,IDLE,nem termelő,,False,simple_waiting
2026-03-01 23:55:00+00:00,DMU50_001,RUN,termelő,,False,
2026-03-02 00:07:00+00:00,DMU50_001,MICRO_STOP,nem termelő,,False,
2026-03-02 00:09:00+00:00,DMU50_001,IDLE,nem termelő,,False,simple_waiting
2026-03-02 00:12:00+00:00,DMU50_001,RUN,termelő,,False,
2026-03-02 00:25:00+00:00,DMU50_001,MICRO_STOP,nem termelő,,False,
2026-03-02 00:27:00+00:00,DMU50_001,FAILURE,nem termelő és áll,E101,False,
2026-03-02 00:31:00+00:00,DMU50_001,RUN,termelő,,False,
2026-03-02 00:42:00+00:00,DMU50_001,MICRO_STOP,nem termelő,,False,
2026-03-02 00:43:00+00:00,DMU50_001,IDLE,nem termelő,,False,simple_waiting
2026-03-02 00:45:00+00:00,DMU50_001,MICRO_STOP,nem termelő,,False,
2026-03-02 00:46:00+00:00,DMU50_001,RUN,termelő,,False,
2026-03-02 00:53:00+00:00,DMU50_001,FAILURE,nem termelő és áll,E101,False,
2026-03-02 00:57:00+00:00,DMU50_001,IDLE,nem termelő,,False,simple_waiting
2026-03-02 01:00:00+00:00,DMU50_001,MICRO_STOP,nem termelő,,False,
2026-03-02 01:02:00+00:00,DMU50_001,RUN,termelő,,False,
2026-03-02 01:13:00+00:00,DMU50_001,FAILURE,nem termelő és áll,E101,False,
2026-03-02 01:17:00+00:00,DMU50_001,RUN,termelő,,False,
2026-03-02 01:25:00+00:00,DMU50_001,MICRO_STOP,nem termelő,,False,
2026-03-02 01:26:00+00:00,DMU50_001,FAILURE,nem termelő és áll,E101,False,
2026-03-02 01:30:00+00:00,DMU50_001,RUN,termelő,,False,
2026-03-02 01:40:00+00:00,DMU50_001,MICRO_STOP,nem termelő,,False,
2026-03-02 01:42:00+00:00,DMU50_001,RUN,termelő,,False,
2026-03-02 01:49:00+00:00,DMU50_001,MICRO_STOP,nem termelő,,False,
2026-03-02 01:50:00+00:00,DMU50_001,RUN,termelő,,False,
2026-03-02 01:58:00+00:00,DMU50_001,MICRO_STOP,nem termelő,,False,
2026-03-02 02:00:00+00:00,DMU50_001,RUN,termelő,,False,
2026-03-02 02:14:00+00:00,DMU50_001,MICRO_STOP,nem termelő,,False,
2026-03-02 02:16:00+00:00,DMU50_001,IDLE,nem termelő,,False,simple_waiting
2026-03-02 02:18:00+00:00,DMU50_001,RUN,termelő,,False,
2026-03-02 02:32:00+00:00,DMU50_001,IDLE,nem termelő,,False,simple_waiting
2026-03-02 02:34:00+00:00,DMU50_001,RUN,termelő,,False,
2026-03-02 02:42:00+00:00,DMU50_001,IDLE,nem termelő,,False,simple_waiting
2026-03-02 02:46:00+00:00,DMU50_001,RUN,termelő,,False,
2026-03-02 02:52:00+00:00,DMU50_001,MICRO_STOP,nem termelő,,False,
2026-03-02 02:54:00+00:00,DMU50_001,IDLE,nem termelő,,False,simple_waiting
2026-03-02 02:56:00+00:00,DMU50_001,RUN,termelő,,False,
2026-03-02 03:08:00+00:00,DMU50_001,MICRO_STOP,nem termelő,,False,
2026-03-02 03:09:00+00:00,DMU50_001,RUN,termelő,,False,
2026-03-02 03:19:00+00:00,DMU50_001,FAILURE,nem termelő és áll,E101,False,
2026-03-02 03:22:00+00:00,DMU50_001,IDLE,nem termelő,,False,simple_waiting
2026-03-02 03:25:00+00:00,DMU50_001,MICRO_STOP,nem termelő,,False,
2026-03-02 03:26:00+00:00,DMU50_001,RUN,termelő,,False,
2026-03-02 03:40:00+00:00,DMU50_001,IDLE,nem termelő,,False,simple_waiting
2026-03-02 03:43:00+00:00,DMU50_001,FAILURE,nem termelő és áll,E101,False,
2026-03-02 03:48:00+00:00,DMU50_001,IDLE,nem termelő,,False,simple_waiting
2026-03-02 03:51:00+00:00,DMU50_001,FAILURE,nem termelő és áll,E101,False,
2026-03-02 03:55:00+00:00,DMU50_001,RUN,termelő,,False,
2026-03-02 04:02:00+00:00,DMU50_001,IDLE,nem termelő,,False,simple_waiting
2026-03-02 04:04:00+00:00,DMU50_001,RUN,termelő,,False,
2026-03-02 04:13:00+00:00,DMU50_001,FAILURE,nem termelő és áll,E101,False,
2026-03-02 04:18:00+00:00,DMU50_001,RUN,termelő,,False,
2026-03-02 04:24:00+00:00,DMU50_001,IDLE,nem termelő,,False,simple_waiting
2026-03-02 04:28:00+00:00,DMU50_001,MICRO_STOP,nem termelő,,False,
2026-03-02 04:30:00+00:00,DMU50_001,IDLE,nem termelő,,False,simple_waiting
2026-03-02 04:33:00+00:00,DMU50_001,RUN,termelő,,False,
2026-03-02 04:39:00+00:00,DMU50_001,IDLE,nem termelő,,False,simple_waiting
2026-03-02 04:41:00+00:00,DMU50_001,RUN,termelő,,False,
2026-03-02 04:51:00+00:00,DMU50_001,FAILURE,nem termelő és áll,E101,False,
2026-03-02 04:54:00+00:00,DMU50_001,IDLE,nem termelő,,False,simple_waiting
2026-03-02 04:57:00+00:00,DMU50_001,RUN,termelő,,False,
2026-03-02 05:08:00+00:00,DMU50_001,FAILURE,nem termelő és áll,E101,False,
2026-03-02 05:11:00+00:00,DMU50_001,MICRO_STOP,nem termelő,,False,
2026-03-02 05:12:00+00:00,DMU50_001,RUN,termelő,,False,
2026-03-02 05:19:00+00:00,DMU50_001,FAILURE,nem termelő és áll,E101,False,
2026-03-02 05:23:00+00:00,DMU50_001,RUN,termelő,,False,
2026-03-02 05:33:00+00:00,DMU50_001,MICRO_STOP,nem termelő,,False,
2026-03-02 05:35:00+00:00,DMU50_001,FAILURE,nem termelő és áll,E101,False,
2026-03-02 05:39:00+00:00,DMU50_001,MICRO_STOP,nem termelő,,False,
2026-03-02 05:41:00+00:00,DMU50_001,IDLE,nem termelő,,False,simple_waiting
2026-03-02 05:44:00+00:00,DMU50_001,FAILURE,nem termelő és áll,E101,False,
2026-03-02 05:48:00+00:00,DMU50_001,IDLE,nem termelő,,False,simple_waiting
2026-03-02 05:52:00+00:00,DMU50_001,RUN,termelő,,False,
2026-03-02 06:02:00+00:00,DMU50_001,MICRO_STOP,nem termelő,,False,
2026-03-02 06:04:00+00:00,DMU50_001,FAILURE,nem termelő és áll,E101,False,
2026-03-02 06:06:00+00:00,DMU50_001,RUN,termelő,,False,
2026-03-02 06:20:00+00:00,DMU50_001,MICRO_STOP,nem termelő,,False,
2026-03-02 06:22:00+00:00,DMU50_001,RUN,termelő,,False,
2026-03-02 06:34:00+00:00,DMU50_001,IDLE,nem termelő,,False,simple_waiting
2026-03-02 06:38:00+00:00,DMU50_001,FAILURE,nem termelő és áll,E101,False,
2026-03-02 06:41:00+00:00,DMU50_001,RUN,termelő,,False,
2026-03-02 06:49:00+00:00,DMU50_001,IDLE,nem termelő,,False,simple_waiting
2026-03-02 06:53:00+00:00,DMU50_001,RUN,termelő,,False,
2026-03-02 07:00:00+00:00,DMU50_001,IDLE,nem termelő,,False,simple_waiting
2026-03-02 07:03:00+00:00,DMU50_001,FAILURE,nem termelő és áll,E101,False,
2026-03-02 07:06:00+00:00,DMU50_001,RUN,termelő,,False,
2026-03-02 07:19:00+00:00,DMU50_001,MICRO_STOP,nem termelő,,False,
2026-03-02 07:21:00+00:00,DMU50_001,IDLE,nem termelő,,False,simple_waiting
2026-03-02 07:25:00+00:00,DMU50_001,MICRO_STOP,nem termelő,,False,
2026-03-02 07:26:00+00:00,DMU50_001,RUN,termelő,,False,
2026-03-02 07:39:00+00:00,DMU50_001,MICRO_STOP,nem termelő,,False,
2026-03-02 07:40:00+00:00,DMU50_001,RUN,termelő,,False,
2026-03-02 07:53:00+00:00,DMU50_001,MICRO_STOP,nem termelő,,False,
2026-03-02 07:55:00+00:00,DMU50_001,RUN,termelő,,False,
2026-03-02 08:01:00+00:00,DMU50_001,IDLE,nem termelő,,False,simple_waiting
2026-03-02 08:04:00+00:00,DMU50_001,RUN,termelő,,False,
2026-03-02 08:16:00+00:00,DMU50_001,IDLE,nem termelő,,False,simple_waiting
2026-03-02 08:19:00+00:00,DMU50_001,RUN,termelő,,False,
2026-03-02 08:28:00+00:00,DMU50_001,IDLE,nem termelő,,False,simple_waiting
2026-03-02 08:32:00+00:00,DMU50_001,RUN,termelő,,False,
2026-03-02 08:39:00+00:00,DMU50_001,MICRO_STOP,nem termelő,,False,
2026-03-02 08:40:00+00:00,DMU50_001,FAILURE,nem termelő és áll,E101,False,
2026-03-02 08:45:00+00:00,DMU50_001,RUN,termelő,,False,
2026-03-02 08:57:00+00:00,DMU50_001,FAILURE,nem termelő és áll,E101,False,
2026-03-02 09:00:00+00:00,DMU50_001,MICRO_STOP,nem termelő,,False,
2026-03-02 09:02:00+00:00,DMU50_001,RUN,termelő,,False,
2026-03-02 09:13:00+00:00,DMU50_001,FAILURE,nem termelő és áll,E101,False,
2026-03-02 09:15:00+00:00,DMU50_001,RUN,termelő,,False,
2026-03-02 09:25:00+00:00,DMU50_001,MICRO_STOP,nem termelő,,False,
2026-03-02 09:27:00+00:00,DMU50_001,RUN,termelő,,False,
2026-03-02 09:36:00+00:00,DMU50_001,FAILURE,nem termelő és áll,E101,False,
2026-03-02 09:41:00+00:00,DMU50_001,RUN,termelő,,False,
2026-03-02 09:53:00+00:00,DMU50_001,IDLE,nem termelő,,False,simple_waiting
2026-03-02 09:56:00+00:00,DMU50_001,RUN,termelő,,False,
2026-03-02 10:04:00+00:00,DMU50_001,FAILURE,nem termelő és áll,E101,False,
2026-03-02 10:07:00+00:00,DMU50_001,MICRO_STOP,nem termelő,,False,
2026-03-02 10:09:00+00:00,DMU50_001,RUN,termelő,,False,
2026-03-02 10:20:00+00:00,DMU50_001,IDLE,nem termelő,,False,simple_waiting
2026-03-02 10:23:00+00:00,DMU50_001,RUN,termelő,,False,
2026-03-02 10:29:00+00:00,DMU50_001,IDLE,nem termelő,,False,simple_waiting
2026-03-02 10:32:00+00:00,DMU50_001,RUN,termelő,,False,
2026-03-02 10:45:00+00:00,DMU50_001,FAILURE,nem termelő és áll,E101,False,
2026-03-02 10:48:00+00:00,DMU50_001,MICRO_STOP,nem termelő,,False,
2026-03-02 10:49:00+00:00,DMU50_001,FAILURE,nem termelő és áll,E101,False,
2026-03-02 10:54:00+00:00,DMU50_001,IDLE,nem termelő,,False,simple_waiting
2026-03-02 10:57:00+00:00,DMU50_001,RUN,termelő,,False,
2026-03-02 11:04:00+00:00,DMU50_001,MICRO_STOP,nem termelő,,False,
2026-03-02 11:05:00+00:00,DMU50_001,RUN,termelő,,False,
2026-03-02 11:19:00+00:00,DMU50_001,FAILURE,nem termelő és áll,E101,False,
2026-03-02 11:23:00+00:00,DMU50_001,RUN,termelő,,False,
2026-03-02 11:29:00+00:00,DMU50_001,MICRO_STOP,nem termelő,,False,
2026-03-02 11:30:00+00:00,DMU50_001,RUN,termelő,,False,
2026-03-02 11:37:00+00:00,DMU50_001,IDLE,nem termelő,,False,simple_waiting
2026-03-02 11:39:00+00:00,DMU50_001,RUN,termelő,,False,
2026-03-02 11:45:00+00:00,DMU50_001,IDLE,nem termelő,,False,simple_waiting
2026-03-02 11:48:00+00:00,DMU50_001,RUN,termelő,,False,
2026-03-02 12:01:00+00:00,DMU50_001,MICRO_STOP,nem termelő,,False,
2026-03-02 12:02:00+00:00,DMU50_001,RUN,termelő,,False,
2026-03-02 12:10:00+00:00,DMU50_001,FAILURE,nem termelő és áll,E101,False,
2026-03-02 12:13:00+00:00,DMU50_001,RUN,termelő,,False,
2026-03-02 12:19:00+00:00,DMU50_001,MICRO_STOP,nem termelő,,False,
2026-03-02 12:20:00+00:00,DMU50_001,RUN,termelő,,False,
2026-03-02 12:27:00+00:00,DMU50_001,FAILURE,nem termelő és áll,E101,False,
2026-03-02 12:29:00+00:00,DMU50_001,RUN,termelő,,False,
2026-03-02 12:35:00+00:00,DMU50_001,MICRO_STOP,nem termelő,,False,
2026-03-02 12:36:00+00:00,DMU50_001,RUN,termelő,,False,
2026-03-02 12:44:00+00:00,DMU50_001,IDLE,nem termelő,,False,simple_waiting
2026-03-02 12:47:00+00:00,DMU50_001,MICRO_STOP,nem termelő,,False,
2026-03-02 12:48:00+00:00,DMU50_001,RUN,termelő,,False,
2026-03-02 13:02:00+00:00,DMU50_001,IDLE,nem termelő,,False,simple_waiting
2026-03-02 13:06:00+00:00,DMU50_001,RUN,termelő,,False,
2026-03-02 13:14:00+00:00,DMU50_001,MICRO_STOP,nem termelő,,False,
2026-03-02 13:16:00+00:00,DMU50_001,FAILURE,nem termelő és áll,E101,False,
2026-03-02 13:18:00+00:00,DMU50_001,IDLE,nem termelő,,False,simple_waiting
2026-03-02 13:21:00+00:00,DMU50_001,RUN,termelő,,False,
2026-03-02 13:31:00+00:00,DMU50_001,MICRO_STOP,nem termelő,,False,
2026-03-02 13:33:00+00:00,DMU50_001,RUN,termelő,,False,
2026-03-02 13:43:00+00:00,DMU50_001,MICRO_STOP,nem termelő,,False,
2026-03-02 13:44:00+00:00,DMU50_001,RUN,termelő,,False,
2026-03-02 13:51:00+00:00,DMU50_001,MICRO_STOP,nem termelő,,False,
2026-03-02 13:53:00+00:00,DMU50_001,RUN,termelő,,False,
2026-03-02 14:06:00+00:00,DMU50_001,FAILURE,nem termelő és áll,E101,False,
2026-03-02 14:10:00+00:00,DMU50_001,RUN,termelő,,False,
2026-03-02 14:24:00+00:00,DMU50_001,FAILURE,nem termelő és áll,E101,False,
2026-03-02 14:26:00+00:00,DMU50_001,RUN,termelő,,False,
2026-03-02 14:35:00+00:00,DMU50_001,IDLE,nem termelő,,False,simple_waiting
2026-03-02 14:37:00+00:00,DMU50_001,RUN,termelő,,False,
2026-03-02 14:44:00+00:00,DMU50_001,MICRO_STOP,nem termelő,,False,
2026-03-02 14:46:00+00:00,DMU50_001,IDLE,nem termelő,,False,simple_waiting
2026-03-02 14:48:00+00:00,DMU50_001,RUN,termelő,,False,
2026-03-02 14:54:00+00:00,DMU50_001,IDLE,nem termelő,,False,simple_waiting
2026-03-02 14:58:00+00:00,DMU50_001,MICRO_STOP,nem termelő,,False,
2026-03-02 14:59:00+00:00,DMU50_001,RUN,termelő,,False,
2026-03-02 15:09:00+00:00,DMU50_001,MICRO_STOP,nem termelő,,False,
2026-03-02 15:10:00+00:00,DMU50_001,RUN,termelő,,False,
2026-03-02 15:18:00+00:00,DMU50_001,FAILURE,nem termelő és áll,E101,False,
2026-03-02 15:23:00+00:00,DMU50_001,RUN,termelő,,False,
2026-03-02 15:37:00+00:00,DMU50_001,IDLE,nem termelő,,False,simple_waiting
2026-03-02 15:40:00+00:00,DMU50_001,RUN,termelő,,False,
2026-03-02 15:49:00+00:00,DMU50_001,IDLE,nem termelő,,False,simple_waiting
2026-03-02 15:52:00+00:00,DMU50_001,RUN,termelő,,False,
2026-03-02 15:59:00+00:00,DMU50_001,FAILURE,nem termelő és áll,E101,False,
2026-03-02 16:03:00+00:00,DMU50_001,RUN,termelő,,False,
2026-03-02 16:15:00+00:00,DMU50_001,IDLE,nem termelő,,False,simple_waiting
2026-03-02 16:17:00+00:00,DMU50_001,FAILURE,nem termelő és áll,E101,False,
2026-03-02 16:19:00+00:00,DMU50_001,RUN,termelő,,False,
2026-03-02 16:26:00+00:00,DMU50_001,MICRO_STOP,nem termelő,,False,
2026-03-02 16:28:00+00:00,DMU50_001,RUN,termelő,,False,
2026-03-02 16:41:00+00:00,DMU50_001,MICRO_STOP,nem termelő,,False,
2026-03-02 16:43:00+00:00,DMU50_001,IDLE,nem termelő,,False,simple_waiting
2026-03-02 16:47:00+00:00,DMU50_001,RUN,termelő,,False,
2026-03-02 16:56:00+00:00,DMU50_001,FAILURE,nem termelő és áll,E101,False,
2026-03-02 16:58:00+00:00,DMU50_001,IDLE,nem termelő,,False,simple_waiting
2026-03-02 17:02:00+00:00,DMU50_001,RUN,termelő,,False,
2026-03-02 17:15:00+00:00,DMU50_001,MICRO_STOP,nem termelő,,False,
2026-03-02 17:16:00+00:00,DMU50_001,FAILURE,nem termelő és áll,E101,False,
2026-03-02 17:18:00+00:00,DMU50_001,RUN,termelő,,False,
2026-03-02 17:31:00+00:00,DMU50_001,IDLE,nem termelő,,False,simple_waiting
2026-03-02 17:35:00+00:00,DMU50_001,RUN,termelő,,False,
2026-03-02 17:46:00+00:00,DMU50_001,MICRO_STOP,nem termelő,,False,
2026-03-02 17:47:00+00:00,DMU50_001,RUN,termelő,,False,
2026-03-02 17:56:00+00:00,DMU50_001,MICRO_STOP,nem termelő,,False,
2026-03-02 17:57:00+00:00,DMU50_001,FAILURE,nem termelő és áll,E101,False,
2026-03-02 18:01:00+00:00,DMU50_001,RUN,termelő,,False,
2026-03-02 18:11:00+00:00,DMU50_001,MICRO_STOP,nem termelő,,False,
2026-03-02 18:12:00+00:00,DMU50_001,FAILURE,nem termelő és áll,E101,False,
2026-03-02 18:15:00+00:00,DMU50_001,RUN,termelő,,False,
2026-03-02 18:22:00+00:00,DMU50_001,IDLE,nem termelő,,False,simple_waiting
2026-03-02 18:24:00+00:00,DMU50_001,RUN,termelő,,False,
2026-03-02 18:34:00+00:00,DMU50_001,FAILURE,nem termelő és áll,E101,False,
2026-03-02 18:36:00+00:00,DMU50_001,MICRO_STOP,nem termelő,,False,
2026-03-02 18:38:00+00:00,DMU50_001,RUN,termelő,,False,
2026-03-02 18:48:00+00:00,DMU50_001,IDLE,nem termelő,,False,simple_waiting
2026-03-02 18:50:00+00:00,DMU50_001,FAILURE,nem termelő és áll,E101,False,
2026-03-02 18:55:00+00:00,DMU50_001,RUN,termelő,,False,
2026-03-02 19:04:00+00:00,DMU50_001,IDLE,nem termelő,,False,simple_waiting
2026-03-02 19:06:00+00:00,DMU50_001,MICRO_STOP,nem termelő,,False,
2026-03-02 19:07:00+00:00,DMU50_001,RUN,termelő,,False,
2026-03-02 19:17:00+00:00,DMU50_001,IDLE,nem termelő,,False,simple_waiting
2026-03-02 19:20:00+00:00,DMU50_001,MICRO_STOP,nem termelő,,False,
2026-03-02 19:22:00+00:00,DMU50_001,RUN,termelő,,False,
2026-03-02 19:35:00+00:00,DMU50_001,IDLE,nem termelő,,False,simple_waiting
2026-03-02 19:38:00+00:00,DMU50_001,RUN,termelő,,False,
2026-03-02 19:49:00+00:00,DMU50_001,IDLE,nem termelő,,False,simple_waiting
2026-03-02 19:53:00+00:00,DMU50_001,RUN,termelő,,False,
2026-03-02 20:02:00+00:00,DMU50_001,IDLE,nem termelő,,False,simple_waiting
2026-03-02 20:04:00+00:00,DMU50_001,RUN,termelő,,False,
2026-03-02 20:15:00+00:00,DMU50_001,MICRO_STOP,nem termelő,,False,
2026-03-02 20:16:00+00:00,DMU50_001,IDLE,nem termelő,,False,simple_waiting
2026-03-02 20:19:00+00:00,DMU50_001,RUN,termelő,,False,
2026-03-02 20:32:00+00:00,DMU50_001,FAILURE,nem termelő és áll,E101,False,
2026-03-02 20:34:00+00:00,DMU50_001,IDLE,nem termelő,,False,simple_waiting
2026-03-02 20:38:00+00:00,DMU50_001,RUN,termelő,,False,
2026-03-02 20:46:00+00:00,DMU50_001,FAILURE,nem termelő és áll,E101,False,
2026-03-02 20:49:00+00:00,DMU50_001,RUN,termelő,,False,
2026-03-02 21:02:00+00:00,DMU50_001,FAILURE,nem termelő és áll,E101,False,
2026-03-02 21:07:00+00:00,DMU50_001,RUN,termelő,,False,
2026-03-02 21:21:00+00:00,DMU50_001,FAILURE,nem termelő és áll,E101,False,
2026-03-02 21:25:00+00:00,DMU50_001,IDLE,nem termelő,,False,simple_waiting
2026-03-02 21:29:00+00:00,DMU50_001,RUN,termelő,,False,
2026-03-02 21:41:00+00:00,DMU50_001,FAILURE,nem termelő és áll,E101,False,
2026-03-02 21:45:00+00:00,DMU50_001,RUN,termelő,,False,
2026-03-02 21:54:00+00:00,DMU50_001,IDLE,nem termelő,,False,simple_waiting
2026-03-02 21:57:00+00:00,DMU50_001,RUN,termelő,,False,
2026-03-02 22:08:00+00:00,DMU50_001,FAILURE,nem termelő és áll,E101,False,
2026-03-02 22:12:00+00:00,DMU50_001,MICRO_STOP,nem termelő,,False,
2026-03-02 22:13:00+00:00,DMU50_001,RUN,termelő,,False,
2026-03-02 22:23:00+00:00,DMU50_001,MICRO_STOP,nem termelő,,False,
2026-03-02 22:25:00+00:00,DMU50_001,RUN,termelő,,False,
2026-03-02 22:32:00+00:00,DMU50_001,MICRO_STOP,nem termelő,,False,
2026-03-02 22:34:00+00:00,DMU50_001,RUN,termelő,,False,
2026-03-02 22:42:00+00:00,DMU50_001,FAILURE,nem termelő és áll,E101,False,
2026-03-02 22:46:00+00:00,DMU50_001,RUN,termelő,,False,
2026-03-02 22:57:00+00:00,DMU50_001,MICRO_STOP,nem termelő,,False,
2026-03-02 22:58:00+00:00,DMU50_001,IDLE,nem termelő,,False,simple_waiting
2026-03-02 23:01:00+00:00,DMU50_001,RUN,termelő,,False,
2026-03-02 23:07:00+00:00,DMU50_001,IDLE,nem termelő,,False,simple_waiting
2026-03-02 23:11:00+00:00,DMU50_001,FAILURE,nem termelő és áll,E101,False,
2026-03-02 23:15:00+00:00,DMU50_001,RUN,termelő,,False,
2026-03-02 23:27:00+00:00,DMU50_001,FAILURE,nem termelő és áll,E101,False,
2026-03-02 23:31:00+00:00,DMU50_001,RUN,termelő,,False,
2026-03-02 23:43:00+00:00,DMU50_001,MICRO_STOP,nem termelő,,False,
2026-03-02 23:45:00+00:00,DMU50_001,RUN,termelő,,False,
2026-03-02 23:57:00+00:00,DMU50_001,MICRO_STOP,nem termelő,,False,
2026-03-02 23:59:00+00:00,DMU50_001,RUN,termelő,,False,
2026-03-03 00:11:00+00:00,DMU50_001,MICRO_STOP,nem termelő,,False,
2026-03-03 00:12:00+00:00,DMU50_001,RUN,termelő,,False,
2026-03-03 00:25:00+00:00,DMU50_001,IDLE,nem termelő,,False,simple_waiting
2026-03-03 00:27:00+00:00,DMU50_001,RUN,termelő,,False,
2026-03-03 00:41:00+00:00,DMU50_001,MICRO_STOP,nem termelő,,False,
2026-03-03 00:43:00+00:00,DMU50_001,FAILURE,nem termelő és áll,E101,False,
2026-03-03 00:47:00+00:00,DMU50_001,RUN,termelő,,False,
2026-03-03 00:54:00+00:00,DMU50_001,MICRO_STOP,nem termelő,,False,
2026-03-03 00:56:00+00:00,DMU50_001,RUN,termelő,,False,
2026-03-03 01:10:00+00:00,DMU50_001,MICRO_STOP,nem termelő,,False,
2026-03-03 01:11:00+00:00,DMU50_001,FAILURE,nem termelő és áll,E101,False,
2026-03-03 01:14:00+00:00,DMU50_001,RUN,termelő,,False,
2026-03-03 01:23:00+00:00,DMU50_001,IDLE,nem termelő,,False,simple_waiting
2026-03-03 01:27:00+00:00,DMU50_001,MICRO_STOP,nem termelő,,False,
2026-03-03 01:28:00+00:00,DMU50_001,FAILURE,nem termelő és áll,E101,False,
2026-03-03 01:31:00+00:00,DMU50_001,IDLE,nem termelő,,False,simple_waiting
2026-03-03 01:33:00+00:00,DMU50_001,RUN,termelő,,False,
2026-03-03 01:41:00+00:00,DMU50_001,MICRO_STOP,nem termelő,,False,
2026-03-03 01:43:00+00:00,DMU50_001,RUN,termelő,,False,
2026-03-03 01:52:00+00:00,DMU50_001,FAILURE,nem termelő és áll,E101,False,
2026-03-03 01:57:00+00:00,DMU50_001,IDLE,nem termelő,,False,simple_waiting
2026-03-03 02:01:00+00:00,DMU50_001,FAILURE,nem termelő és áll,E101,False,
2026-03-03 02:03:00+00:00,DMU50_001,IDLE,nem termelő,,False,simple_waiting
2026-03-03 02:07:00+00:00,DMU50_001,RUN,termelő,,False,
2026-03-03 02:18:00+00:00,DMU50_001,MICRO_STOP,nem termelő,,False,
2026-03-03 02:19:00+00:00,DMU50_001,RUN,termelő,,False,
2026-03-03 02:27:00+00:00,DMU50_001,IDLE,nem termelő,,False,simple_waiting
2026-03-03 02:29:00+00:00,DMU50_001,RUN,termelő,,False,
2026-03-03 02:38:00+00:00,DMU50_001,IDLE,nem termelő,,False,simple_waiting
2026-03-03 02:40:00+00:00,DMU50_001,RUN,termelő,,False,
2026-03-03 02:52:00+00:00,DMU50_001,FAILURE,nem termelő és áll,E101,False,
2026-03-03 02:57:00+00:00,DMU50_001,RUN,termelő,,False,
2026-03-03 03:11:00+00:00,DMU50_001,MICRO_STOP,nem termelő,,False,
2026-03-03 03:12:00+00:00,DMU50_001,FAILURE,nem termelő és áll,E101,False,
2026-03-03 03:15:00+00:00,DMU50_001,RUN,termelő,,False,
2026-03-03 03:29:00+00:00,DMU50_001,IDLE,nem termelő,,False,simple_waiting
2026-03-03 03:31:00+00:00,DMU50_001,MICRO_STOP,nem termelő,,False,
2026-03-03 03:32:00+00:00,DMU50_001,RUN,termelő,,False,
2026-03-03 03:44:00+00:00,DMU50_001,MICRO_STOP,nem termelő,,False,
2026-03-03 03:46:00+00:00,DMU50_001,FAILURE,nem termelő és áll,E101,False,
2026-03-03 03:48:00+00:00,DMU50_001,RUN,termelő,,False,
2026-03-03 04:02:00+00:00,DMU50_001,MICRO_STOP,nem termelő,,False,
2026-03-03 04:03:00+00:00,DMU50_001,RUN,termelő,,False,
2026-03-03 04:17:00+00:00,DMU50_001,MICRO_STOP,nem termelő,,False,
2026-03-03 04:19:00+00:00,DMU50_001,IDLE,nem termelő,,False,simple_waiting
2026-03-03 04:22:00+00:00,DMU50_001,RUN,termelő,,False,
2026-03-03 04:31:00+00:00,DMU50_001,MICRO_STOP,nem termelő,,False,
2026-03-03 04:32:00+00:00,DMU50_001,IDLE,nem termelő,,False,simple_waiting
2026-03-03 04:34:00+00:00,DMU50_001,RUN,termelő,,False,
2026-03-03 04:44:00+00:00,DMU50_001,IDLE,nem termelő,,False,simple_waiting
2026-03-03 04:48:00+00:00,DMU50_001,RUN,termelő,,False,
2026-03-03 04:54:00+00:00,DMU50_001,IDLE,nem termelő,,False,simple_waiting
2026-03-03 04:56:00+00:00,DMU50_001,MICRO_STOP,nem termelő,,False,
2026-03-03 04:57:00+00:00,DMU50_001,IDLE,nem termelő,,False,simple_waiting
2026-03-03 05:00:00+00:00,DMU50_001,RUN,termelő,,False,
2026-03-03 05:07:00+00:00,DMU50_001,IDLE,nem termelő,,False,simple_waiting
2026-03-03 05:09:00+00:00,DMU50_001,RUN,termelő,,False,
2026-03-03 05:22:00+00:00,DMU50_001,IDLE,nem termelő,,False,simple_waiting
2026-03-03 05:24:00+00:00,DMU50_001,RUN,termelő,,False,
2026-03-03 05:30:00+00:00,DMU50_001,MICRO_STOP,nem termelő,,False,
2026-03-03 05:32:00+00:00,DMU50_001,IDLE,nem termelő,,False,simple_waiting
2026-03-03 05:34:00+00:00,DMU50_001,RUN,termelő,,False,
2026-03-03 05:44:00+00:00,DMU50_001,IDLE,nem termelő,,False,simple_waiting
2026-03-03 05:48:00+00:00,DMU50_001,RUN,termelő,,False,
2026-03-03 06:00:00+00:00,DMU50_001,IDLE,nem termelő,,False,simple_waiting
2026-03-03 06:02:00+00:00,DMU50_001,RUN,termelő,,False,
2026-03-03 06:14:00+00:00,DMU50_001,MICRO_STOP,nem termelő,,False,
2026-03-03 06:16:00+00:00,DMU50_001,RUN,termelő,,False,
2026-03-03 06:30:00+00:00,DMU50_001,IDLE,nem termelő,,False,simple_waiting
2026-03-03 06:33:00+00:00,DMU50_001,FAILURE,nem termelő és áll,E101,False,
2026-03-03 06:38:00+00:00,DMU50_001,RUN,termelő,,False,
2026-03-03 06:51:00+00:00,DMU50_001,MICRO_STOP,nem termelő,,False,
2026-03-03 06:53:00+00:00,DMU50_001,RUN,termelő,,False,
2026-03-03 07:01:00+00:00,DMU50_001,IDLE,nem termelő,,False,simple_waiting
2026-03-03 07:04:00+00:00,DMU50_001,RUN,termelő,,False,
2026-03-03 07:16:00+00:00,DMU50_001,MICRO_STOP,nem termelő,,False,
2026-03-03 07:17:00+00:00,DMU50_001,RUN,termelő,,False,
2026-03-03 07:27:00+00:00,DMU50_001,IDLE,nem termelő,,False,simple_waiting
2026-03-03 07:29:00+00:00,DMU50_001,RUN,termelő,,False,
2026-03-03 07:42:00+00:00,DMU50_001,MICRO_STOP,nem termelő,,False,
2026-03-03 07:44:00+00:00,DMU50_001,RUN,termelő,,False,
2026-03-03 07:50:00+00:00,DMU50_001,IDLE,nem termelő,,False,simple_waiting
2026-03-03 07:54:00+00:00,DMU50_001,RUN,termelő,,False,
2026-03-03 08:05:00+00:00,DMU50_001,IDLE,nem termelő,,False,simple_waiting
2026-03-03 08:07:00+00:00,DMU50_001,RUN,termelő,,False,
2026-03-03 08:17:00+00:00,DMU50_001,FAILURE,nem termelő és áll,E101,False,
2026-03-03 08:20:00+00:00,DMU50_001,RUN,termelő,,False,
2026-03-03 08:26:00+00:00,DMU50_001,MICRO_STOP,nem termelő,,False,
2026-03-03 08:27:00+00:00,DMU50_001,RUN,termelő,,False,
2026-03-03 08:34:00+00:00,DMU50_001,IDLE,nem termelő,,False,simple_waiting
2026-03-03 08:36:00+00:00,DMU50_001,RUN,termelő,,False,
2026-03-03 08:44:00+00:00,DMU50_001,MICRO_STOP,nem termelő,,False,
2026-03-03 08:45:00+00:00,DMU50_001,IDLE,nem termelő,,False,simple_waiting
2026-03-03 08:47:00+00:00,DMU50_001,FAILURE,nem termelő és áll,E101,False,
2026-03-03 08:51:00+00:00,DMU50_001,RUN,termelő,,False,
2026-03-03 08:57:00+00:00,DMU50_001,MICRO_STOP,nem termelő,,False,
2026-03-03 08:58:00+00:00,DMU50_001,IDLE,nem termelő,,False,simple_waiting
2026-03-03 09:00:00+00:00,DMU50_001,RUN,termelő,,False,
2026-03-03 09:07:00+00:00,DMU50_001,FAILURE,nem termelő és áll,E101,False,
2026-03-03 09:12:00+00:00,DMU50_001,RUN,termelő,,False,
2026-03-03 09:26:00+00:00,DMU50_001,FAILURE,nem termelő és áll,E101,False,
2026-03-03 09:31:00+00:00,DMU50_001,RUN,termelő,,False,
2026-03-03 09:41:00+00:00,DMU50_001,FAILURE,nem termelő és áll,E101,False,
2026-03-03 09:44:00+00:00,DMU50_001,RUN,termelő,,False,
2026-03-03 09:57:00+00:00,DMU50_001,IDLE,nem termelő,,False,simple_waiting
2026-03-03 10:00:00+00:00,DMU50_001,RUN,termelő,,False,
2026-03-03 10:11:00+00:00,DMU50_001,MICRO_STOP,nem termelő,,False,
2026-03-03 10:12:00+00:00,DMU50_001,FAILURE,nem termelő és áll,E101,False,
2026-03-03 10:17:00+00:00,DMU50_001,RUN,termelő,,False,
2026-03-03 10:31:00+00:00,DMU50_001,MICRO_STOP,nem termelő,,False,
2026-03-03 10:32:00+00:00,DMU50_001,RUN,termelő,,False,
2026-03-03 10:42:00+00:00,DMU50_001,MICRO_STOP,nem termelő,,False,
2026-03-03 10:44:00+00:00,DMU50_001,RUN,termelő,,False,
2026-03-03 10:53:00+00:00,DMU50_001,IDLE,nem termelő,,False,simple_waiting
2026-03-03 10:56:00+00:00,DMU50_001,FAILURE,nem termelő és áll,E101,False,
2026-03-03 10:59:00+00:00,DMU50_001,RUN,termelő,,False,
2026-03-03 11:05:00+00:00,DMU50_001,FAILURE,nem termelő és áll,E101,False,
2026-03-03 11:09:00+00:00,DMU50_001,RUN,termelő,,False,
2026-03-03 11:15:00+00:00,DMU50_001,MICRO_STOP,nem termelő,,False,
2026-03-03 11:17:00+00:00,DMU50_001,RUN,termelő,,False,
2026-03-03 11:23:00+00:00,DMU50_001,MICRO_STOP,nem termelő,,False,
2026-03-03 11:24:00+00:00,DMU50_001,IDLE,nem termelő,,False,simple_waiting
2026-03-03 11:26:00+00:00,DMU50_001,RUN,termelő,,False,
2026-03-03 11:36:00+00:00,DMU50_001,IDLE,nem termelő,,False,simple_waiting
2026-03-03 11:40:00+00:00,DMU50_001,RUN,termelő,,False,
2026-03-03 11:48:00+00:00,DMU50_001,IDLE,nem termelő,,False,simple_waiting
2026-03-03 11:50:00+00:00,DMU50_001,RUN,termelő,,False,
2026-03-03 12:00:00+00:00,DMU50_001,FAILURE,nem termelő és áll,E101,False,
2026-03-03 12:02:00+00:00,DMU50_001,IDLE,nem termelő,,False,simple_waiting
2026-03-03 12:06:00+00:00,DMU50_001,RUN,termelő,,False,
2026-03-03 12:20:00+00:00,DMU50_001,IDLE,nem termelő,,False,simple_waiting
2026-03-03 12:23:00+00:00,DMU50_001,RUN,termelő,,False,
2026-03-03 12:30:00+00:00,DMU50_001,IDLE,nem termelő,,False,simple_waiting
2026-03-03 12:32:00+00:00,DMU50_001,RUN,termelő,,False,
2026-03-03 12:40:00+00:00,DMU50_001,FAILURE,nem termelő és áll,E101,False,
2026-03-03 12:44:00+00:00,DMU50_001,MICRO_STOP,nem termelő,,False,
2026-03-03 12:46:00+00:00,DMU50_001,RUN,termelő,,False,
2026-03-03 12:55:00+00:00,DMU50_001,IDLE,nem termelő,,False,simple_waiting
2026-03-03 12:57:00+00:00,DMU50_001,RUN,termelő,,False,
2026-03-03 13:10:00+00:00,DMU50_001,IDLE,nem termelő,,False,simple_waiting
2026-03-03 13:12:00+00:00,DMU50_001,RUN,termelő,,False,
2026-03-03 13:18:00+00:00,DMU50_001,MICRO_STOP,nem termelő,,False,
2026-03-03 13:20:00+00:00,DMU50_001,RUN,termelő,,False,
2026-03-03 13:27:00+00:00,DMU50_001,MICRO_STOP,nem termelő,,False,
2026-03-03 13:28:00+00:00,DMU50_001,RUN,termelő,,False,
2026-03-03 13:34:00+00:00,DMU50_001,FAILURE,nem termelő és áll,E101,False,
2026-03-03 13:36:00+00:00,DMU50_001,IDLE,nem termelő,,False,simple_waiting
2026-03-03 13:39:00+00:00,DMU50_001,FAILURE,nem termelő és áll,E101,False,
2026-03-03 13:41:00+00:00,DMU50_001,MICRO_STOP,nem termelő,,False,
2026-03-03 13:42:00+00:00,DMU50_001,IDLE,nem termelő,,False,simple_waiting
2026-03-03 13:46:00+00:00,DMU50_001,RUN,termelő,,False,
2026-03-03 13:57:00+00:00,DMU50_001,FAILURE,nem termelő és áll,E101,False,
2026-03-03 14:00:00+00:00,DMU50_001,RUN,termelő,,False,
2026-03-03 14:14:00+00:00,DMU50_001,MICRO_STOP,nem termelő,,False,
2026-03-03 14:16:00+00:00,DMU50_001,FAILURE,nem termelő és áll,E101,False,
2026-03-03 14:19:00+00:00,DMU50_001,RUN,termelő,,False,
2026-03-03 14:27:00+00:00,DMU50_001,IDLE,nem termelő,,False,simple_waiting
2026-03-03 14:31:00+00:00,DMU50_001,RUN,termelő,,False,
2026-03-03 14:39:00+00:00,DMU50_001,IDLE,nem termelő,,False,simple_waiting
2026-03-03 14:41:00+00:00,DMU50_001,RUN,termelő,,False,
2026-03-03 14:53:00+00:00,DMU50_001,FAILURE,nem termelő és áll,E101,False,
2026-03-03 14:57:00+00:00,DMU50_001,RUN,termelő,,False,
2026-03-03 15:09:00+00:00,DMU50_001,FAILURE,nem termelő és áll,E101,False,
2026-03-03 15:12:00+00:00,DMU50_001,RUN,termelő,,False,
2026-03-03 15:25:00+00:00,DMU50_001,FAILURE,nem termelő és áll,E101,False,
2026-03-03 15:27:00+00:00,DMU50_001,RUN,termelő,,False,
2026-03-03 15:39:00+00:00,DMU50_001,MICRO_STOP,nem termelő,,False,
2026-03-03 15:41:00+00:00,DMU50_001,IDLE,nem termelő,,False,simple_waiting
2026-03-03 15:43:00+00:00,DMU50_001,FAILURE,nem termelő és áll,E101,False,
2026-03-03 15:48:00+00:00,DMU50_001,RUN,termelő,,False,
2026-03-03 16:02:00+00:00,DMU50_001,IDLE,nem termelő,,False,simple_waiting
2026-03-03 16:06:00+00:00,DMU50_001,FAILURE,nem termelő és áll,E101,False,
2026-03-03 16:09:00+00:00,DMU50_001,RUN,termelő,,False,
2026-03-03 16:21:00+00:00,DMU50_001,IDLE,nem termelő,,False,simple_waiting
2026-03-03 16:25:00+00:00,DMU50_001,FAILURE,nem termelő és áll,E101,False,
2026-03-03 16:28:00+00:00,DMU50_001,MICRO_STOP,nem termelő,,False,
2026-03-03 16:29:00+00:00,DMU50_001,RUN,termelő,,False,
2026-03-03 16:35:00+00:00,DMU50_001,FAILURE,nem termelő és áll,E101,False,
2026-03-03 16:40:00+00:00,DMU50_001,RUN,termelő,,False,
2026-03-03 16:47:00+00:00,DMU50_001,FAILURE,nem termelő és áll,E101,False,
2026-03-03 16:52:00+00:00,DMU50_001,RUN,termelő,,False,
2026-03-03 17:06:00+00:00,DMU50_001,FAILURE,nem termelő és áll,E101,False,
2026-03-03 17:09:00+00:00,DMU50_001,MICRO_STOP,nem termelő,,False,
2026-03-03 17:11:00+00:00,DMU50_001,RUN,termelő,,False,
2026-03-03 17:21:00+00:00,DMU50_001,MICRO_STOP,nem termelő,,False,
2026-03-03 17:23:00+00:00,DMU50_001,IDLE,nem termelő,,False,simple_waiting
2026-03-03 17:26:00+00:00,DMU50_001,RUN,termelő,,False,
2026-03-03 17:40:00+00:00,DMU50_001,FAILURE,nem termelő és áll,E101,False,
2026-03-03 17:45:00+00:00,DMU50_001,IDLE,nem termelő,,False,simple_waiting
2026-03-03 17:48:00+00:00,DMU50_001,RUN,termelő,,False,
2026-03-03 17:57:00+00:00,DMU50_001,MICRO_STOP,nem termelő,,False,
2026-03-03 17:58:00+00:00,DMU50_001,RUN,termelő,,False,
2026-03-03 18:11:00+00:00,DMU50_001,MICRO_STOP,nem termelő,,False,
2026-03-03 18:12:00+00:00,DMU50_001,RUN,termelő,,False,
2026-03-03 18:24:00+00:00,DMU50_001,FAILURE,nem termelő és áll,E101,False,
2026-03-03 18:29:00+00:00,DMU50_001,RUN,termelő,,False,
2026-03-03 18:39:00+00:00,DMU50_001,MICRO_STOP,nem termelő,,False,
2026-03-03 18:40:00+00:00,DMU50_001,RUN,termelő,,False,
2026-03-03 18:51:00+00:00,DMU50_001,IDLE,nem termelő,,False,simple_waiting
2026-03-03 18:55:00+00:00,DMU50_001,RUN,termelő,,False,
2026-03-03 19:07:00+00:00,DMU50_001,IDLE,nem termelő,,False,simple_waiting
2026-03-03 19:09:00+00:00,DMU50_001,MICRO_STOP,nem termelő,,False,
2026-03-03 19:11:00+00:00,DMU50_001,RUN,termelő,,False,
2026-03-03 19:24:00+00:00,DMU50_001,MICRO_STOP,nem termelő,,False,
2026-03-03 19:25:00+00:00,DMU50_001,RUN,termelő,,False,
2026-03-03 19:38:00+00:00,DMU50_001,MICRO_STOP,nem termelő,,False,
2026-03-03 19:40:00+00:00,DMU50_001,FAILURE,nem termelő és áll,E101,False,
2026-03-03 19:44:00+00:00,DMU50_001,RUN,termelő,,False,
2026-03-03 19:55:00+00:00,DMU50_001,IDLE,nem termelő,,False,simple_waiting
2026-03-03 19:58:00+00:00,DMU50_001,RUN,termelő,,False,
2026-03-03 20:04:00+00:00,DMU50_001,MICRO_STOP,nem termelő,,False,
2026-03-03 20:06:00+00:00,DMU50_001,RUN,termelő,,False,
2026-03-03 20:15:00+00:00,DMU50_001,MICRO_STOP,nem termelő,,False,
2026-03-03 20:16:00+00:00,DMU50_001,IDLE,nem termelő,,False,simple_waiting
2026-03-03 20:20:00+00:00,DMU50_001,RUN,termelő,,False,
2026-03-03 20:28:00+00:00,DMU50_001,FAILURE,nem termelő és áll,E101,False,
2026-03-03 20:33:00+00:00,DMU50_001,RUN,termelő,,False,
2026-03-03 20:40:00+00:00,DMU50_001,IDLE,nem termelő,,False,simple_waiting
2026-03-03 20:44:00+00:00,DMU50_001,MICRO_STOP,nem termelő,,False,
2026-03-03 20:46:00+00:00,DMU50_001,RUN,termelő,,False,
2026-03-03 20:58:00+00:00,DMU50_001,MICRO_STOP,nem termelő,,False,
2026-03-03 20:59:00+00:00,DMU50_001,RUN,termelő,,False,
2026-03-03 21:08:00+00:00,DMU50_001,IDLE,nem termelő,,False,simple_waiting
2026-03-03 21:11:00+00:00,DMU50_001,MICRO_STOP,nem termelő,,False,
2026-03-03 21:12:00+00:00,DMU50_001,RUN,termelő,,False,
2026-03-03 21:25:00+00:00,DMU50_001,IDLE,nem termelő,,False,simple_waiting
2026-03-03 21:27:00+00:00,DMU50_001,RUN,termelő,,False,
2026-03-03 21:35:00+00:00,DMU50_001,IDLE,nem termelő,,False,simple_waiting
2026-03-03 21:37:00+00:00,DMU50_001,RUN,termelő,,False,
2026-03-03 21:45:00+00:00,DMU50_001,IDLE,nem termelő,,False,simple_waiting
2026-03-03 21:47:00+00:00,DMU50_001,RUN,termelő,,False,
2026-03-03 22:01:00+00:00,DMU50_001,MICRO_STOP,nem termelő,,False,
2026-03-03 22:02:00+00:00,DMU50_001,FAILURE,nem termelő és áll,E101,False,
2026-03-03 22:07:00+00:00,DMU50_001,MICRO_STOP,nem termelő,,False,
2026-03-03 22:08:00+00:00,DMU50_001,FAILURE,nem termelő és áll,E101,False,
2026-03-03 22:13:00+00:00,DMU50_001,IDLE,nem termelő,,False,simple_waiting
2026-03-03 22:16:00+00:00,DMU50_001,RUN,termelő,,False,
2026-03-03 22:26:00+00:00,DMU50_001,IDLE,nem termelő,,False,simple_waiting
2026-03-03 22:30:00+00:00,DMU50_001,RUN,termelő,,False,
2026-03-03 22:36:00+00:00,DMU50_001,IDLE,nem termelő,,False,simple_waiting
2026-03-03 22:38:00+00:00,DMU50_001,FAILURE,nem termelő és áll,E101,False,
2026-03-03 22:43:00+00:00,DMU50_001,IDLE,nem termelő,,False,simple_waiting
2026-03-03 22:45:00+00:00,DMU50_001,RUN,termelő,,False,
2026-03-03 22:59:00+00:00,DMU50_001,MICRO_STOP,nem termelő,,False,
2026-03-03 23:01:00+00:00,DMU50_001,RUN,termelő,,False,
2026-03-03 23:15:00+00:00,DMU50_001,FAILURE,nem termelő és áll,E101,False,
2026-03-03 23:20:00+00:00,DMU50_001,IDLE,nem termelő,,False,simple_waiting
2026-03-03 23:23:00+00:00,DMU50_001,MICRO_STOP,nem termelő,,False,
2026-03-03 23:25:00+00:00,DMU50_001,RUN,termelő,,False,
2026-03-03 23:32:00+00:00,DMU50_001,IDLE,nem termelő,,False,simple_waiting
2026-03-03 23:36:00+00:00,DMU50_001,FAILURE,nem termelő és áll,E101,False,
2026-03-03 23:39:00+00:00,DMU50_001,RUN,termelő,,False,
2026-03-03 23:47:00+00:00,DMU50_001,IDLE,nem termelő,,False,simple_waiting
2026-03-03 23:51:00+00:00,DMU50_001,RUN,termelő,,False,
2026-03-04 00:05:00+00:00,DMU50_001,FAILURE,nem termelő és áll,E101,False,
2026-03-04 00:08:00+00:00,DMU50_001,RUN,termelő,,False,
2026-03-04 00:14:00+00:00,DMU50_001,IDLE,nem termelő,,False,simple_waiting
2026-03-04 00:17:00+00:00,DMU50_001,RUN,termelő,,False,
2026-03-04 00:29:00+00:00,DMU50_001,FAILURE,nem termelő és áll,E101,False,
2026-03-04 00:34:00+00:00,DMU50_001,RUN,termelő,,False,
2026-03-04 00:41:00+00:00,DMU50_001,IDLE,nem termelő,,False,simple_waiting
2026-03-04 00:43:00+00:00,DMU50_001,RUN,termelő,,False,
2026-03-04 00:50:00+00:00,DMU50_001,MICRO_STOP,nem termelő,,False,
2026-03-04 00:51:00+00:00,DMU50_001,RUN,termelő,,False,
2026-03-04 00:59:00+00:00,DMU50_001,IDLE,nem termelő,,False,simple_waiting
2026-03-04 01:01:00+00:00,DMU50_001,MICRO_STOP,nem termelő,,False,
2026-03-04 01:03:00+00:00,DMU50_001,FAILURE,nem termelő és áll,E101,False,
2026-03-04 01:07:00+00:00,DMU50_001,RUN,termelő,,False,
2026-03-04 01:18:00+00:00,DMU50_001,FAILURE,nem termelő és áll,E101,False,
2026-03-04 01:21:00+00:00,DMU50_001,RUN,termelő,,False,
2026-03-04 01:35:00+00:00,DMU50_001,IDLE,nem termelő,,False,simple_waiting
2026-03-04 01:39:00+00:00,DMU50_001,RUN,termelő,,False,
2026-03-04 01:48:00+00:00,DMU50_001,IDLE,nem termelő,,False,simple_waiting
2026-03-04 01:51:00+00:00,DMU50_001,FAILURE,nem termelő és áll,E101,False,
2026-03-04 01:55:00+00:00,DMU50_001,RUN,termelő,,False,
2026-03-04 02:08:00+00:00,DMU50_001,FAILURE,nem termelő és áll,E101,False,
2026-03-04 02:12:00+00:00,DMU50_001,RUN,termelő,,False,
2026-03-04 02:21:00+00:00,DMU50_001,IDLE,nem termelő,,False,simple_waiting
2026-03-04 02:24:00+00:00,DMU50_001,RUN,termelő,,False,
2026-03-04 02:33:00+00:00,DMU50_001,MICRO_STOP,nem termelő,,False,
2026-03-04 02:34:00+00:00,DMU50_001,RUN,termelő,,False,
2026-03-04 02:47:00+00:00,DMU50_001,FAILURE,nem termelő és áll,E101,False,
2026-03-04 02:51:00+00:00,DMU50_001,IDLE,nem termelő,,False,simple_waiting
2026-03-04 02:55:00+00:00,DMU50_001,RUN,termelő,,False,
2026-03-04 03:05:00+00:00,DMU50_001,IDLE,nem termelő,,False,simple_waiting
2026-03-04 03:07:00+00:00,DMU50_001,RUN,termelő,,False,
2026-03-04 03:13:00+00:00,DMU50_001,IDLE,nem termelő,,False,simple_waiting
2026-03-04 03:16:00+00:00,DMU50_001,RUN,termelő,,False,
2026-03-04 03:23:00+00:00,DMU50_001,FAILURE,nem termelő és áll,E101,False,
2026-03-04 03:28:00+00:00,DMU50_001,MICRO_STOP,nem termelő,,False,
2026-03-04 03:30:00+00:00,DMU50_001,IDLE,nem termelő,,False,simple_waiting
2026-03-04 03:33:00+00:00,DMU50_001,RUN,termelő,,False,
2026-03-04 03:47:00+00:00,DMU50_001,IDLE,nem termelő,,False,simple_waiting
2026-03-04 03:51:00+00:00,DMU50_001,MICRO_STOP,nem termelő,,False,
2026-03-04 03:53:00+00:00,DMU50_001,RUN,termelő,,False,
2026-03-04 04:01:00+00:00,DMU50_001,IDLE,nem termelő,,False,simple_waiting
2026-03-04 04:05:00+00:00,DMU50_001,RUN,termelő,,False,
2026-03-04 04:19:00+00:00,DMU50_001,MICRO_STOP,nem termelő,,False,
2026-03-04 04:20:00+00:00,DMU50_001,RUN,termelő,,False,
2026-03-04 04:32:00+00:00,DMU50_001,IDLE,nem termelő,,False,simple_waiting
2026-03-04 04:35:00+00:00,DMU50_001,MICRO_STOP,nem termelő,,False,
2026-03-04 04:37:00+00:00,DMU50_001,FAILURE,nem termelő és áll,E101,False,
2026-03-04 04:39:00+00:00,DMU50_001,RUN,termelő,,False,
2026-03-04 04:53:00+00:00,DMU50_001,MICRO_STOP,nem termelő,,False,
2026-03-04 04:55:00+00:00,DMU50_001,FAILURE,nem termelő és áll,E101,False,
2026-03-04 04:58:00+00:00,DMU50_001,RUN,termelő,,False,
2026-03-04 05:09:00+00:00,DMU50_001,IDLE,nem termelő,,False,simple_waiting
2026-03-04 05:12:00+00:00,DMU50_001,RUN,termelő,,False,
2026-03-04 05:22:00+00:00,DMU50_001,FAILURE,nem termelő és áll,E101,False,
2026-03-04 05:27:00+00:00,DMU50_001,IDLE,nem termelő,,False,simple_waiting
2026-03-04 05:31:00+00:00,DMU50_001,RUN,termelő,,False,
2026-03-04 05:39:00+00:00,DMU50_001,MICRO_STOP,nem termelő,,False,
2026-03-04 05:40:00+00:00,DMU50_001,IDLE,nem termelő,,False,simple_waiting
2026-03-04 05:43:00+00:00,DMU50_001,RUN,termelő,,False,
2026-03-04 05:53:00+00:00,DMU50_001,MICRO_STOP,nem termelő,,False,
2026-03-04 05:54:00+00:00,DMU50_001,RUN,termelő,,False,
2026-03-04 06:05:00+00:00,DMU50_001,IDLE,nem termelő,,False,simple_waiting
2026-03-04 06:08:00+00:00,DMU50_001,RUN,termelő,,False,
2026-03-04 06:21:00+00:00,DMU50_001,FAILURE,nem termelő és áll,E101,False,
2026-03-04 06:24:00+00:00,DMU50_001,RUN,termelő,,False,
2026-03-04 06:33:00+00:00,DMU50_001,IDLE,nem termelő,,False,simple_waiting
2026-03-04 06:37:00+00:00,DMU50_001,MICRO_STOP,nem termelő,,False,
2026-03-04 06:39:00+00:00,DMU50_001,RUN,termelő,,False,
2026-03-04 06:52:00+00:00,DMU50_001,IDLE,nem termelő,,False,simple_waiting
2026-03-04 06:56:00+00:00,DMU50_001,RUN,termelő,,False,
2026-03-04 07:04:00+00:00,DMU50_001,FAILURE,nem termelő és áll,E101,False,
2026-03-04 07:07:00+00:00,DMU50_001,MICRO_STOP,nem termelő,,False,
2026-03-04 07:09:00+00:00,DMU50_001,RUN,termelő,,False,
2026-03-04 07:15:00+00:00,DMU50_001,MICRO_STOP,nem termelő,,False,
2026-03-04 07:16:00+00:00,DMU50_001,RUN,termelő,,False,
2026-03-04 07:22:00+00:00,DMU50_001,IDLE,nem termelő,,False,simple_waiting
2026-03-04 07:26:00+00:00,DMU50_001,RUN,termelő,,False,
2026-03-04 07:40:00+00:00,DMU50_001,FAILURE,nem termelő és áll,E101,False,
2026-03-04 07:44:00+00:00,DMU50_001,RUN,termelő,,False,
2026-03-04 07:57:00+00:00,DMU50_001,FAILURE,nem termelő és áll,E101,False,
2026-03-04 07:59:00+00:00,DMU50_001,RUN,termelő,,False,
2026-03-04 08:05:00+00:00,DMU50_001,IDLE,nem termelő,,False,simple_waiting
2026-03-04 08:07:00+00:00,DMU50_001,RUN,termelő,,False,
2026-03-04 08:13:00+00:00,DMU50_001,MICRO_STOP,nem termelő,,False,
2026-03-04 08:15:00+00:00,DMU50_001,IDLE,nem termelő,,False,simple_waiting
2026-03-04 08:17:00+00:00,DMU50_001,RUN,termelő,,False,
2026-03-04 08:28:00+00:00,DMU50_001,MICRO_STOP,nem termelő,,False,
2026-03-04 08:29:00+00:00,DMU50_001,RUN,termelő,,False,
2026-03-04 08:39:00+00:00,DMU50_001,IDLE,nem termelő,,False,simple_waiting
2026-03-04 08:43:00+00:00,DMU50_001,RUN,termelő,,False,
2026-03-04 08:51:00+00:00,DMU50_001,IDLE,nem termelő,,False,simple_waiting
2026-03-04 08:55:00+00:00,DMU50_001,MICRO_STOP,nem termelő,,False,
2026-03-04 08:56:00+00:00,DMU50_001,IDLE,nem termelő,,False,simple_waiting
2026-03-04 09:00:00+00:00,DMU50_001,RUN,termelő,,False,
2026-03-04 09:06:00+00:00,DMU50_001,MICRO_STOP,nem termelő,,False,
2026-03-04 09:08:00+00:00,DMU50_001,RUN,termelő,,False,
2026-03-04 09:22:00+00:00,DMU50_001,MICRO_STOP,nem termelő,,False,
2026-03-04 09:23:00+00:00,DMU50_001,RUN,termelő,,False,
2026-03-04 09:34:00+00:00,DMU50_001,MICRO_STOP,nem termelő,,False,
2026-03-04 09:36:00+00:00,DMU50_001,RUN,termelő,,False,
2026-03-04 09:48:00+00:00,DMU50_001,MICRO_STOP,nem termelő,,False,
2026-03-04 09:50:00+00:00,DMU50_001,IDLE,nem termelő,,False,simple_waiting
2026-03-04 09:52:00+00:00,DMU50_001,RUN,termelő,,False,
2026-03-04 09:58:00+00:00,DMU50_001,MICRO_STOP,nem termelő,,False,
2026-03-04 10:00:00+00:00,DMU50_001,FAILURE,nem termelő és áll,E101,False,
2026-03-04 10:05:00+00:00,DMU50_001,RUN,termelő,,False,
2026-03-04 10:15:00+00:00,DMU50_001,MICRO_STOP,nem termelő,,False,
2026-03-04 10:17:00+00:00,DMU50_001,RUN,termelő,,False,
2026-03-04 10:29:00+00:00,DMU50_001,FAILURE,nem termelő és áll,E101,False,
2026-03-04 10:32:00+00:00,DMU50_001,RUN,termelő,,False,
2026-03-04 10:42:00+00:00,DMU50_001,FAILURE,nem termelő és áll,E101,False,
2026-03-04 10:46:00+00:00,DMU50_001,RUN,termelő,,False,
2026-03-04 10:56:00+00:00,DMU50_001,IDLE,nem termelő,,False,simple_waiting
2026-03-04 10:59:00+00:00,DMU50_001,RUN,termelő,,False,
2026-03-04 11:11:00+00:00,DMU50_001,FAILURE,nem termelő és áll,E101,False,
2026-03-04 11:16:00+00:00,DMU50_001,MICRO_STOP,nem termelő,,False,
2026-03-04 11:17:00+00:00,DMU50_001,RUN,termelő,,False,
2026-03-04 11:26:00+00:00,DMU50_001,IDLE,nem termelő,,False,simple_waiting
2026-03-04 11:29:00+00:00,DMU50_001,RUN,termelő,,False,
2026-03-04 11:37:00+00:00,DMU50_001,IDLE,nem termelő,,False,simple_waiting
2026-03-04 11:41:00+00:00,DMU50_001,FAILURE,nem termelő és áll,E101,False,
2026-03-04 11:46:00+00:00,DMU50_001,RUN,termelő,,False,
2026-03-04 11:54:00+00:00,DMU50_001,FAILURE,nem termelő és áll,E101,False,
2026-03-04 11:56:00+00:00,DMU50_001,RUN,termelő,,False,
2026-03-04 12:10:00+00:00,DMU50_001,MICRO_STOP,nem termelő,,False,
2026-03-04 12:12:00+00:00,DMU50_001,FAILURE,nem termelő és áll,E101,False,
2026-03-04 12:17:00+00:00,DMU50_001,RUN,termelő,,False,
2026-03-04 12:26:00+00:00,DMU50_001,IDLE,nem termelő,,False,simple_waiting
2026-03-04 12:29:00+00:00,DMU50_001,RUN,termelő,,False,
2026-03-04 12:43:00+00:00,DMU50_001,FAILURE,nem termelő és áll,E101,False,
2026-03-04 12:46:00+00:00,DMU50_001,IDLE,nem termelő,,False,simple_waiting
2026-03-04 12:50:00+00:00,DMU50_001,RUN,termelő,,False,
2026-03-04 12:58:00+00:00,DMU50_001,MICRO_STOP,nem termelő,,False,
2026-03-04 12:59:00+00:00,DMU50_001,RUN,termelő,,False,
2026-03-04 13:08:00+00:00,DMU50_001,IDLE,nem termelő,,False,simple_waiting
2026-03-04 13:12:00+00:00,DMU50_001,RUN,termelő,,False,
2026-03-04 13:22:00+00:00,DMU50_001,IDLE,nem termelő,,False,simple_waiting
2026-03-04 13:26:00+00:00,DMU50_001,RUN,termelő,,False,
2026-03-04 13:36:00+00:00,DMU50_001,MICRO_STOP,nem termelő,,False,
2026-03-04 13:38:00+00:00,DMU50_001,RUN,termelő,,False,
2026-03-04 13:46:00+00:00,DMU50_001,IDLE,nem termelő,,False,simple_waiting
2026-03-04 13:48:00+00:00,DMU50_001,MICRO_STOP,nem termelő,,False,
2026-03-04 13:49:00+00:00,DMU50_001,RUN,termelő,,False,
2026-03-04 14:01:00+00:00,DMU50_001,IDLE,nem termelő,,False,simple_waiting
2026-03-04 14:04:00+00:00,DMU50_001,RUN,termelő,,False,
2026-03-04 14:14:00+00:00,DMU50_001,FAILURE,nem termelő és áll,E101,False,
2026-03-04 14:16:00+00:00,DMU50_001,RUN,termelő,,False,
2026-03-04 14:28:00+00:00,DMU50_001,MICRO_STOP,nem termelő,,False,
2026-03-04 14:29:00+00:00,DMU50_001,RUN,termelő,,False,
2026-03-04 14:43:00+00:00,DMU50_001,MICRO_STOP,nem termelő,,False,
2026-03-04 14:45:00+00:00,DMU50_001,RUN,termelő,,False,
2026-03-04 14:53:00+00:00,DMU50_001,MICRO_STOP,nem termelő,,False,
2026-03-04 14:54:00+00:00,DMU50_001,IDLE,nem termelő,,False,simple_waiting
2026-03-04 14:57:00+00:00,DMU50_001,MICRO_STOP,nem termelő,,False,
2026-03-04 14:59:00+00:00,DMU50_001,RUN,termelő,,False,
2026-03-04 15:12:00+00:00,DMU50_001,MICRO_STOP,nem termelő,,False,
2026-03-04 15:13:00+00:00,DMU50_001,RUN,termelő,,False,
2026-03-04 15:20:00+00:00,DMU50_001,IDLE,nem termelő,,False,simple_waiting
2026-03-04 15:22:00+00:00,DMU50_001,FAILURE,nem termelő és áll,E101,False,
2026-03-04 15:25:00+00:00,DMU50_001,RUN,termelő,,False,
2026-03-04 15:32:00+00:00,DMU50_001,FAILURE,nem termelő és áll,E101,False,
2026-03-04 15:36:00+00:00,DMU50_001,RUN,termelő,,False,
2026-03-04 15:50:00+00:00,DMU50_001,IDLE,nem termelő,,False,simple_waiting
2026-03-04 15:54:00+00:00,DMU50_001,FAILURE,nem termelő és áll,E101,False,
2026-03-04 15:59:00+00:00,DMU50_001,RUN,termelő,,False,
2026-03-04 16:12:00+00:00,DMU50_001,IDLE,nem termelő,,False,simple_waiting
2026-03-04 16:14:00+00:00,DMU50_001,MICRO_STOP,nem termelő,,False,
2026-03-04 16:16:00+00:00,DMU50_001,RUN,termelő,,False,
2026-03-04 16:27:00+00:00,DMU50_001,MICRO_STOP,nem termelő,,False,
2026-03-04 16:29:00+00:00,DMU50_001,IDLE,nem termelő,,False,simple_waiting
2026-03-04 16:31:00+00:00,DMU50_001,RUN,termelő,,False,
2026-03-04 16:43:00+00:00,DMU50_001,FAILURE,nem termelő és áll,E101,False,
2026-03-04 16:47:00+00:00,DMU50_001,MICRO_STOP,nem termelő,,False,
2026-03-04 16:48:00+00:00,DMU50_001,RUN,termelő,,False,
2026-03-04 16:57:00+00:00,DMU50_001,FAILURE,nem termelő és áll,E101,False,
2026-03-04 17:01:00+00:00,DMU50_001,RUN,termelő,,False,
2026-03-04 17:13:00+00:00,DMU50_001,IDLE,nem termelő,,False,simple_waiting
2026-03-04 17:16:00+00:00,DMU50_001,RUN,termelő,,False,
2026-03-04 17:25:00+00:00,DMU50_001,MICRO_STOP,nem termelő,,False,
2026-03-04 17:26:00+00:00,DMU50_001,RUN,termelő,,False,
2026-03-04 17:40:00+00:00,DMU50_001,MICRO_STOP,nem termelő,,False,
2026-03-04 17:42:00+00:00,DMU50_001,RUN,termelő,,False,
2026-03-04 17:56:00+00:00,DMU50_001,MICRO_STOP,nem termelő,,False,
2026-03-04 17:58:00+00:00,DMU50_001,RUN,termelő,,False,
2026-03-04 18:07:00+00:00,DMU50_001,IDLE,nem termelő,,False,simple_waiting
2026-03-04 18:09:00+00:00,DMU50_001,RUN,termelő,,False,
2026-03-04 18:17:00+00:00,DMU50_001,IDLE,nem termelő,,False,simple_waiting
2026-03-04 18:21:00+00:00,DMU50_001,RUN,termelő,,False,
2026-03-04 18:31:00+00:00,DMU50_001,FAILURE,nem termelő és áll,E101,False,
2026-03-04 18:34:00+00:00,DMU50_001,RUN,termelő,,False,
2026-03-04 18:45:00+00:00,DMU50_001,IDLE,nem termelő,,False,simple_waiting
2026-03-04 18:49:00+00:00,DMU50_001,RUN,termelő,,False,
2026-03-04 18:59:00+00:00,DMU50_001,MICRO_STOP,nem termelő,,False,
2026-03-04 19:00:00+00:00,DMU50_001,RUN,termelő,,False,
2026-03-04 19:06:00+00:00,DMU50_001,MICRO_STOP,nem termelő,,False,
2026-03-04 19:07:00+00:00,DMU50_001,RUN,termelő,,False,
2026-03-04 19:16:00+00:00,DMU50_001,IDLE,nem termelő,,False,simple_waiting
2026-03-04 19:18:00+00:00,DMU50_001,RUN,termelő,,False,
2026-03-04 19:27:00+00:00,DMU50_001,IDLE,nem termelő,,False,simple_waiting
2026-03-04 19:31:00+00:00,DMU50_001,RUN,termelő,,False,
2026-03-04 19:45:00+00:00,DMU50_001,MICRO_STOP,nem termelő,,False,
2026-03-04 19:46:00+00:00,DMU50_001,RUN,termelő,,False,
2026-03-04 19:58:00+00:00,DMU50_001,IDLE,nem termelő,,False,simple_waiting
2026-03-04 20:01:00+00:00,DMU50_001,FAILURE,nem termelő és áll,E101,False,
2026-03-04 20:05:00+00:00,DMU50_001,RUN,termelő,,False,
2026-03-04 20:14:00+00:00,DMU50_001,FAILURE,nem termelő és áll,E101,False,
2026-03-04 20:17:00+00:00,DMU50_001,RUN,termelő,,False,
2026-03-04 20:23:00+00:00,DMU50_001,IDLE,nem termelő,,False,simple_waiting
2026-03-04 20:26:00+00:00,DMU50_001,RUN,termelő,,False,
2026-03-04 20:32:00+00:00,DMU50_001,FAILURE,nem termelő és áll,E101,False,
2026-03-04 20:35:00+00:00,DMU50_001,RUN,termelő,,False,
2026-03-04 20:41:00+00:00,DMU50_001,FAILURE,nem termelő és áll,E101,False,
2026-03-04 20:43:00+00:00,DMU50_001,RUN,termelő,,False,
2026-03-04 20:56:00+00:00,DMU50_001,FAILURE,nem termelő és áll,E101,False,
2026-03-04 21:00:00+00:00,DMU50_001,RUN,termelő,,False,
2026-03-04 21:14:00+00:00,DMU50_001,IDLE,nem termelő,,False,simple_waiting
2026-03-04 21:18:00+00:00,DMU50_001,RUN,termelő,,False,
2026-03-04 21:25:00+00:00,DMU50_001,IDLE,nem termelő,,False,simple_waiting
2026-03-04 21:27:00+00:00,DMU50_001,RUN,termelő,,False,
2026-03-04 21:35:00+00:00,DMU50_001,FAILURE,nem termelő és áll,E101,False,
2026-03-04 21:39:00+00:00,DMU50_001,RUN,termelő,,False,
2026-03-04 21:51:00+00:00,DMU50_001,MICRO_STOP,nem termelő,,False,
2026-03-04 21:52:00+00:00,DMU50_001,RUN,termelő,,False,
2026-03-04 22:02:00+00:00,DMU50_001,MICRO_STOP,nem termelő,,False,
2026-03-04 22:04:00+00:00,DMU50_001,RUN,termelő,,False,
2026-03-04 22:15:00+00:00,DMU50_001,IDLE,nem termelő,,False,simple_waiting
2026-03-04 22:18:00+00:00,DMU50_001,RUN,termelő,,False,
2026-03-04 22:26:00+00:00,DMU50_001,FAILURE,nem termelő és áll,E101,False,
2026-03-04 22:28:00+00:00,DMU50_001,RUN,termelő,,False,
2026-03-04 22:40:00+00:00,DMU50_001,MICRO_STOP,nem termelő,,False,
2026-03-04 22:41:00+00:00,DMU50_001,RUN,termelő,,False,
2026-03-04 22:49:00+00:00,DMU50_001,FAILURE,nem termelő és áll,E101,False,
2026-03-04 22:54:00+00:00,DMU50_001,MICRO_STOP,nem termelő,,False,
2026-03-04 22:55:00+00:00,DMU50_001,FAILURE,nem termelő és áll,E101,False,
2026-03-04 22:59:00+00:00,DMU50_001,RUN,termelő,,False,
2026-03-04 23:09:00+00:00,DMU50_001,MICRO_STOP,nem termelő,,False,
2026-03-04 23:10:00+00:00,DMU50_001,RUN,termelő,,False,
2026-03-04 23:16:00+00:00,DMU50_001,RUN,termelő,,False,
2026-03-04 23:30:00+00:00,DMU50_001,IDLE,nem termelő,,False,simple_waiting
2026-03-04 23:33:00+00:00,DMU50_001,FAILURE,nem termelő és áll,E101,False,
2026-03-04 23:38:00+00:00,DMU50_001,RUN,termelő,,False,
2026-03-04 23:51:00+00:00,DMU50_001,IDLE,nem termelő,,False,simple_waiting
2026-03-04 23:54:00+00:00,DMU50_001,RUN,termelő,,False,
2026-03-05 00:01:00+00:00,DMU50_001,IDLE,nem termelő,,False,simple_waiting
2026-03-05 00:05:00+00:00,DMU50_001,RUN,termelő,,False,
2026-03-05 00:11:00+00:00,DMU50_001,FAILURE,nem termelő és áll,E101,False,
2026-03-05 00:16:00+00:00,DMU50_001,IDLE,nem termelő,,False,simple_waiting
2026-03-05 00:18:00+00:00,DMU50_001,MICRO_STOP,nem termelő,,False,
2026-03-05 00:19:00+00:00,DMU50_001,RUN,termelő,,False,
2026-03-05 00:31:00+00:00,DMU50_001,IDLE,nem termelő,,False,simple_waiting
2026-03-05 00:35:00+00:00,DMU50_001,MICRO_STOP,nem termelő,,False,
2026-03-05 00:37:00+00:00,DMU50_001,RUN,termelő,,False,
2026-03-05 00:50:00+00:00,DMU50_001,IDLE,nem termelő,,False,simple_waiting
2026-03-05 00:52:00+00:00,DMU50_001,RUN,termelő,,False,
2026-03-05 01:00:00+00:00,DMU50_001,IDLE,nem termelő,,False,simple_waiting
2026-03-05 01:04:00+00:00,DMU50_001,FAILURE,nem termelő és áll,E101,False,
2026-03-05 01:07:00+00:00,DMU50_001,IDLE,nem termelő,,False,simple_waiting
2026-03-05 01:10:00+00:00,DMU50_001,RUN,termelő,,False,
2026-03-05 01:24:00+00:00,DMU50_001,IDLE,nem termelő,,False,simple_waiting
2026-03-05 01:26:00+00:00,DMU50_001,RUN,termelő,,False,
2026-03-05 01:37:00+00:00,DMU50_001,FAILURE,nem termelő és áll,E101,False,
2026-03-05 01:42:00+00:00,DMU50_001,RUN,termelő,,False,
2026-03-05 01:49:00+00:00,DMU50_001,MICRO_STOP,nem termelő,,False,
2026-03-05 01:50:00+00:00,DMU50_001,RUN,termelő,,False,
2026-03-05 01:56:00+00:00,DMU50_001,IDLE,nem termelő,,False,simple_waiting
2026-03-05 01:58:00+00:00,DMU50_001,RUN,termelő,,False,
2026-03-05 02:04:00+00:00,DMU50_001,MICRO_STOP,nem termelő,,False,
2026-03-05 02:05:00+00:00,DMU50_001,FAILURE,nem termelő és áll,E101,False,
2026-03-05 02:07:00+00:00,DMU50_001,IDLE,nem termelő,,False,simple_waiting
2026-03-05 02:09:00+00:00,DMU50_001,RUN,termelő,,False,
2026-03-05 02:16:00+00:00,DMU50_001,MICRO_STOP,nem termelő,,False,
2026-03-05 02:17:00+00:00,DMU50_001,RUN,termelő,,False,
2026-03-05 02:26:00+00:00,DMU50_001,FAILURE,nem termelő és áll,E101,False,
2026-03-05 02:31:00+00:00,DMU50_001,IDLE,nem termelő,,False,simple_waiting
2026-03-05 02:34:00+00:00,DMU50_001,RUN,termelő,,False,
2026-03-05 02:46:00+00:00,DMU50_001,FAILURE,nem termelő és áll,E101,False,
2026-03-05 02:51:00+00:00,DMU50_001,RUN,termelő,,False,
2026-03-05 02:59:00+00:00,DMU50_001,IDLE,nem termelő,,False,simple_waiting
2026-03-05 03:02:00+00:00,DMU50_001,RUN,termelő,,False,
2026-03-05 03:12:00+00:00,DMU50_001,MICRO_STOP,nem termelő,,False,
2026-03-05 03:14:00+00:00,DMU50_001,RUN,termelő,,False,
2026-03-05 03:25:00+00:00,DMU50_001,FAILURE,nem termelő és áll,E101,False,
2026-03-05 03:29:00+00:00,DMU50_001,MICRO_STOP,nem termelő,,False,
2026-03-05 03:30:00+00:00,DMU50_001,RUN,termelő,,False,
2026-03-05 03:43:00+00:00,DMU50_001,MICRO_STOP,nem termelő,,False,
2026-03-05 03:44:00+00:00,DMU50_001,RUN,termelő,,False,
2026-03-05 03:53:00+00:00,DMU50_001,IDLE,nem termelő,,False,simple_waiting
2026-03-05 03:55:00+00:00,DMU50_001,RUN,termelő,,False,
2026-03-05 04:04:00+00:00,DMU50_001,FAILURE,nem termelő és áll,E101,False,
2026-03-05 04:07:00+00:00,DMU50_001,IDLE,nem termelő,,False,simple_waiting
2026-03-05 04:10:00+00:00,DMU50_001,RUN,termelő,,False,
2026-03-05 04:22:00+00:00,DMU50_001,MICRO_STOP,nem termelő,,False,
2026-03-05 04:23:00+00:00,DMU50_001,FAILURE,nem termelő és áll,E101,False,
2026-03-05 04:28:00+00:00,DMU50_001,RUN,termelő,,False,
2026-03-05 04:38:00+00:00,DMU50_001,IDLE,nem termelő,,False,simple_waiting
2026-03-05 04:40:00+00:00,DMU50_001,MICRO_STOP,nem termelő,,False,
2026-03-05 04:42:00+00:00,DMU50_001,IDLE,nem termelő,,False,simple_waiting
2026-03-05 04:45:00+00:00,DMU50_001,MICRO_STOP,nem termelő,,False,
2026-03-05 04:47:00+00:00,DMU50_001,IDLE,nem termelő,,False,simple_waiting
2026-03-05 04:50:00+00:00,DMU50_001,RUN,termelő,,False,
2026-03-05 05:03:00+00:00,DMU50_001,IDLE,nem termelő,,False,simple_waiting
2026-03-05 05:07:00+00:00,DMU50_001,RUN,termelő,,False,
2026-03-05 05:18:00+00:00,DMU50_001,MICRO_STOP,nem termelő,,False,
2026-03-05 05:19:00+00:00,DMU50_001,RUN,termelő,,False,
2026-03-05 05:26:00+00:00,DMU50_001,IDLE,nem termelő,,False,simple_waiting
2026-03-05 05:30:00+00:00,DMU50_001,RUN,termelő,,False,
2026-03-05 05:42:00+00:00,DMU50_001,FAILURE,nem termelő és áll,E101,False,
2026-03-05 05:44:00+00:00,DMU50_001,MICRO_STOP,nem termelő,,False,
2026-03-05 05:46:00+00:00,DMU50_001,RUN,termelő,,False,
2026-03-05 05:57:00+00:00,DMU50_001,MICRO_STOP,nem termelő,,False,
2026-03-05 05:58:00+00:00,DMU50_001,RUN,termelő,,False,
2026-03-05 06:12:00+00:00,DMU50_001,MICRO_STOP,nem termelő,,False,
2026-03-05 06:13:00+00:00,DMU50_001,FAILURE,nem termelő és áll,E101,False,
2026-03-05 06:16:00+00:00,DMU50_001,RUN,termelő,,False,
2026-03-05 06:28:00+00:00,DMU50_001,IDLE,nem termelő,,False,simple_waiting
2026-03-05 06:31:00+00:00,DMU50_001,RUN,termelő,,False,
2026-03-05 06:45:00+00:00,DMU50_001,IDLE,nem termelő,,False,simple_waiting
2026-03-05 06:49:00+00:00,DMU50_001,FAILURE,nem termelő és áll,E101,False,
2026-03-05 06:52:00+00:00,DMU50_001,RUN,termelő,,False,
2026-03-05 07:06:00+00:00,DMU50_001,FAILURE,nem termelő és áll,E101,False,
2026-03-05 07:08:00+00:00,DMU50_001,RUN,termelő,,False,
2026-03-05 07:15:00+00:00,DMU50_001,IDLE,nem termelő,,False,simple_waiting
2026-03-05 07:17:00+00:00,DMU50_001,RUN,termelő,,False,
2026-03-05 07:29:00+00:00,DMU50_001,MICRO_STOP,nem termelő,,False,
2026-03-05 07:30:00+00:00,DMU50_001,IDLE,nem termelő,,False,simple_waiting
2026-03-05 07:34:00+00:00,DMU50_001,RUN,termelő,,False,
2026-03-05 07:43:00+00:00,DMU50_001,MICRO_STOP,nem termelő,,False,
2026-03-05 07:45:00+00:00,DMU50_001,RUN,termelő,,False,
2026-03-05 07:53:00+00:00,DMU50_001,IDLE,nem termelő,,False,simple_waiting
2026-03-05 07:57:00+00:00,DMU50_001,RUN,termelő,,False,
2026-03-05 08:10:00+00:00,DMU50_001,IDLE,nem termelő,,False,simple_waiting
2026-03-05 08:14:00+00:00,DMU50_001,RUN,termelő,,False,
2026-03-05 08:22:00+00:00,DMU50_001,IDLE,nem termelő,,False,simple_waiting
2026-03-05 08:26:00+00:00,DMU50_001,RUN,termelő,,False,
2026-03-05 08:36:00+00:00,DMU50_001,FAILURE,nem termelő és áll,E101,False,
2026-03-05 08:39:00+00:00,DMU50_001,IDLE,nem termelő,,False,simple_waiting
2026-03-05 08:41:00+00:00,DMU50_001,RUN,termelő,,False,
2026-03-05 08:49:00+00:00,DMU50_001,IDLE,nem termelő,,False,simple_waiting
2026-03-05 08:52:00+00:00,DMU50_001,MICRO_STOP,nem termelő,,False,
2026-03-05 08:54:00+00:00,DMU50_001,RUN,termelő,,False,
2026-03-05 09:06:00+00:00,DMU50_001,IDLE,nem termelő,,False,simple_waiting
2026-03-05 09:08:00+00:00,DMU50_001,RUN,termelő,,False,
2026-03-05 09:19:00+00:00,DMU50_001,MICRO_STOP,nem termelő,,False,
2026-03-05 09:21:00+00:00,DMU50_001,RUN,termelő,,False,
2026-03-05 09:34:00+00:00,DMU50_001,IDLE,nem termelő,,False,simple_waiting
2026-03-05 09:36:00+00:00,DMU50_001,RUN,termelő,,False,
2026-03-05 09:50:00+00:00,DMU50_001,MICRO_STOP,nem termelő,,False,
2026-03-05 09:51:00+00:00,DMU50_001,RUN,termelő,,False,
2026-03-05 09:57:00+00:00,DMU50_001,IDLE,nem termelő,,False,simple_waiting
2026-03-05 10:01:00+00:00,DMU50_001,RUN,termelő,,False,
2026-03-05 10:10:00+00:00,DMU50_001,FAILURE,nem termelő és áll,E101,False,
2026-03-05 10:15:00+00:00,DMU50_001,RUN,termelő,,False,
2026-03-05 10:23:00+00:00,DMU50_001,IDLE,nem termelő,,False,simple_waiting
2026-03-05 10:27:00+00:00,DMU50_001,RUN,termelő,,False,
2026-03-05 10:39:00+00:00,DMU50_001,FAILURE,nem termelő és áll,E101,False,
2026-03-05 10:43:00+00:00,DMU50_001,RUN,termelő,,False,
2026-03-05 10:55:00+00:00,DMU50_001,FAILURE,nem termelő és áll,E101,False,
2026-03-05 11:00:00+00:00,DMU50_001,RUN,termelő,,False,
2026-03-05 11:07:00+00:00,DMU50_001,IDLE,nem termelő,,False,simple_waiting
2026-03-05 11:11:00+00:00,DMU50_001,FAILURE,nem termelő és áll,E101,False,
2026-03-05 11:13:00+00:00,DMU50_001,MICRO_STOP,nem termelő,,False,
2026-03-05 11:14:00+00:00,DMU50_001,IDLE,nem termelő,,False,simple_waiting
2026-03-05 11:16:00+00:00,DMU50_001,MICRO_STOP,nem termelő,,False,
2026-03-05 11:18:00+00:00,DMU50_001,RUN,termelő,,False,
2026-03-05 11:29:00+00:00,DMU50_001,MICRO_STOP,nem termelő,,False,
2026-03-05 11:30:00+00:00,DMU50_001,RUN,termelő,,False,
2026-03-05 11:44:00+00:00,DMU50_001,MICRO_STOP,nem termelő,,False,
2026-03-05 11:45:00+00:00,DMU50_001,IDLE,nem termelő,,False,simple_waiting
2026-03-05 11:48:00+00:00,DMU50_001,FAILURE,nem termelő és áll,E101,False,
2026-03-05 11:51:00+00:00,DMU50_001,RUN,termelő,,False,
2026-03-05 11:58:00+00:00,DMU50_001,MICRO_STOP,nem termelő,,False,
2026-03-05 12:00:00+00:00,DMU50_001,IDLE,nem termelő,,False,simple_waiting
2026-03-05 12:04:00+00:00,DMU50_001,MICRO_STOP,nem termelő,,False,
2026-03-05 12:06:00+00:00,DMU50_001,RUN,termelő,,False,
2026-03-05 12:16:00+00:00,DMU50_001,IDLE,nem termelő,,False,simple_waiting
2026-03-05 12:19:00+00:00,DMU50_001,RUN,termelő,,False,
2026-03-05 12:31:00+00:00,DMU50_001,MICRO_STOP,nem termelő,,False,
2026-03-05 12:33:00+00:00,DMU50_001,RUN,termelő,,False,
2026-03-05 12:46:00+00:00,DMU50_001,IDLE,nem termelő,,False,simple_waiting
2026-03-05 12:48:00+00:00,DMU50_001,RUN,termelő,,False,
2026-03-05 13:00:00+00:00,DMU50_001,FAILURE,nem termelő és áll,E101,False,
2026-03-05 13:03:00+00:00,DMU50_001,RUN,termelő,,False,
2026-03-05 13:13:00+00:00,DMU50_001,IDLE,nem termelő,,False,simple_waiting
2026-03-05 13:17:00+00:00,DMU50_001,RUN,termelő,,False,
2026-03-05 13:26:00+00:00,DMU50_001,MICRO_STOP,nem termelő,,False,
2026-03-05 13:28:00+00:00,DMU50_001,RUN,termelő,,False,
2026-03-05 13:42:00+00:00,DMU50_001,FAILURE,nem termelő és áll,E101,False,
2026-03-05 13:47:00+00:00,DMU50_001,RUN,termelő,,False,
2026-03-05 14:00:00+00:00,DMU50_001,IDLE,nem termelő,,False,simple_waiting
2026-03-05 14:04:00+00:00,DMU50_001,RUN,termelő,,False,
2026-03-05 14:14:00+00:00,DMU50_001,MICRO_STOP,nem termelő,,False,
2026-03-05 14:16:00+00:00,DMU50_001,IDLE,nem termelő,,False,simple_waiting
2026-03-05 14:20:00+00:00,DMU50_001,RUN,termelő,,False,
2026-03-05 14:33:00+00:00,DMU50_001,FAILURE,nem termelő és áll,E101,False,
2026-03-05 14:35:00+00:00,DMU50_001,RUN,termelő,,False,
2026-03-05 14:48:00+00:00,DMU50_001,IDLE,nem termelő,,False,simple_waiting
2026-03-05 14:51:00+00:00,DMU50_001,RUN,termelő,,False,
2026-03-05 14:57:00+00:00,DMU50_001,MICRO_STOP,nem termelő,,False,
2026-03-05 14:58:00+00:00,DMU50_001,FAILURE,nem termelő és áll,E101,False,
2026-03-05 15:01:00+00:00,DMU50_001,IDLE,nem termelő,,False,simple_waiting
2026-03-05 15:03:00+00:00,DMU50_001,MICRO_STOP,nem termelő,,False,
2026-03-05 15:05:00+00:00,DMU50_001,RUN,termelő,,False,
2026-03-05 15:16:00+00:00,DMU50_001,FAILURE,nem termelő és áll,E101,False,
2026-03-05 15:21:00+00:00,DMU50_001,IDLE,nem termelő,,False,simple_waiting
2026-03-05 15:24:00+00:00,DMU50_001,RUN,termelő,,False,
2026-03-05 15:32:00+00:00,DMU50_001,FAILURE,nem termelő és áll,E101,False,
2026-03-05 15:34:00+00:00,DMU50_001,RUN,termelő,,False,
2026-03-05 15:45:00+00:00,DMU50_001,MICRO_STOP,nem termelő,,False,
2026-03-05 15:46:00+00:00,DMU50_001,FAILURE,nem termelő és áll,E101,False,
2026-03-05 15:49:00+00:00,DMU50_001,MICRO_STOP,nem termelő,,False,
2026-03-05 15:50:00+00:00,DMU50_001,RUN,termelő,,False,
2026-03-05 15:58:00+00:00,DMU50_001,MICRO_STOP,nem termelő,,False,
2026-03-05 15:59:00+00:00,DMU50_001,RUN,termelő,,False,
2026-03-05 16:11:00+00:00,DMU50_001,MICRO_STOP,nem termelő,,False,
2026-03-05 16:13:00+00:00,DMU50_001,FAILURE,nem termelő és áll,E101,False,
2026-03-05 16:16:00+00:00,DMU50_001,RUN,termelő,,False,
2026-03-05 16:22:00+00:00,DMU50_001,IDLE,nem termelő,,False,simple_waiting
2026-03-05 16:25:00+00:00,DMU50_001,RUN,termelő,,False,
2026-03-05 16:38:00+00:00,DMU50_001,MICRO_STOP,nem termelő,,False,
2026-03-05 16:39:00+00:00,DMU50_001,IDLE,nem termelő,,False,simple_waiting
2026-03-05 16:43:00+00:00,DMU50_001,RUN,termelő,,False,
2026-03-05 16:50:00+00:00,DMU50_001,IDLE,nem termelő,,False,simple_waiting
2026-03-05 16:54:00+00:00,DMU50_001,RUN,termelő,,False,
2026-03-05 17:06:00+00:00,DMU50_001,IDLE,nem termelő,,False,simple_waiting
2026-03-05 17:08:00+00:00,DMU50_001,MICRO_STOP,nem termelő,,False,
2026-03-05 17:10:00+00:00,DMU50_001,RUN,termelő,,False,
2026-03-05 17:17:00+00:00,DMU50_001,FAILURE,nem termelő és áll,E101,False,
2026-03-05 17:20:00+00:00,DMU50_001,RUN,termelő,,False,
2026-03-05 17:26:00+00:00,DMU50_001,FAILURE,nem termelő és áll,E101,False,
2026-03-05 17:30:00+00:00,DMU50_001,RUN,termelő,,False,
2026-03-05 17:44:00+00:00,DMU50_001,MICRO_STOP,nem termelő,,False,
2026-03-05 17:46:00+00:00,DMU50_001,IDLE,nem termelő,,False,simple_waiting
2026-03-05 17:49:00+00:00,DMU50_001,RUN,termelő,,False,
2026-03-05 17:55:00+00:00,DMU50_001,MICRO_STOP,nem termelő,,False,
2026-03-05 17:56:00+00:00,DMU50_001,RUN,termelő,,False,
2026-03-05 18:09:00+00:00,DMU50_001,IDLE,nem termelő,,False,simple_waiting
2026-03-05 18:12:00+00:00,DMU50_001,RUN,termelő,,False,
2026-03-05 18:20:00+00:00,DMU50_001,IDLE,nem termelő,,False,simple_waiting
2026-03-05 18:24:00+00:00,DMU50_001,FAILURE,nem termelő és áll,E101,False,
2026-03-05 18:27:00+00:00,DMU50_001,RUN,termelő,,False,
2026-03-05 18:40:00+00:00,DMU50_001,FAILURE,nem termelő és áll,E101,False,
2026-03-05 18:45:00+00:00,DMU50_001,RUN,termelő,,False,
2026-03-05 18:56:00+00:00,DMU50_001,IDLE,nem termelő,,False,simple_waiting
2026-03-05 18:59:00+00:00,DMU50_001,RUN,termelő,,False,
2026-03-05 19:10:00+00:00,DMU50_001,IDLE,nem termelő,,False,simple_waiting
2026-03-05 19:13:00+00:00,DMU50_001,MICRO_STOP,nem termelő,,False,
2026-03-05 19:14:00+00:00,DMU50_001,IDLE,nem termelő,,False,simple_waiting
2026-03-05 19:18:00+00:00,DMU50_001,RUN,termelő,,False,
2026-03-05 19:29:00+00:00,DMU50_001,IDLE,nem termelő,,False,simple_waiting
2026-03-05 19:32:00+00:00,DMU50_001,MICRO_STOP,nem termelő,,False,
2026-03-05 19:34:00+00:00,DMU50_001,IDLE,nem termelő,,False,simple_waiting
2026-03-05 19:36:00+00:00,DMU50_001,RUN,termelő,,False,
2026-03-05 19:50:00+00:00,DMU50_001,IDLE,nem termelő,,False,simple_waiting
2026-03-05 19:53:00+00:00,DMU50_001,RUN,termelő,,False,
2026-03-05 20:05:00+00:00,DMU50_001,FAILURE,nem termelő és áll,E101,False,
2026-03-05 20:07:00+00:00,DMU50_001,RUN,termelő,,False,
2026-03-05 20:16:00+00:00,DMU50_001,IDLE,nem termelő,,False,simple_waiting
2026-03-05 20:20:00+00:00,DMU50_001,RUN,termelő,,False,
2026-03-05 20:29:00+00:00,DMU50_001,IDLE,nem termelő,,False,simple_waiting
2026-03-05 20:32:00+00:00,DMU50_001,RUN,termelő,,False,
2026-03-05 20:46:00+00:00,DMU50_001,MICRO_STOP,nem termelő,,False,
2026-03-05 20:48:00+00:00,DMU50_001,RUN,termelő,,False,
2026-03-05 20:58:00+00:00,DMU50_001,IDLE,nem termelő,,False,simple_waiting
2026-03-05 21:02:00+00:00,DMU50_001,RUN,termelő,,False,
2026-03-05 21:14:00+00:00,DMU50_001,IDLE,nem termelő,,False,simple_waiting
2026-03-05 21:17:00+00:00,DMU50_001,RUN,termelő,,False,
2026-03-05 21:30:00+00:00,DMU50_001,MICRO_STOP,nem termelő,,False,
2026-03-05 21:31:00+00:00,DMU50_001,RUN,termelő,,False,
2026-03-05 21:39:00+00:00,DMU50_001,FAILURE,nem termelő és áll,E101,False,
2026-03-05 21:42:00+00:00,DMU50_001,IDLE,nem termelő,,False,simple_waiting
2026-03-05 21:45:00+00:00,DMU50_001,FAILURE,nem termelő és áll,E101,False,
2026-03-05 21:48:00+00:00,DMU50_001,RUN,termelő,,False,
2026-03-05 22:01:00+00:00,DMU50_001,IDLE,nem termelő,,False,simple_waiting
2026-03-05 22:04:00+00:00,DMU50_001,RUN,termelő,,False,
2026-03-05 22:10:00+00:00,DMU50_001,IDLE,nem termelő,,False,simple_waiting
2026-03-05 22:14:00+00:00,DMU50_001,RUN,termelő,,False,
2026-03-05 22:26:00+00:00,DMU50_001,IDLE,nem termelő,,False,simple_waiting
2026-03-05 22:29:00+00:00,DMU50_001,RUN,termelő,,False,
2026-03-05 22:41:00+00:00,DMU50_001,IDLE,nem termelő,,False,simple_waiting
2026-03-05 22:43:00+00:00,DMU50_001,RUN,termelő,,False,
2026-03-05 22:51:00+00:00,DMU50_001,MICRO_STOP,nem termelő,,False,
2026-03-05 22:53:00+00:00,DMU50_001,RUN,termelő,,False,
2026-03-05 23:07:00+00:00,DMU50_001,IDLE,nem termelő,,False,simple_waiting
2026-03-05 23:11:00+00:00,DMU50_001,RUN,termelő,,False,
2026-03-05 23:19:00+00:00,DMU50_001,FAILURE,nem termelő és áll,E101,False,
2026-03-05 23:22:00+00:00,DMU50_001,RUN,termelő,,False,
2026-03-05 23:28:00+00:00,DMU50_001,IDLE,nem termelő,,False,simple_waiting
2026-03-05 23:30:00+00:00,DMU50_001,RUN,termelő,,False,
2026-03-05 23:39:00+00:00,DMU50_001,MICRO_STOP,nem termelő,,False,
2026-03-05 23:41:00+00:00,DMU50_001,RUN,termelő,,False,
2026-03-05 23:54:00+00:00,DMU50_001,IDLE,nem termelő,,False,simple_waiting
2026-03-05 23:58:00+00:00,DMU50_001,RUN,termelő,,False,
2026-03-06 00:04:00+00:00,DMU50_001,MICRO_STOP,nem termelő,,False,
2026-03-06 00:05:00+00:00,DMU50_001,RUN,termelő,,False,
2026-03-06 00:16:00+00:00,DMU50_001,IDLE,nem termelő,,False,simple_waiting
2026-03-06 00:19:00+00:00,DMU50_001,RUN,termelő,,False,
2026-03-06 00:26:00+00:00,DMU50_001,IDLE,nem termelő,,False,simple_waiting
2026-03-06 00:28:00+00:00,DMU50_001,RUN,termelő,,False,
2026-03-06 00:35:00+00:00,DMU50_001,MICRO_STOP,nem termelő,,False,
2026-03-06 00:37:00+00:00,DMU50_001,RUN,termelő,,False,
2026-03-06 00:50:00+00:00,DMU50_001,IDLE,nem termelő,,False,simple_waiting
2026-03-06 00:53:00+00:00,DMU50_001,MICRO_STOP,nem termelő,,False,
2026-03-06 00:55:00+00:00,DMU50_001,RUN,termelő,,False,
2026-03-06 01:04:00+00:00,DMU50_001,FAILURE,nem termelő és áll,E101,False,
2026-03-06 01:08:00+00:00,DMU50_001,RUN,termelő,,False,
2026-03-06 01:19:00+00:00,DMU50_001,FAILURE,nem termelő és áll,E101,False,
2026-03-06 01:22:00+00:00,DMU50_001,RUN,termelő,,False,
2026-03-06 01:28:00+00:00,DMU50_001,IDLE,nem termelő,,False,simple_waiting
2026-03-06 01:32:00+00:00,DMU50_001,FAILURE,nem termelő és áll,E101,False,
2026-03-06 01:35:00+00:00,DMU50_001,IDLE,nem termelő,,False,simple_waiting
2026-03-06 01:37:00+00:00,DMU50_001,RUN,termelő,,False,
2026-03-06 01:44:00+00:00,DMU50_001,MICRO_STOP,nem termelő,,False,
2026-03-06 01:46:00+00:00,DMU50_001,RUN,termelő,,False,
2026-03-06 01:52:00+00:00,DMU50_001,MICRO_STOP,nem termelő,,False,
2026-03-06 01:53:00+00:00,DMU50_001,RUN,termelő,,False,
2026-03-06 02:01:00+00:00,DMU50_001,MICRO_STOP,nem termelő,,False,
2026-03-06 02:02:00+00:00,DMU50_001,RUN,termelő,,False,
2026-03-06 02:13:00+00:00,DMU50_001,IDLE,nem termelő,,False,simple_waiting
2026-03-06 02:17:00+00:00,DMU50_001,RUN,termelő,,False,
2026-03-06 02:27:00+00:00,DMU50_001,FAILURE,nem termelő és áll,E101,False,
2026-03-06 02:31:00+00:00,DMU50_001,IDLE,nem termelő,,False,simple_waiting
2026-03-06 02:33:00+00:00,DMU50_001,MICRO_STOP,nem termelő,,False,
2026-03-06 02:35:00+00:00,DMU50_001,RUN,termelő,,False,
2026-03-06 02:45:00+00:00,DMU50_001,IDLE,nem termelő,,False,simple_waiting
2026-03-06 02:49:00+00:00,DMU50_001,FAILURE,nem termelő és áll,E101,False,
2026-03-06 02:51:00+00:00,DMU50_001,RUN,termelő,,False,
2026-03-06 03:01:00+00:00,DMU50_001,MICRO_STOP,nem termelő,,False,
2026-03-06 03:03:00+00:00,DMU50_001,RUN,termelő,,False,
2026-03-06 03:10:00+00:00,DMU50_001,IDLE,nem termelő,,False,simple_waiting
2026-03-06 03:12:00+00:00,DMU50_001,RUN,termelő,,False,
2026-03-06 03:24:00+00:00,DMU50_001,FAILURE,nem termelő és áll,E101,False,
2026-03-06 03:29:00+00:00,DMU50_001,MICRO_STOP,nem termelő,,False,
2026-03-06 03:30:00+00:00,DMU50_001,RUN,termelő,,False,
2026-03-06 03:43:00+00:00,DMU50_001,FAILURE,nem termelő és áll,E101,False,
2026-03-06 03:48:00+00:00,DMU50_001,MICRO_STOP,nem termelő,,False,
2026-03-06 03:49:00+00:00,DMU50_001,RUN,termelő,,False,
2026-03-06 03:59:00+00:00,DMU50_001,IDLE,nem termelő,,False,simple_waiting
2026-03-06 04:02:00+00:00,DMU50_001,RUN,termelő,,False,
2026-03-06 04:14:00+00:00,DMU50_001,IDLE,nem termelő,,False,simple_waiting
2026-03-06 04:18:00+00:00,DMU50_001,MICRO_STOP,nem termelő,,False,
2026-03-06 04:20:00+00:00,DMU50_001,RUN,termelő,,False,
2026-03-06 04:30:00+00:00,DMU50_001,IDLE,nem termelő,,False,simple_waiting
2026-03-06 04:33:00+00:00,DMU50_001,RUN,termelő,,False,
2026-03-06 04:43:00+00:00,DMU50_001,IDLE,nem termelő,,False,simple_waiting
2026-03-06 04:46:00+00:00,DMU50_001,RUN,termelő,,False,
2026-03-06 04:57:00+00:00,DMU50_001,IDLE,nem termelő,,False,simple_waiting
2026-03-06 05:00:00+00:00,DMU50_001,RUN,termelő,,False,
2026-03-06 05:10:00+00:00,DMU50_001,FAILURE,nem termelő és áll,E101,False,
2026-03-06 05:15:00+00:00,DMU50_001,MICRO_STOP,nem termelő,,False,
2026-03-06 05:17:00+00:00,DMU50_001,RUN,termelő,,False,
2026-03-06 05:26:00+00:00,DMU50_001,FAILURE,nem termelő és áll,E101,False,
2026-03-06 05:28:00+00:00,DMU50_001,MICRO_STOP,nem termelő,,False,
2026-03-06 05:29:00+00:00,DMU50_001,RUN,termelő,,False,
2026-03-06 05:35:00+00:00,DMU50_001,RUN,termelő,,False,
2026-03-06 05:41:00+00:00,DMU50_001,FAILURE,nem termelő és áll,E101,False,
2026-03-06 05:44:00+00:00,DMU50_001,RUN,termelő,,False,
2026-03-06 05:50:00+00:00,DMU50_001,FAILURE,nem termelő és áll,E101,False,
2026-03-06 05:54:00+00:00,DMU50_001,MICRO_STOP,nem termelő,,False,
2026-03-06 05:56:00+00:00,DMU50_001,FAILURE,nem termelő és áll,E101,False,
2026-03-06 06:00:00+00:00,DMU50_001,RUN,termelő,,False,
2026-03-06 06:06:00+00:00,DMU50_001,MICRO_STOP,nem termelő,,False,
2026-03-06 06:08:00+00:00,DMU50_001,RUN,termelő,,False,
2026-03-06 06:17:00+00:00,DMU50_001,FAILURE,nem termelő és áll,E101,False,
2026-03-06 06:20:00+00:00,DMU50_001,RUN,termelő,,False,
2026-03-06 06:27:00+00:00,DMU50_001,MICRO_STOP,nem termelő,,False,
2026-03-06 06:28:00+00:00,DMU50_001,RUN,termelő,,False,
2026-03-06 06:42:00+00:00,DMU50_001,FAILURE,nem termelő és áll,E101,False,
2026-03-06 06:45:00+00:00,DMU50_001,MICRO_STOP,nem termelő,,False,
2026-03-06 06:47:00+00:00,DMU50_001,RUN,termelő,,False,
2026-03-06 06:57:00+00:00,DMU50_001,MICRO_STOP,nem termelő,,False,
2026-03-06 06:59:00+00:00,DMU50_001,RUN,termelő,,False,
2026-03-06 07:07:00+00:00,DMU50_001,IDLE,nem termelő,,False,simple_waiting
2026-03-06 07:09:00+00:00,DMU50_001,RUN,termelő,,False,
2026-03-06 07:17:00+00:00,DMU50_001,FAILURE,nem termelő és áll,E101,False,
2026-03-06 07:21:00+00:00,DMU50_001,RUN,termelő,,False,
2026-03-06 07:34:00+00:00,DMU50_001,MICRO_STOP,nem termelő,,False,
2026-03-06 07:35:00+00:00,DMU50_001,RUN,termelő,,False,
2026-03-06 07:42:00+00:00,DMU50_001,MICRO_STOP,nem termelő,,False,
2026-03-06 07:44:00+00:00,DMU50_001,RUN,termelő,,False,
2026-03-06 07:54:00+00:00,DMU50_001,MICRO_STOP,nem termelő,,False,
2026-03-06 07:55:00+00:00,DMU50_001,RUN,termelő,,False,
2026-03-06 08:06:00+00:00,DMU50_001,IDLE,nem termelő,,False,simple_waiting
2026-03-06 08:08:00+00:00,DMU50_001,MICRO_STOP,nem termelő,,False,
2026-03-06 08:10:00+00:00,DMU50_001,RUN,termelő,,False,
2026-03-06 08:20:00+00:00,DMU50_001,FAILURE,nem termelő és áll,E101,False,
2026-03-06 08:25:00+00:00,DMU50_001,IDLE,nem termelő,,False,simple_waiting
2026-03-06 08:27:00+00:00,DMU50_001,RUN,termelő,,False,
2026-03-06 08:38:00+00:00,DMU50_001,IDLE,nem termelő,,False,simple_waiting
2026-03-06 08:40:00+00:00,DMU50_001,FAILURE,nem termelő és áll,E101,False,
2026-03-06 08:44:00+00:00,DMU50_001,RUN,termelő,,False,
2026-03-06 08:57:00+00:00,DMU50_001,IDLE,nem termelő,,False,simple_waiting
2026-03-06 08:59:00+00:00,DMU50_001,FAILURE,nem termelő és áll,E101,False,
2026-03-06 09:01:00+00:00,DMU50_001,RUN,termelő,,False,
2026-03-06 09:08:00+00:00,DMU50_001,FAILURE,nem termelő és áll,E101,False,
2026-03-06 09:11:00+00:00,DMU50_001,IDLE,nem termelő,,False,simple_waiting
2026-03-06 09:14:00+00:00,DMU50_001,RUN,termelő,,False,
2026-03-06 09:28:00+00:00,DMU50_001,MICRO_STOP,nem termelő,,False,
2026-03-06 09:29:00+00:00,DMU50_001,FAILURE,nem termelő és áll,E101,False,
2026-03-06 09:31:00+00:00,DMU50_001,RUN,termelő,,False,
2026-03-06 09:40:00+00:00,DMU50_001,MICRO_STOP,nem termelő,,False,
2026-03-06 09:42:00+00:00,DMU50_001,IDLE,nem termelő,,False,simple_waiting
2026-03-06 09:44:00+00:00,DMU50_001,RUN,termelő,,False,
2026-03-06 09:55:00+00:00,DMU50_001,MICRO_STOP,nem termelő,,False,
2026-03-06 09:56:00+00:00,DMU50_001,RUN,termelő,,False,
2026-03-06 10:02:00+00:00,DMU50_001,MICRO_STOP,nem termelő,,False,
2026-03-06 10:04:00+00:00,DMU50_001,IDLE,nem termelő,,False,simple_waiting
2026-03-06 10:08:00+00:00,DMU50_001,RUN,termelő,,False,
2026-03-06 10:22:00+00:00,DMU50_001,MICRO_STOP,nem termelő,,False,
2026-03-06 10:24:00+00:00,DMU50_001,RUN,termelő,,False,
2026-03-06 10:37:00+00:00,DMU50_001,IDLE,nem termelő,,False,simple_waiting
2026-03-06 10:41:00+00:00,DMU50_001,RUN,termelő,,False,
2026-03-06 10:51:00+00:00,DMU50_001,MICRO_STOP,nem termelő,,False,
2026-03-06 10:52:00+00:00,DMU50_001,RUN,termelő,,False,
2026-03-06 11:01:00+00:00,DMU50_001,IDLE,nem termelő,,False,simple_waiting
2026-03-06 11:05:00+00:00,DMU50_001,RUN,termelő,,False,
2026-03-06 11:13:00+00:00,DMU50_001,IDLE,nem termelő,,False,simple_waiting
2026-03-06 11:17:00+00:00,DMU50_001,MICRO_STOP,nem termelő,,False,
2026-03-06 11:19:00+00:00,DMU50_001,FAILURE,nem termelő és áll,E101,False,
2026-03-06 11:22:00+00:00,DMU50_001,RUN,termelő,,False,
2026-03-06 11:33:00+00:00,DMU50_001,MICRO_STOP,nem termelő,,False,
2026-03-06 11:34:00+00:00,DMU50_001,RUN,termelő,,False,
2026-03-06 11:41:00+00:00,DMU50_001,IDLE,nem termelő,,False,simple_waiting
2026-03-06 11:44:00+00:00,DMU50_001,MICRO_STOP,nem termelő,,False,
2026-03-06 11:46:00+00:00,DMU50_001,IDLE,nem termelő,,False,simple_waiting
2026-03-06 11:49:00+00:00,DMU50_001,RUN,termelő,,False,
2026-03-06 11:58:00+00:00,DMU50_001,FAILURE,nem termelő és áll,E101,False,
2026-03-06 12:01:00+00:00,DMU50_001,MICRO_STOP,nem termelő,,False,
2026-03-06 12:03:00+00:00,DMU50_001,RUN,termelő,,False,
2026-03-06 12:14:00+00:00,DMU50_001,MICRO_STOP,nem termelő,,False,
2026-03-06 12:16:00+00:00,DMU50_001,FAILURE,nem termelő és áll,E101,False,
2026-03-06 12:19:00+00:00,DMU50_001,IDLE,nem termelő,,False,simple_waiting
2026-03-06 12:22:00+00:00,DMU50_001,MICRO_STOP,nem termelő,,False,
2026-03-06 12:23:00+00:00,DMU50_001,FAILURE,nem termelő és áll,E101,False,
2026-03-06 12:25:00+00:00,DMU50_001,MICRO_STOP,nem termelő,,False,
2026-03-06 12:26:00+00:00,DMU50_001,FAILURE,nem termelő és áll,E101,False,
2026-03-06 12:31:00+00:00,DMU50_001,IDLE,nem termelő,,False,simple_waiting
2026-03-06 12:33:00+00:00,DMU50_001,RUN,termelő,,False,
2026-03-06 12:46:00+00:00,DMU50_001,IDLE,nem termelő,,False,simple_waiting
2026-03-06 12:49:00+00:00,DMU50_001,MICRO_STOP,nem termelő,,False,
2026-03-06 12:51:00+00:00,DMU50_001,RUN,termelő,,False,
2026-03-06 13:01:00+00:00,DMU50_001,IDLE,nem termelő,,False,simple_waiting
2026-03-06 13:03:00+00:00,DMU50_001,RUN,termelő,,False,
2026-03-06 13:12:00+00:00,DMU50_001,MICRO_STOP,nem termelő,,False,
2026-03-06 13:13:00+00:00,DMU50_001,RUN,termelő,,False,
2026-03-06 13:23:00+00:00,DMU50_001,FAILURE,nem termelő és áll,E101,False,
2026-03-06 13:25:00+00:00,DMU50_001,MICRO_STOP,nem termelő,,False,
2026-03-06 13:27:00+00:00,DMU50_001,IDLE,nem termelő,,False,simple_waiting
2026-03-06 13:29:00+00:00,DMU50_001,RUN,termelő,,False,
2026-03-06 13:43:00+00:00,DMU50_001,MICRO_STOP,nem termelő,,False,
2026-03-06 13:44:00+00:00,DMU50_001,RUN,termelő,,False,
2026-03-06 13:55:00+00:00,DMU50_001,MICRO_STOP,nem termelő,,False,
2026-03-06 13:56:00+00:00,DMU50_001,IDLE,nem termelő,,False,simple_waiting
2026-03-06 14:00:00+00:00,DMU50_001,RUN,termelő,,False,
2026-03-06 14:14:00+00:00,DMU50_001,FAILURE,nem termelő és áll,E101,False,
2026-03-06 14:16:00+00:00,DMU50_001,IDLE,nem termelő,,False,simple_waiting
2026-03-06 14:18:00+00:00,DMU50_001,FAILURE,nem termelő és áll,E101,False,
2026-03-06 14:23:00+00:00,DMU50_001,RUN,termelő,,False,
2026-03-06 14:37:00+00:00,DMU50_001,FAILURE,nem termelő és áll,E101,False,
2026-03-06 14:39:00+00:00,DMU50_001,RUN,termelő,,False,
2026-03-06 14:45:00+00:00,DMU50_001,IDLE,nem termelő,,False,simple_waiting
2026-03-06 14:49:00+00:00,DMU50_001,MICRO_STOP,nem termelő,,False,
2026-03-06 14:50:00+00:00,DMU50_001,RUN,termelő,,False,
2026-03-06 15:02:00+00:00,DMU50_001,MICRO_STOP,nem termelő,,False,
2026-03-06 15:03:00+00:00,DMU50_001,FAILURE,nem termelő és áll,E101,False,
2026-03-06 15:05:00+00:00,DMU50_001,RUN,termelő,,False,
2026-03-06 15:17:00+00:00,DMU50_001,MICRO_STOP,nem termelő,,False,
2026-03-06 15:18:00+00:00,DMU50_001,RUN,termelő,,False,
2026-03-06 15:28:00+00:00,DMU50_001,MICRO_STOP,nem termelő,,False,
2026-03-06 15:30:00+00:00,DMU50_001,RUN,termelő,,False,
2026-03-06 15:44:00+00:00,DMU50_001,MICRO_STOP,nem termelő,,False,
2026-03-06 15:45:00+00:00,DMU50_001,FAILURE,nem termelő és áll,E101,False,
2026-03-06 15:47:00+00:00,DMU50_001,RUN,termelő,,False,
2026-03-06 15:56:00+00:00,DMU50_001,MICRO_STOP,nem termelő,,False,
2026-03-06 15:58:00+00:00,DMU50_001,IDLE,nem termelő,,False,simple_waiting
2026-03-06 16:02:00+00:00,DMU50_001,RUN,termelő,,False,
2026-03-06 16:08:00+00:00,DMU50_001,FAILURE,nem termelő és áll,E101,False,
2026-03-06 16:13:00+00:00,DMU50_001,RUN,termelő,,False,
2026-03-06 16:21:00+00:00,DMU50_001,MICRO_STOP,nem termelő,,False,
2026-03-06 16:23:00+00:00,DMU50_001,IDLE,nem termelő,,False,simple_waiting
2026-03-06 16:25:00+00:00,DMU50_001,RUN,termelő,,False,
2026-03-06 16:32:00+00:00,DMU50_001,FAILURE,nem termelő és áll,E101,False,
2026-03-06 16:35:00+00:00,DMU50_001,RUN,termelő,,False,
2026-03-06 16:43:00+00:00,DMU50_001,MICRO_STOP,nem termelő,,False,
2026-03-06 16:44:00+00:00,DMU50_001,RUN,termelő,,False,
2026-03-06 16:55:00+00:00,DMU50_001,MICRO_STOP,nem termelő,,False,
2026-03-06 16:56:00+00:00,DMU50_001,FAILURE,nem termelő és áll,E101,False,
2026-03-06 17:01:00+00:00,DMU50_001,MICRO_STOP,nem termelő,,False,
2026-03-06 17:02:00+00:00,DMU50_001,IDLE,nem termelő,,False,simple_waiting
2026-03-06 17:04:00+00:00,DMU50_001,RUN,termelő,,False,
2026-03-06 17:16:00+00:00,DMU50_001,FAILURE,nem termelő és áll,E101,False,
2026-03-06 17:18:00+00:00,DMU50_001,RUN,termelő,,False,
2026-03-06 17:31:00+00:00,DMU50_001,MICRO_STOP,nem termelő,,False,
2026-03-06 17:32:00+00:00,DMU50_001,IDLE,nem termelő,,False,simple_waiting
2026-03-06 17:34:00+00:00,DMU50_001,RUN,termelő,,False,
2026-03-06 17:41:00+00:00,DMU50_001,MICRO_STOP,nem termelő,,False,
2026-03-06 17:42:00+00:00,DMU50_001,RUN,termelő,,False,
2026-03-06 17:53:00+00:00,DMU50_001,FAILURE,nem termelő és áll,E101,False,
2026-03-06 17:57:00+00:00,DMU50_001,MICRO_STOP,nem termelő,,False,
2026-03-06 17:59:00+00:00,DMU50_001,FAILURE,nem termelő és áll,E101,False,
2026-03-06 18:04:00+00:00,DMU50_001,RUN,termelő,,False,
2026-03-06 18:13:00+00:00,DMU50_001,MICRO_STOP,nem termelő,,False,
2026-03-06 18:15:00+00:00,DMU50_001,RUN,termelő,,False,
2026-03-06 18:28:00+00:00,DMU50_001,MICRO_STOP,nem termelő,,False,
2026-03-06 18:29:00+00:00,DMU50_001,RUN,termelő,,False,
2026-03-06 18:38:00+00:00,DMU50_001,IDLE,nem termelő,,False,simple_waiting
2026-03-06 18:40:00+00:00,DMU50_001,MICRO_STOP,nem termelő,,False,
2026-03-06 18:42:00+00:00,DMU50_001,RUN,termelő,,False,
2026-03-06 18:55:00+00:00,DMU50_001,MICRO_STOP,nem termelő,,False,
2026-03-06 18:57:00+00:00,DMU50_001,RUN,termelő,,False,
2026-03-06 19:05:00+00:00,DMU50_001,FAILURE,nem termelő és áll,E101,False,
2026-03-06 19:09:00+00:00,DMU50_001,RUN,termelő,,False,
2026-03-06 19:17:00+00:00,DMU50_001,IDLE,nem termelő,,False,simple_waiting
2026-03-06 19:20:00+00:00,DMU50_001,RUN,termelő,,False,
2026-03-06 19:32:00+00:00,DMU50_001,IDLE,nem termelő,,False,simple_waiting
2026-03-06 19:36:00+00:00,DMU50_001,RUN,termelő,,False,
2026-03-06 19:43:00+00:00,DMU50_001,IDLE,nem termelő,,False,simple_waiting
2026-03-06 19:47:00+00:00,DMU50_001,RUN,termelő,,False,
2026-03-06 20:00:00+00:00,DMU50_001,MICRO_STOP,nem termelő,,False,
2026-03-06 20:01:00+00:00,DMU50_001,RUN,termelő,,False,
2026-03-06 20:07:00+00:00,DMU50_001,IDLE,nem termelő,,False,simple_waiting
2026-03-06 20:10:00+00:00,DMU50_001,FAILURE,nem termelő és áll,E101,False,
2026-03-06 20:13:00+00:00,DMU50_001,RUN,termelő,,False,
2026-03-06 20:20:00+00:00,DMU50_001,MICRO_STOP,nem termelő,,False,
2026-03-06 20:22:00+00:00,DMU50_001,IDLE,nem termelő,,False,simple_waiting
2026-03-06 20:26:00+00:00,DMU50_001,RUN,termelő,,False,
2026-03-06 20:35:00+00:00,DMU50_001,MICRO_STOP,nem termelő,,False,
2026-03-06 20:37:00+00:00,DMU50_001,RUN,termelő,,False,
2026-03-06 20:43:00+00:00,DMU50_001,MICRO_STOP,nem termelő,,False,
2026-03-06 20:44:00+00:00,DMU50_001,RUN,termelő,,False,
2026-03-06 20:50:00+00:00,DMU50_001,MICRO_STOP,nem termelő,,False,
2026-03-06 20:51:00+00:00,DMU50_001,RUN,termelő,,False,
2026-03-06 21:01:00+00:00,DMU50_001,FAILURE,nem termelő és áll,E101,False,
2026-03-06 21:04:00+00:00,DMU50_001,IDLE,nem termelő,,False,simple_waiting
2026-03-06 21:08:00+00:00,DMU50_001,RUN,termelő,,False,
2026-03-06 21:18:00+00:00,DMU50_001,FAILURE,nem termelő és áll,E101,False,
2026-03-06 21:21:00+00:00,DMU50_001,RUN,termelő,,False,
2026-03-06 21:29:00+00:00,DMU50_001,FAILURE,nem termelő és áll,E101,False,
2026-03-06 21:31:00+00:00,DMU50_001,RUN,termelő,,False,
2026-03-06 21:43:00+00:00,DMU50_001,FAILURE,nem termelő és áll,E101,False,
2026-03-06 21:48:00+00:00,DMU50_001,RUN,termelő,,False,
2026-03-06 22:02:00+00:00,DMU50_001,MICRO_STOP,nem termelő,,False,
2026-03-06 22:03:00+00:00,DMU50_001,RUN,termelő,,False,
2026-03-06 22:11:00+00:00,DMU50_001,MICRO_STOP,nem termelő,,False,
2026-03-06 22:13:00+00:00,DMU50_001,RUN,termelő,,False,
2026-03-06 22:19:00+00:00,DMU50_001,MICRO_STOP,nem termelő,,False,
2026-03-06 22:20:00+00:00,DMU50_001,IDLE,nem termelő,,False,simple_waiting
2026-03-06 22:24:00+00:00,DMU50_001,RUN,termelő,,False,
2026-03-06 22:30:00+00:00,DMU50_001,FAILURE,nem termelő és áll,E101,False,
2026-03-06 22:35:00+00:00,DMU50_001,RUN,termelő,,False,
2026-03-06 22:47:00+00:00,DMU50_001,IDLE,nem termelő,,False,simple_waiting
2026-03-06 22:49:00+00:00,DMU50_001,RUN,termelő,,False,
2026-03-06 23:03:00+00:00,DMU50_001,IDLE,nem termelő,,False,simple_waiting
2026-03-06 23:06:00+00:00,DMU50_001,RUN,termelő,,False,
2026-03-06 23:13:00+00:00,DMU50_001,MICRO_STOP,nem termelő,,False,
2026-03-06 23:14:00+00:00,DMU50_001,IDLE,nem termelő,,False,simple_waiting
2026-03-06 23:16:00+00:00,DMU50_001,RUN,termelő,,False,
2026-03-06 23:27:00+00:00,DMU50_001,MICRO_STOP,nem termelő,,False,
2026-03-06 23:28:00+00:00,DMU50_001,RUN,termelő,,False,
2026-03-06 23:40:00+00:00,DMU50_001,MICRO_STOP,nem termelő,,False,
2026-03-06 23:41:00+00:00,DMU50_001,RUN,termelő,,False,
2026-03-06 23:52:00+00:00,DMU50_001,IDLE,nem termelő,,False,simple_waiting
2026-03-06 23:55:00+00:00,DMU50_001,RUN,termelő,,False,
2026-03-07 00:01:00+00:00,DMU50_001,FAILURE,nem termelő és áll,E101,False,
2026-03-07 00:05:00+00:00,DMU50_001,RUN,termelő,,False,
2026-03-07 00:15:00+00:00,DMU50_001,IDLE,nem termelő,,False,simple_waiting
2026-03-07 00:18:00+00:00,DMU50_001,RUN,termelő,,False,
2026-03-07 00:32:00+00:00,DMU50_001,MICRO_STOP,nem termelő,,False,
2026-03-07 00:34:00+00:00,DMU50_001,FAILURE,nem termelő és áll,E101,False,
2026-03-07 00:38:00+00:00,DMU50_001,RUN,termelő,,False,
2026-03-07 00:45:00+00:00,DMU50_001,MICRO_STOP,nem termelő,,False,
2026-03-07 00:46:00+00:00,DMU50_001,FAILURE,nem termelő és áll,E101,False,
2026-03-07 00:50:00+00:00,DMU50_001,MICRO_STOP,nem termelő,,False,
2026-03-07 00:51:00+00:00,DMU50_001,FAILURE,nem termelő és áll,E101,False,
2026-03-07 00:56:00+00:00,DMU50_001,RUN,termelő,,False,
2026-03-07 01:02:00+00:00,DMU50_001,MICRO_STOP,nem termelő,,False,
2026-03-07 01:03:00+00:00,DMU50_001,RUN,termelő,,False,
2026-03-07 01:14:00+00:00,DMU50_001,IDLE,nem termelő,,False,simple_waiting
2026-03-07 01:17:00+00:00,DMU50_001,FAILURE,nem termelő és áll,E101,False,
2026-03-07 01:21:00+00:00,DMU50_001,IDLE,nem termelő,,False,simple_waiting
2026-03-07 01:25:00+00:00,DMU50_001,RUN,termelő,,False,
2026-03-07 01:38:00+00:00,DMU50_001,MICRO_STOP,nem termelő,,False,
2026-03-07 01:40:00+00:00,DMU50_001,RUN,termelő,,False,
2026-03-07 01:47:00+00:00,DMU50_001,MICRO_STOP,nem termelő,,False,
2026-03-07 01:48:00+00:00,DMU50_001,RUN,termelő,,False,
2026-03-07 02:01:00+00:00,DMU50_001,IDLE,nem termelő,,False,simple_waiting
2026-03-07 02:03:00+00:00,DMU50_001,RUN,termelő,,False,
2026-03-07 02:16:00+00:00,DMU50_001,MICRO_STOP,nem termelő,,False,
2026-03-07 02:17:00+00:00,DMU50_001,RUN,termelő,,False,
2026-03-07 02:26:00+00:00,DMU50_001,IDLE,nem termelő,,False,simple_waiting
2026-03-07 02:30:00+00:00,DMU50_001,RUN,termelő,,False,
2026-03-07 02:44:00+00:00,DMU50_001,FAILURE,nem termelő és áll,E101,False,
2026-03-07 02:47:00+00:00,DMU50_001,RUN,termelő,,False,
2026-03-07 02:55:00+00:00,DMU50_001,IDLE,nem termelő,,False,simple_waiting
2026-03-07 02:57:00+00:00,DMU50_001,MICRO_STOP,nem termelő,,False,
2026-03-07 02:58:00+00:00,DMU50_001,IDLE,nem termelő,,False,simple_waiting
2026-03-07 03:00:00+00:00,DMU50_001,MICRO_STOP,nem termelő,,False,
2026-03-07 03:01:00+00:00,DMU50_001,RUN,termelő,,False,
2026-03-07 03:12:00+00:00,DMU50_001,FAILURE,nem termelő és áll,E101,False,
2026-03-07 03:14:00+00:00,DMU50_001,IDLE,nem termelő,,False,simple_waiting
2026-03-07 03:16:00+00:00,DMU50_001,FAILURE,nem termelő és áll,E101,False,
2026-03-07 03:21:00+00:00,DMU50_001,RUN,termelő,,False,
2026-03-07 03:27:00+00:00,DMU50_001,IDLE,nem termelő,,False,simple_waiting
2026-03-07 03:31:00+00:00,DMU50_001,RUN,termelő,,False,
2026-03-07 03:40:00+00:00,DMU50_001,IDLE,nem termelő,,False,simple_waiting
2026-03-07 03:42:00+00:00,DMU50_001,MICRO_STOP,nem termelő,,False,
2026-03-07 03:43:00+00:00,DMU50_001,RUN,termelő,,False,
2026-03-07 03:51:00+00:00,DMU50_001,FAILURE,nem termelő és áll,E101,False,
2026-03-07 03:56:00+00:00,DMU50_001,RUN,termelő,,False,
2026-03-07 04:05:00+00:00,DMU50_001,IDLE,nem termelő,,False,simple_waiting
2026-03-07 04:08:00+00:00,DMU50_001,FAILURE,nem termelő és áll,E101,False,
2026-03-07 04:13:00+00:00,DMU50_001,RUN,termelő,,False,
2026-03-07 04:21:00+00:00,DMU50_001,MICRO_STOP,nem termelő,,False,
2026-03-07 04:22:00+00:00,DMU50_001,IDLE,nem termelő,,False,simple_waiting
2026-03-07 04:26:00+00:00,DMU50_001,MICRO_STOP,nem termelő,,False,
2026-03-07 04:28:00+00:00,DMU50_001,RUN,termelő,,False,
2026-03-07 04:39:00+00:00,DMU50_001,IDLE,nem termelő,,False,simple_waiting
2026-03-07 04:42:00+00:00,DMU50_001,MICRO_STOP,nem termelő,,False,
2026-03-07 04:43:00+00:00,DMU50_001,IDLE,nem termelő,,False,simple_waiting
2026-03-07 04:45:00+00:00,DMU50_001,MICRO_STOP,nem termelő,,False,
2026-03-07 04:47:00+00:00,DMU50_001,RUN,termelő,,False,
2026-03-07 04:59:00+00:00,DMU50_001,IDLE,nem termelő,,False,simple_waiting
2026-03-07 05:03:00+00:00,DMU50_001,RUN,termelő,,False,
2026-03-07 05:12:00+00:00,DMU50_001,MICRO_STOP,nem termelő,,False,
2026-03-07 05:14:00+00:00,DMU50_001,RUN,termelő,,False,
2026-03-07 05:26:00+00:00,DMU50_001,IDLE,nem termelő,,False,simple_waiting
2026-03-07 05:29:00+00:00,DMU50_001,RUN,termelő,,False,
2026-03-07 05:41:00+00:00,DMU50_001,FAILURE,nem termelő és áll,E101,False,
2026-03-07 05:45:00+00:00,DMU50_001,IDLE,nem termelő,,False,simple_waiting
2026-03-07 05:49:00+00:00,DMU50_001,MICRO_STOP,nem termelő,,False,
2026-03-07 05:51:00+00:00,DMU50_001,RUN,termelő,,False,
2026-03-07 05:58:00+00:00,DMU50_001,IDLE,nem termelő,,False,simple_waiting
2026-03-07 06:01:00+00:00,DMU50_001,RUN,termelő,,False,
2026-03-07 06:11:00+00:00,DMU50_001,IDLE,nem termelő,,False,simple_waiting
2026-03-07 06:15:00+00:00,DMU50_001,RUN,termelő,,False,
2026-03-07 06:25:00+00:00,DMU50_001,MICRO_STOP,nem termelő,,False,
2026-03-07 06:26:00+00:00,DMU50_001,RUN,termelő,,False,
2026-03-07 06:39:00+00:00,DMU50_001,IDLE,nem termelő,,False,simple_waiting
2026-03-07 06:43:00+00:00,DMU50_001,RUN,termelő,,False,
2026-03-07 06:53:00+00:00,DMU50_001,FAILURE,nem termelő és áll,E101,False,
2026-03-07 06:55:00+00:00,DMU50_001,IDLE,nem termelő,,False,simple_waiting
2026-03-07 06:57:00+00:00,DMU50_001,RUN,termelő,,False,
2026-03-07 07:05:00+00:00,DMU50_001,IDLE,nem termelő,,False,simple_waiting
2026-03-07 07:08:00+00:00,DMU50_001,RUN,termelő,,False,
2026-03-07 07:18:00+00:00,DMU50_001,MICRO_STOP,nem termelő,,False,
2026-03-07 07:20:00+00:00,DMU50_001,RUN,termelő,,False,
2026-03-07 07:30:00+00:00,DMU50_001,FAILURE,nem termelő és áll,E101,False,
2026-03-07 07:34:00+00:00,DMU50_001,RUN,termelő,,False,
2026-03-07 07:42:00+00:00,DMU50_001,IDLE,nem termelő,,False,simple_waiting
2026-03-07 07:46:00+00:00,DMU50_001,RUN,termelő,,False,
2026-03-07 07:57:00+00:00,DMU50_001,IDLE,nem termelő,,False,simple_waiting
2026-03-07 08:01:00+00:00,DMU50_001,RUN,termelő,,False,
2026-03-07 08:09:00+00:00,DMU50_001,IDLE,nem termelő,,False,simple_waiting
2026-03-07 08:11:00+00:00,DMU50_001,RUN,termelő,,False,
2026-03-07 08:23:00+00:00,DMU50_001,IDLE,nem termelő,,False,simple_waiting
2026-03-07 08:27:00+00:00,DMU50_001,RUN,termelő,,False,
2026-03-07 08:38:00+00:00,DMU50_001,FAILURE,nem termelő és áll,E101,False,
2026-03-07 08:42:00+00:00,DMU50_001,IDLE,nem termelő,,False,simple_waiting
2026-03-07 08:46:00+00:00,DMU50_001,RUN,termelő,,False,
2026-03-07 08:55:00+00:00,DMU50_001,IDLE,nem termelő,,False,simple_waiting
2026-03-07 08:58:00+00:00,DMU50_001,RUN,termelő,,False,
2026-03-07 09:06:00+00:00,DMU50_001,IDLE,nem termelő,,False,simple_waiting
2026-03-07 09:09:00+00:00,DMU50_001,RUN,termelő,,False,
2026-03-07 09:15:00+00:00,DMU50_001,FAILURE,nem termelő és áll,E101,False,
2026-03-07 09:19:00+00:00,DMU50_001,IDLE,nem termelő,,False,simple_waiting
2026-03-07 09:23:00+00:00,DMU50_001,FAILURE,nem termelő és áll,E101,False,
2026-03-07 09:25:00+00:00,DMU50_001,RUN,termelő,,False,
2026-03-07 09:34:00+00:00,DMU50_001,FAILURE,nem termelő és áll,E101,False,
2026-03-07 09:39:00+00:00,DMU50_001,RUN,termelő,,False,
2026-03-07 09:45:00+00:00,DMU50_001,MICRO_STOP,nem termelő,,False,
2026-03-07 09:46:00+00:00,DMU50_001,IDLE,nem termelő,,False,simple_waiting
2026-03-07 09:48:00+00:00,DMU50_001,MICRO_STOP,nem termelő,,False,
2026-03-07 09:50:00+00:00,DMU50_001,RUN,termelő,,False,
2026-03-07 10:02:00+00:00,DMU50_001,FAILURE,nem termelő és áll,E101,False,
2026-03-07 10:06:00+00:00,DMU50_001,RUN,termelő,,False,
2026-03-07 10:17:00+00:00,DMU50_001,IDLE,nem termelő,,False,simple_waiting
2026-03-07 10:20:00+00:00,DMU50_001,RUN,termelő,,False,
2026-03-07 10:32:00+00:00,DMU50_001,IDLE,nem termelő,,False,simple_waiting
2026-03-07 10:34:00+00:00,DMU50_001,MICRO_STOP,nem termelő,,False,
2026-03-07 10:36:00+00:00,DMU50_001,RUN,termelő,,False,
2026-03-07 10:43:00+00:00,DMU50_001,FAILURE,nem termelő és áll,E101,False,
2026-03-07 10:45:00+00:00,DMU50_001,RUN,termelő,,False,
2026-03-07 10:57:00+00:00,DMU50_001,IDLE,nem termelő,,False,simple_waiting
2026-03-07 11:00:00+00:00,DMU50_001,RUN,termelő,,False,
2026-03-07 11:08:00+00:00,DMU50_001,IDLE,nem termelő,,False,simple_waiting
2026-03-07 11:12:00+00:00,DMU50_001,RUN,termelő,,False,
2026-03-07 11:21:00+00:00,DMU50_001,IDLE,nem termelő,,False,simple_waiting
2026-03-07 11:23:00+00:00,DMU50_001,RUN,termelő,,False,
2026-03-07 11:31:00+00:00,DMU50_001,IDLE,nem termelő,,False,simple_waiting
2026-03-07 11:34:00+00:00,DMU50_001,RUN,termelő,,False,
2026-03-07 11:48:00+00:00,DMU50_001,IDLE,nem termelő,,False,simple_waiting
2026-03-07 11:50:00+00:00,DMU50_001,RUN,termelő,,False,
2026-03-07 11:57:00+00:00,DMU50_001,FAILURE,nem termelő és áll,E101,False,
2026-03-07 11:59:00+00:00,DMU50_001,IDLE,nem termelő,,False,simple_waiting
2026-03-07 12:01:00+00:00,DMU50_001,RUN,termelő,,False,
2026-03-07 12:13:00+00:00,DMU50_001,MICRO_STOP,nem termelő,,False,
2026-03-07 12:15:00+00:00,DMU50_001,RUN,termelő,,False,
2026-03-07 12:23:00+00:00,DMU50_001,IDLE,nem termelő,,False,simple_waiting
2026-03-07 12:27:00+00:00,DMU50_001,RUN,termelő,,False,
2026-03-07 12:40:00+00:00,DMU50_001,MICRO_STOP,nem termelő,,False,
2026-03-07 12:41:00+00:00,DMU50_001,RUN,termelő,,False,
2026-03-07 12:48:00+00:00,DMU50_001,FAILURE,nem termelő és áll,E101,False,
2026-03-07 12:52:00+00:00,DMU50_001,RUN,termelő,,False,
2026-03-07 13:03:00+00:00,DMU50_001,MICRO_STOP,nem termelő,,False,
2026-03-07 13:05:00+00:00,DMU50_001,RUN,termelő,,False,
2026-03-07 13:11:00+00:00,DMU50_001,IDLE,nem termelő,,False,simple_waiting
2026-03-07 13:15:00+00:00,DMU50_001,RUN,termelő,,False,
2026-03-07 13:24:00+00:00,DMU50_001,IDLE,nem termelő,,False,simple_waiting
2026-03-07 13:26:00+00:00,DMU50_001,RUN,termelő,,False,
2026-03-07 13:34:00+00:00,DMU50_001,MICRO_STOP,nem termelő,,False,
2026-03-07 13:36:00+00:00,DMU50_001,RUN,termelő,,False,
2026-03-07 13:42:00+00:00,DMU50_001,MICRO_STOP,nem termelő,,False,
2026-03-07 13:44:00+00:00,DMU50_001,IDLE,nem termelő,,False,simple_waiting
2026-03-07 13:47:00+00:00,DMU50_001,FAILURE,nem termelő és áll,E101,False,
2026-03-07 13:51:00+00:00,DMU50_001,IDLE,nem termelő,,False,simple_waiting
2026-03-07 13:55:00+00:00,DMU50_001,MICRO_STOP,nem termelő,,False,
2026-03-07 13:56:00+00:00,DMU50_001,FAILURE,nem termelő és áll,E101,False,
2026-03-07 14:01:00+00:00,DMU50_001,RUN,termelő,,False,
2026-03-07 14:08:00+00:00,DMU50_001,IDLE,nem termelő,,False,simple_waiting
2026-03-07 14:11:00+00:00,DMU50_001,RUN,termelő,,False,
2026-03-07 14:23:00+00:00,DMU50_001,IDLE,nem termelő,,False,simple_waiting
2026-03-07 14:27:00+00:00,DMU50_001,FAILURE,nem termelő és áll,E101,False,
2026-03-07 14:31:00+00:00,DMU50_001,MICRO_STOP,nem termelő,,False,
2026-03-07 14:32:00+00:00,DMU50_001,IDLE,nem termelő,,False,simple_waiting
2026-03-07 14:35:00+00:00,DMU50_001,FAILURE,nem termelő és áll,E101,False,
2026-03-07 14:40:00+00:00,DMU50_001,RUN,termelő,,False,
2026-03-07 14:51:00+00:00,DMU50_001,FAILURE,nem termelő és áll,E101,False,
2026-03-07 14:55:00+00:00,DMU50_001,RUN,termelő,,False,
2026-03-07 15:05:00+00:00,DMU50_001,IDLE,nem termelő,,False,simple_waiting
2026-03-07 15:09:00+00:00,DMU50_001,RUN,termelő,,False,
2026-03-07 15:20:00+00:00,DMU50_001,IDLE,nem termelő,,False,simple_waiting
2026-03-07 15:22:00+00:00,DMU50_001,RUN,termelő,,False,
2026-03-07 15:28:00+00:00,DMU50_001,MICRO_STOP,nem termelő,,False,
2026-03-07 15:29:00+00:00,DMU50_001,RUN,termelő,,False,
2026-03-07 15:42:00+00:00,DMU50_001,IDLE,nem termelő,,False,simple_waiting
2026-03-07 15:46:00+00:00,DMU50_001,RUN,termelő,,False,
2026-03-07 15:55:00+00:00,DMU50_001,FAILURE,nem termelő és áll,E101,False,
2026-03-07 15:58:00+00:00,DMU50_001,RUN,termelő,,False,
2026-03-07 16:05:00+00:00,DMU50_001,IDLE,nem termelő,,False,simple_waiting
2026-03-07 16:09:00+00:00,DMU50_001,RUN,termelő,,False,
2026-03-07 16:17:00+00:00,DMU50_001,MICRO_STOP,nem termelő,,False,
2026-03-07 16:18:00+00:00,DMU50_001,FAILURE,nem termelő és áll,E101,False,
2026-03-07 16:21:00+00:00,DMU50_001,MICRO_STOP,nem termelő,,False,
2026-03-07 16:23:00+00:00,DMU50_001,IDLE,nem termelő,,False,simple_waiting
2026-03-07 16:26:00+00:00,DMU50_001,RUN,termelő,,False,
2026-03-07 16:39:00+00:00,DMU50_001,MICRO_STOP,nem termelő,,False,
2026-03-07 16:41:00+00:00,DMU50_001,IDLE,nem termelő,,False,simple_waiting
2026-03-07 16:43:00+00:00,DMU50_001,FAILURE,nem termelő és áll,E101,False,
2026-03-07 16:47:00+00:00,DMU50_001,IDLE,nem termelő,,False,simple_waiting
2026-03-07 16:49:00+00:00,DMU50_001,FAILURE,nem termelő és áll,E101,False,
2026-03-07 16:52:00+00:00,DMU50_001,RUN,termelő,,False,
2026-03-07 17:00:00+00:00,DMU50_001,FAILURE,nem termelő és áll,E101,False,
2026-03-07 17:02:00+00:00,DMU50_001,RUN,termelő,,False,
2026-03-07 17:16:00+00:00,DMU50_001,MICRO_STOP,nem termelő,,False,
2026-03-07 17:17:00+00:00,DMU50_001,RUN,termelő,,False,
2026-03-07 17:24:00+00:00,DMU50_001,MICRO_STOP,nem termelő,,False,
2026-03-07 17:26:00+00:00,DMU50_001,IDLE,nem termelő,,False,simple_waiting
2026-03-07 17:29:00+00:00,DMU50_001,RUN,termelő,,False,
2026-03-07 17:35:00+00:00,DMU50_001,MICRO_STOP,nem termelő,,False,
2026-03-07 17:36:00+00:00,DMU50_001,FAILURE,nem termelő és áll,E101,False,
2026-03-07 17:39:00+00:00,DMU50_001,RUN,termelő,,False,
2026-03-07 17:52:00+00:00,DMU50_001,MICRO_STOP,nem termelő,,False,
2026-03-07 17:54:00+00:00,DMU50_001,IDLE,nem termelő,,False,simple_waiting
2026-03-07 17:58:00+00:00,DMU50_001,MICRO_STOP,nem termelő,,False,
2026-03-07 17:59:00+00:00,DMU50_001,RUN,termelő,,False,
2026-03-07 18:09:00+00:00,DMU50_001,MICRO_STOP,nem termelő,,False,
2026-03-07 18:10:00+00:00,DMU50_001,RUN,termelő,,False,
2026-03-07 18:20:00+00:00,DMU50_001,FAILURE,nem termelő és áll,E101,False,
2026-03-07 18:24:00+00:00,DMU50_001,RUN,termelő,,False,
2026-03-07 18:35:00+00:00,DMU50_001,MICRO_STOP,nem termelő,,False,
2026-03-07 18:37:00+00:00,DMU50_001,RUN,termelő,,False,
2026-03-07 18:46:00+00:00,DMU50_001,MICRO_STOP,nem termelő,,False,
2026-03-07 18:48:00+00:00,DMU50_001,IDLE,nem termelő,,False,simple_waiting
2026-03-07 18:50:00+00:00,DMU50_001,RUN,termelő,,False,
2026-03-07 18:59:00+00:00,DMU50_001,MICRO_STOP,nem termelő,,False,
2026-03-07 19:01:00+00:00,DMU50_001,FAILURE,nem termelő és áll,E101,False,
2026-03-07 19:06:00+00:00,DMU50_001,MICRO_STOP,nem termelő,,False,
2026-03-07 19:08:00+00:00,DMU50_001,RUN,termelő,,False,
2026-03-07 19:14:00+00:00,DMU50_001,MICRO_STOP,nem termelő,,False,
2026-03-07 19:15:00+00:00,DMU50_001,RUN,termelő,,False,
2026-03-07 19:24:00+00:00,DMU50_001,MICRO_STOP,nem termelő,,False,
2026-03-07 19:26:00+00:00,DMU50_001,RUN,termelő,,False,
2026-03-07 19:32:00+00:00,DMU50_001,MICRO_STOP,nem termelő,,False,
2026-03-07 19:33:00+00:00,DMU50_001,RUN,termelő,,False,
2026-03-07 19:40:00+00:00,DMU50_001,MICRO_STOP,nem termelő,,False,
2026-03-07 19:42:00+00:00,DMU50_001,RUN,termelő,,False,
2026-03-07 19:49:00+00:00,DMU50_001,FAILURE,nem termelő és áll,E101,False,
2026-03-07 19:52:00+00:00,DMU50_001,RUN,termelő,,False,
2026-03-07 19:59:00+00:00,DMU50_001,FAILURE,nem termelő és áll,E101,False,
2026-03-07 20:01:00+00:00,DMU50_001,RUN,termelő,,False,
2026-03-07 20:14:00+00:00,DMU50_001,MICRO_STOP,nem termelő,,False,
2026-03-07 20:15:00+00:00,DMU50_001,FAILURE,nem termelő és áll,E101,False,
2026-03-07 20:18:00+00:00,DMU50_001,RUN,termelő,,False,
2026-03-07 20:30:00+00:00,DMU50_001,FAILURE,nem termelő és áll,E101,False,
2026-03-07 20:32:00+00:00,DMU50_001,IDLE,nem termelő,,False,simple_waiting
2026-03-07 20:34:00+00:00,DMU50_001,FAILURE,nem termelő és áll,E101,False,
2026-03-07 20:37:00+00:00,DMU50_001,RUN,termelő,,False,
2026-03-07 20:45:00+00:00,DMU50_001,MICRO_STOP,nem termelő,,False,
2026-03-07 20:46:00+00:00,DMU50_001,RUN,termelő,,False,
2026-03-07 20:56:00+00:00,DMU50_001,FAILURE,nem termelő és áll,E101,False,
2026-03-07 21:01:00+00:00,DMU50_001,RUN,termelő,,False,
2026-03-07 21:12:00+00:00,DMU50_001,IDLE,nem termelő,,False,simple_waiting
2026-03-07 21:16:00+00:00,DMU50_001,RUN,termelő,,False,
2026-03-07 21:28:00+00:00,DMU50_001,MICRO_STOP,nem termelő,,False,
2026-03-07 21:29:00+00:00,DMU50_001,IDLE,nem termelő,,False,simple_waiting
2026-03-07 21:33:00+00:00,DMU50_001,RUN,termelő,,False,
2026-03-07 21:45:00+00:00,DMU50_001,IDLE,nem termelő,,False,simple_waiting
2026-03-07 21:49:00+00:00,DMU50_001,RUN,termelő,,False,
2026-03-07 21:59:00+00:00,DMU50_001,MICRO_STOP,nem termelő,,False,
2026-03-07 22:00:00+00:00,DMU50_001,RUN,termelő,,False,
2026-03-07 22:10:00+00:00,DMU50_001,IDLE,nem termelő,,False,simple_waiting
2026-03-07 22:12:00+00:00,DMU50_001,RUN,termelő,,False,
2026-03-07 22:20:00+00:00,DMU50_001,IDLE,nem termelő,,False,simple_waiting
2026-03-07 22:24:00+00:00,DMU50_001,RUN,termelő,,False,
2026-03-07 22:30:00+00:00,DMU50_001,MICRO_STOP,nem termelő,,False,
2026-03-07 22:32:00+00:00,DMU50_001,RUN,termelő,,False,
2026-03-07 22:45:00+00:00,DMU50_001,MICRO_STOP,nem termelő,,False,
2026-03-07 22:46:00+00:00,DMU50_001,RUN,termelő,,False,
2026-03-07 22:53:00+00:00,DMU50_001,IDLE,nem termelő,,False,simple_waiting
2026-03-07 22:57:00+00:00,DMU50_001,RUN,termelő,,False,
2026-03-07 23:04:00+00:00,DMU50_001,FAILURE,nem termelő és áll,E101,False,
2026-03-07 23:07:00+00:00,DMU50_001,MICRO_STOP,nem termelő,,False,
2026-03-07 23:08:00+00:00,DMU50_001,RUN,termelő,,False,
2026-03-07 23:14:00+00:00,DMU50_001,FAILURE,nem termelő és áll,E101,False,
2026-03-07 23:16:00+00:00,DMU50_001,RUN,termelő,,False,
2026-03-07 23:30:00+00:00,DMU50_001,MICRO_STOP,nem termelő,,False,
2026-03-07 23:32:00+00:00,DMU50_001,RUN,termelő,,False,
2026-03-07 23:40:00+00:00,DMU50_001,FAILURE,nem termelő és áll,E101,False,
2026-03-07 23:44:00+00:00,DMU50_001,RUN,termelő,,False,
2026-03-07 23:51:00+00:00,DMU50_001,MICRO_STOP,nem termelő,,False,
2026-03-07 23:52:00+00:00,DMU50_001,RUN,termelő,,False,
2026-03-07 23:58:00+00:00,DMU50_001,FAILURE,nem termelő és áll,E101,False,
2026-03-08 00:01:00+00:00,DMU50_001,RUN,termelő,,False,
2026-03-08 00:15:00+00:00,DMU50_001,MICRO_STOP,nem termelő,,False,
2026-03-08 00:16:00+00:00,DMU50_001,IDLE,nem termelő,,False,simple_waiting
2026-03-08 00:19:00+00:00,DMU50_001,RUN,termelő,,False,
2026-03-08 00:27:00+00:00,DMU50_001,MICRO_STOP,nem termelő,,False,
2026-03-08 00:29:00+00:00,DMU50_001,RUN,termelő,,False,
2026-03-08 00:43:00+00:00,DMU50_001,FAILURE,nem termelő és áll,E101,False,
2026-03-08 00:45:00+00:00,DMU50_001,RUN,termelő,,False,
2026-03-08 00:54:00+00:00,DMU50_001,MICRO_STOP,nem termelő,,False,
2026-03-08 00:56:00+00:00,DMU50_001,RUN,termelő,,False,
2026-03-08 01:10:00+00:00,DMU50_001,FAILURE,nem termelő és áll,E101,False,
2026-03-08 01:12:00+00:00,DMU50_001,IDLE,nem termelő,,False,simple_waiting
2026-03-08 01:14:00+00:00,DMU50_001,MICRO_STOP,nem termelő,,False,
2026-03-08 01:16:00+00:00,DMU50_001,RUN,termelő,,False,
2026-03-08 01:27:00+00:00,DMU50_001,MICRO_STOP,nem termelő,,False,
2026-03-08 01:29:00+00:00,DMU50_001,RUN,termelő,,False,
2026-03-08 01:42:00+00:00,DMU50_001,IDLE,nem termelő,,False,simple_waiting
2026-03-08 01:44:00+00:00,DMU50_001,RUN,termelő,,False,
2026-03-08 01:50:00+00:00,DMU50_001,IDLE,nem termelő,,False,simple_waiting
2026-03-08 01:54:00+00:00,DMU50_001,RUN,termelő,,False,
2026-03-08 02:06:00+00:00,DMU50_001,MICRO_STOP,nem termelő,,False,
2026-03-08 02:08:00+00:00,DMU50_001,FAILURE,nem termelő és áll,E101,False,
2026-03-08 02:10:00+00:00,DMU50_001,RUN,termelő,,False,
2026-03-08 02:22:00+00:00,DMU50_001,IDLE,nem termelő,,False,simple_waiting
2026-03-08 02:24:00+00:00,DMU50_001,RUN,termelő,,False,
2026-03-08 02:37:00+00:00,DMU50_001,FAILURE,nem termelő és áll,E101,False,
2026-03-08 02:39:00+00:00,DMU50_001,IDLE,nem termelő,,False,simple_waiting
2026-03-08 02:42:00+00:00,DMU50_001,FAILURE,nem termelő és áll,E101,False,
2026-03-08 02:46:00+00:00,DMU50_001,RUN,termelő,,False,
2026-03-08 02:58:00+00:00,DMU50_001,IDLE,nem termelő,,False,simple_waiting
2026-03-08 03:01:00+00:00,DMU50_001,MICRO_STOP,nem termelő,,False,
2026-03-08 03:02:00+00:00,DMU50_001,FAILURE,nem termelő és áll,E101,False,
2026-03-08 03:07:00+00:00,DMU50_001,RUN,termelő,,False,
2026-03-08 03:14:00+00:00,DMU50_001,MICRO_STOP,nem termelő,,False,
2026-03-08 03:16:00+00:00,DMU50_001,RUN,termelő,,False,
2026-03-08 03:25:00+00:00,DMU50_001,MICRO_STOP,nem termelő,,False,
2026-03-08 03:26:00+00:00,DMU50_001,RUN,termelő,,False,
2026-03-08 03:37:00+00:00,DMU50_001,MICRO_STOP,nem termelő,,False,
2026-03-08 03:38:00+00:00,DMU50_001,RUN,termelő,,False,
2026-03-08 03:46:00+00:00,DMU50_001,FAILURE,nem termelő és áll,E101,False,
2026-03-08 03:49:00+00:00,DMU50_001,MICRO_STOP,nem termelő,,False,
2026-03-08 03:51:00+00:00,DMU50_001,RUN,termelő,,False,
2026-03-08 04:03:00+00:00,DMU50_001,IDLE,nem termelő,,False,simple_waiting
2026-03-08 04:05:00+00:00,DMU50_001,RUN,termelő,,False,
2026-03-08 04:12:00+00:00,DMU50_001,MICRO_STOP,nem termelő,,False,
2026-03-08 04:13:00+00:00,DMU50_001,FAILURE,nem termelő és áll,E101,False,
2026-03-08 04:16:00+00:00,DMU50_001,MICRO_STOP,nem termelő,,False,
2026-03-08 04:17:00+00:00,DMU50_001,RUN,termelő,,False,
2026-03-08 04:27:00+00:00,DMU50_001,FAILURE,nem termelő és áll,E101,False,
2026-03-08 04:30:00+00:00,DMU50_001,RUN,termelő,,False,
2026-03-08 04:44:00+00:00,DMU50_001,MICRO_STOP,nem termelő,,False,
2026-03-08 04:46:00+00:00,DMU50_001,FAILURE,nem termelő és áll,E101,False,
2026-03-08 04:49:00+00:00,DMU50_001,RUN,termelő,,False,
2026-03-08 04:59:00+00:00,DMU50_001,IDLE,nem termelő,,False,simple_waiting
2026-03-08 05:03:00+00:00,DMU50_001,RUN,termelő,,False,
2026-03-08 05:15:00+00:00,DMU50_001,IDLE,nem termelő,,False,simple_waiting
2026-03-08 05:17:00+00:00,DMU50_001,RUN,termelő,,False,
2026-03-08 05:25:00+00:00,DMU50_001,IDLE,nem termelő,,False,simple_waiting
2026-03-08 05:29:00+00:00,DMU50_001,RUN,termelő,,False,
2026-03-08 05:37:00+00:00,DMU50_001,FAILURE,nem termelő és áll,E101,False,
2026-03-08 05:41:00+00:00,DMU50_001,IDLE,nem termelő,,False,simple_waiting
2026-03-08 05:45:00+00:00,DMU50_001,RUN,termelő,,False,
2026-03-08 05:54:00+00:00,DMU50_001,IDLE,nem termelő,,False,simple_waiting
2026-03-08 05:58:00+00:00,DMU50_001,FAILURE,nem termelő és áll,E101,False,
