bucket_start,machine_id,planned_time_sec,availability_loss_sec,ideal_cycle_time_total_sec,actual_cycle_time_total_sec,total_parts,good_parts,scrap_parts,energy_total_kwh,energy_productive_kwh,energy_non_productive_kwh,energy_non_productive_stop_kwh,good_cycle_energy_kwh,availability,performance,quality,oee,scrap_rate,cycle_energy_per_good_part_kwh,system_energy_per_good_part_kwh,non_productive_energy_ratio
2026-03-01 06:00:00+00:00,DMU50_001,3600.0,1200.0,1320.0,1362.304,3,2,1,9.688163,8.127323,1.1666,0.39424,3.79402,0.6666666666666666,0.9689467255473081,0.6666666666666666,0.43064298913213694,0.3333333333333333,1.89701,4.8440815,0.16110794172228524
2026-03-01 07:00:00+00:00,DMU50_001,3600.0,900.0,1380.0,1433.434,3,2,1,9.85916,8.20655,1.30973,0.34288,4.00126,0.75,0.9627230831695076,0.6666666666666666,0.4813615415847538,0.3333333333333333,2.00063,4.92958,0.16762178522308188
2026-03-01 08:00:00+00:00,DMU50_001,3600.0,660.0,2040.0,2038.823,4,3,1,11.5141,10.08972,1.42438,0.0,6.4543,0.8166666666666667,1.0005772938602322,0.75,0.6128535924893922,0.25,2.1514333333333333,3.838033333333333,0.12370745433859355
2026-03-01 09:00:00+00:00,DMU50_001,3600.0,480.0,900.0,969.391,2,1,1,10.34851,9.01698,1.21928,0.11225,1.73126,0.8666666666666667,0.9284179448746688,0.5,0.4023144427790231,0.5,1.73126,10.34851,0.12866876487532988
2026-03-01 10:00:00+00:00,DMU50_001,3600.0,720.0,1860.0,1861.019,4,3,1,10.68683,9.40644,0.82576,0.45463,5.98243,0.8,0.9994524505123269,0.75,0.5996714703073961,0.25,1.9941433333333334,3.5622766666666665,0.11981008400058764
2026-03-01 11:00:00+00:00,DMU50_001,3600.0,720.0,840.0,854.545,2,1,1,9.86386,8.59984,0.80386,0.46016,2.23719,0.8,0.9829792462655565,0.5,0.3931916985062226,0.5,2.23719,9.86386,0.128146587644188
2026-03-01 12:00:00+00:00,DMU50_001,3600.0,1020.0,1920.0,1941.981,4,3,1,10.61931,9.55111,0.54848,0.51972,6.06225,0.7166666666666667,0.9886811456960701,0.75,0.5314161158116377,0.25,2.02075,3.53977,0.10059033967366994
2026-03-01 13:00:00+00:00,DMU50_001,3600.0,720.0,1680.0,1692.743,4,3,1,10.88478,9.72076,0.81111,0.35291,5.73787,0.8,0.9924719818661191,0.75,0.5954831891196715,0.25,1.9126233333333333,3.62826,0.10694014945639692
2026-03-01 14:00:00+00:00,DMU50_001,3600.0,480.0,1680.0,1673.911,4,2,2,11.33947,9.90867,1.08358,0.34722,3.76716,0.8666666666666667,1.0036375888562774,0.5,0.43490962183772014,0.5,1.88358,5.669735,0.1261787367487193
2026-03-01 15:00:00+00:00,DMU50_001,3600.0,780.0,2040.0,2047.397,4,3,1,11.3122,9.89182,1.3097,0.11068,6.75963,0.7833333333333333,0.9963871198404608,0.75,0.5853774329062708,0.25,2.25321,3.7707333333333333,0.12556178285390993
2026-03-01 16:00:00+00:00,DMU50_001,3600.0,600.0,900.0,925.141,2,1,1,9.53641,8.36455,0.92983,0.24203,2.54135,0.8333333333333334,0.9728246829402221,0.5,0.4053436178917592,0.5,2.54135,9.53641,0.12288272001728114
2026-03-01 17:00:00+00:00,DMU50_001,3600.0,1200.0,1320.0,1339.44,3,2,1,9.96816,8.388,1.17325,0.40691,3.97862,0.6666666666666666,0.9854864719584304,0.6666666666666666,0.4379939875370802,0.3333333333333333,1.98931,4.98408,0.1585207300043338
2026-03-01 18:00:00+00:00,DMU50_001,3600.0,300.0,1740.0,1755.811,4,3,1,11.28505,10.16446,0.93096,0.18963,6.27413,0.9166666666666666,0.9909950444552403,0.75,0.6813090930629777,0.25,2.0913766666666667,3.7616833333333335,0.09929862960288169
2026-03-01 19:00:00+00:00,DMU50_001,3600.0,960.0,1380.0,1369.028,3,2,1,9.56262,8.11472,1.10083,0.34707,4.53968,0.7333333333333333,1.0080144452852682,0.6666666666666666,0.4928070621394644,0.3333333333333333,2.26984,4.78131,0.15141247900679938
2026-03-01 20:00:00+00:00,DMU50_001,3600.0,840.0,840.0,879.097,2,1,1,10.17839,8.78228,0.94368,0.45243,2.28428,0.7666666666666667,0.9555259544737384,0.5,0.36628494921493304,0.5,2.28428,10.17839,0.13716412910096784
2026-03-01 21:00:00+00:00,DMU50_001,3600.0,660.0,1680.0,1676.411,4,3,1,10.84934,9.72113,0.95617,0.17204,5.22137,0.8166666666666667,1.0021408831127927,0.75,0.6138112909065855,0.25,1.7404566666666668,3.6164466666666666,0.10398881406610909
2026-03-01 22:00:00+00:00,DMU50_001,3600.0,780.0,1200.0,1202.463,3,2,1,9.57258,8.36989,0.74077,0.46192,3.27261,0.7833333333333333,0.9979517041272787,0.6666666666666666,0.5211525565998011,0.3333333333333333,1.636305,4.78629,0.12563906491248963
2026-03-01 23:00:00+00:00,DMU50_001,3600.0,1080.0,840.0,836.427,2,1,1,8.98552,7.22288,1.52939,0.23325,1.48898,0.7,1.004271741586534,0.5,0.35149510955528696,0.5,1.48898,8.98552,0.19616449576652215
2026-03-02 00:00:00+00:00,DMU50_001,3600.0,960.0,1200.0,1226.436,3,2,1,10.24419,8.41802,1.35259,0.47358,4.03573,0.7333333333333333,0.9784448597399293,0.6666666666666666,0.4783508203172988,0.3333333333333333,2.017865,5.122095,0.17826397206611747
2026-03-02 01:00:00+00:00,DMU50_001,3600.0,480.0,1680.0,1729.515,4,3,1,11.29072,9.73839,1.08927,0.46306,5.80551,0.8666666666666667,0.9713705865517211,0.75,0.6313908812586188,0.25,1.93517,3.7635733333333334,0.13748724616322078
2026-03-02 02:00:00+00:00,DMU50_001,3600.0,600.0,1500.0,1515.999,3,2,1,10.34006,9.10114,1.23892,0.0,4.49267,0.8333333333333334,0.9894465629594742,0.6666666666666666,0.5496925349774857,0.3333333333333333,2.246335,5.17003,0.1198174865523024
2026-03-02 03:00:00+00:00,DMU50_001,3600.0,1260.0,1020.0,1060.999,2,1,1,9.49864,7.89252,0.90262,0.7035,2.52173,0.65,0.9613581162658966,0.5,0.3124413877864164,0.5,2.52173,9.49864,0.16908946965039207
2026-03-02 04:00:00+00:00,DMU50_001,3600.0,1320.0,1200.0,1221.735,3,2,1,8.81897,7.07406,1.27098,0.47393,3.45489,0.6333333333333333,0.982209726331815,0.6666666666666666,0.41471077334009965,0.3333333333333333,1.727445,4.409485,0.19785870685578927
2026-03-02 05:00:00+00:00,DMU50_001,3600.0,1320.0,1200.0,1243.925,3,2,1,9.71375,7.69734,1.15263,0.86378,3.78322,0.6333333333333333,0.9646883855537914,0.6666666666666666,0.4073128739004897,0.3333333333333333,1.89161,4.856875,0.20758306524256853
2026-03-02 06:00:00+00:00,DMU50_001,3600.0,780.0,1680.0,1709.818,4,3,1,10.89797,9.50705,1.09884,0.29208,5.52123,0.7833333333333333,0.9825607169885918,0.75,0.5772544212307976,0.25,1.84041,3.6326566666666666,0.12763110927998517
2026-03-02 07:00:00+00:00,DMU50_001,3600.0,600.0,1680.0,1677.241,4,3,1,10.8541,9.36055,1.3142,0.17935,5.46186,0.8333333333333334,1.0016449633654316,0.75,0.6260281021033948,0.25,1.82062,3.6180333333333334,0.1376023806672133
2026-03-02 08:00:00+00:00,DMU50_001,3600.0,1080.0,1380.0,1384.265,3,2,1,9.9791,8.65629,0.851,0.47181,3.9923,0.7,0.9969189425435159,0.6666666666666666,0.4652288398536407,0.3333333333333333,1.99615,4.98955,0.13255804631680213
2026-03-02 09:00:00+00:00,DMU50_001,3600.0,600.0,2040.0,2129.404,4,2,2,11.76603,10.62798,0.73387,0.40418,4.70525,0.8333333333333334,0.9580145430364553,0.5,0.3991727262651897,0.5,2.352625,5.883015,0.09672336378540596
2026-03-02 10:00:00+00:00,DMU50_001,3600.0,1200.0,960.0,1020.33,2,2,0,8.9893,7.29494,1.03999,0.65437,4.44562,0.6666666666666666,0.9408720708006233,1.0,0.6272480472004156,0.0,2.22281,4.49465,0.1884863115036766
2026-03-02 11:00:00+00:00,DMU50_001,3600.0,540.0,1200.0,1173.038,3,2,1,10.27829,9.42626,0.62053,0.2315,3.52889,0.85,1.0229847626419604,0.6666666666666666,0.5796913654971109,0.3333333333333333,1.764445,5.139145,0.08289608485458184
2026-03-02 12:00:00+00:00,DMU50_001,3600.0,480.0,840.0,880.263,2,1,1,9.9168,8.86347,0.75024,0.30309,2.30933,0.8666666666666667,0.9542602608538584,0.5,0.41351277970333866,0.5,2.30933,9.9168,0.10621672313649565
2026-03-02 13:00:00+00:00,DMU50_001,3600.0,540.0,1740.0,1714.222,4,3,1,10.83812,9.25882,1.45723,0.12207,5.20232,0.85,1.0150377255688003,0.75,0.6470865500501102,0.25,1.7341066666666667,3.6127066666666665,0.14571715389753942
2026-03-02 14:00:00+00:00,DMU50_001,3600.0,840.0,1380.0,1363.352,3,2,1,9.5757,8.2747,0.94761,0.35339,4.03907,0.7666666666666667,1.0122110797504973,0.6666666666666666,0.5173523296502541,0.3333333333333333,2.019535,4.78785,0.1358647409588855
2026-03-02 15:00:00+00:00,DMU50_001,3600.0,720.0,840.0,859.671,2,1,1,10.2201,9.33251,0.54189,0.3457,1.72999,0.8,0.9771179904870584,0.5,0.3908471961948234,0.5,1.72999,10.2201,0.08684748681519751
2026-03-02 16:00:00+00:00,DMU50_001,3600.0,900.0,1380.0,1420.536,3,2,1,10.11348,8.64326,1.07857,0.39165,3.97757,0.75,0.9714642923516194,0.6666666666666666,0.4857321461758097,0.3333333333333333,1.988785,5.05674,0.14537231496972358
2026-03-02 17:00:00+00:00,DMU50_001,3600.0,660.0,1680.0,1765.323,4,3,1,11.19997,10.0941,0.81853,0.28734,6.21953,0.8166666666666667,0.9516672019794677,0.75,0.582896161212424,0.25,2.073176666666667,3.7333233333333333,0.09873865733568929
2026-03-02 18:00:00+00:00,DMU50_001,3600.0,900.0,2160.0,2185.559,5,3,2,11.12295,9.80824,0.67932,0.63539,5.78467,0.75,0.9883055090253797,0.6,0.4447374790614209,0.4,1.9282233333333334,3.70765,0.11819796007354164
2026-03-02 19:00:00+00:00,DMU50_001,3600.0,720.0,1680.0,1763.201,4,3,1,11.28536,10.03024,1.25512,0.0,5.74517,0.8,0.9528125267624055,0.75,0.5716875160574433,0.25,1.9150566666666666,3.7617866666666666,0.1112166559152743
2026-03-02 20:00:00+00:00,DMU50_001,3600.0,840.0,1680.0,1680.99,4,2,2,11.05612,9.9884,0.77471,0.29301,3.75495,0.7666666666666667,0.9994110613388539,0.5,0.38310757351322733,0.5,1.877475,5.52806,0.09657275789336585
2026-03-02 21:00:00+00:00,DMU50_001,3600.0,1200.0,1680.0,1712.33,4,3,1,9.64575,8.35744,0.50179,0.78652,5.92638,0.6666666666666666,0.9811192935941087,0.75,0.4905596467970543,0.25,1.97546,3.21525,0.13356244978358345
2026-03-02 22:00:00+00:00,DMU50_001,3600.0,600.0,720.0,748.847,2,1,1,9.93778,8.52334,0.94989,0.46455,1.7484,0.8333333333333334,0.9614781123513882,0.5,0.40061588014641175,0.5,1.7484,9.93778,0.1423295746132436
2026-03-02 23:00:00+00:00,DMU50_001,3600.0,780.0,2040.0,2066.626,4,3,1,10.81064,9.44456,0.8883,0.47778,7.0534,0.7833333333333333,0.9871161980929302,0.75,0.5799307663795965,0.25,2.3511333333333333,3.603546666666667,0.12636439655746562
2026-03-03 00:00:00+00:00,DMU50_001,3600.0,360.0,1380.0,1390.2,3,2,1,11.4311,10.38964,0.8066,0.23486,4.06201,0.9,0.9926629261976694,0.6666666666666666,0.5955977557186016,0.3333333333333333,2.031005,5.71555,0.09110759244517151
2026-03-03 01:00:00+00:00,DMU50_001,3600.0,1200.0,1320.0,1353.029,3,2,1,10.00185,8.19963,1.15688,0.64534,4.47322,0.6666666666666666,0.9755888454719005,0.6666666666666666,0.43359504243195574,0.3333333333333333,2.23661,5.000925,0.18018866509695705
2026-03-03 02:00:00+00:00,DMU50_001,3600.0,960.0,1200.0,1163.485,3,2,1,9.14187,7.96399,0.76451,0.41337,3.47641,0.7333333333333333,1.0313841605177547,0.6666666666666666,0.5042322562531246,0.3333333333333333,1.738205,4.570935,0.12884453618351607
2026-03-03 03:00:00+00:00,DMU50_001,3600.0,420.0,1200.0,1220.144,3,2,1,11.06703,10.08035,0.68351,0.30317,3.25569,0.8833333333333333,0.9834904732556158,0.6666666666666666,0.579166612028307,0.3333333333333333,1.627845,5.533515,0.08915490425163752
2026-03-03 04:00:00+00:00,DMU50_001,3600.0,840.0,1680.0,1689.413,4,3,1,10.86093,9.22688,1.63405,0.0,5.79072,0.7666666666666667,0.9944282422356168,0.75,0.5717962392854796,0.25,1.93024,3.62031,0.15045212518633302
2026-03-03 05:00:00+00:00,DMU50_001,3600.0,600.0,1380.0,1452.463,3,2,1,10.79838,9.83335,0.96503,0.0,4.02205,0.8333333333333334,0.9501102609842729,0.6666666666666666,0.5278390338801516,0.3333333333333333,2.011025,5.39919,0.08936803483485486
2026-03-03 06:00:00+00:00,DMU50_001,3600.0,600.0,1860.0,1891.699,4,2,2,11.33304,10.14584,0.89241,0.29479,3.49927,0.8333333333333334,0.9832431058006585,0.5,0.40968462741694106,0.5,1.749635,5.66652,0.10475565249924115
2026-03-03 07:00:00+00:00,DMU50_001,3600.0,540.0,2160.0,2204.818,5,4,1,11.83203,10.79443,1.0376,0.0,7.52133,0.85,0.9796726986082298,0.8,0.6661774350535963,0.2,1.8803325,2.9580075,0.08769416575177717
2026-03-03 08:00:00+00:00,DMU50_001,3600.0,900.0,720.0,727.015,2,1,1,9.23377,7.87652,0.95598,0.40127,1.49108,0.75,0.9903509556198978,0.5,0.3713816083574617,0.5,1.49108,9.23377,0.14698763343683025
2026-03-03 09:00:00+00:00,DMU50_001,3600.0,960.0,1200.0,1230.56,3,2,1,9.69939,8.74231,0.21938,0.7377,3.22405,0.7333333333333333,0.975165778182291,0.6666666666666666,0.47674771377800895,0.3333333333333333,1.612025,4.849695,0.09867424652478146
2026-03-03 10:00:00+00:00,DMU50_001,3600.0,660.0,2340.0,2344.18,5,3,2,12.03141,10.79692,0.75313,0.48136,6.46939,0.8166666666666667,0.9982168604799972,0.6,0.4891262616351987,0.4,2.1564633333333334,4.01047,0.10260559651778138
2026-03-03 11:00:00+00:00,DMU50_001,3600.0,720.0,1320.0,1348.296,3,2,1,10.31333,9.11327,0.9696,0.23046,3.75418,0.8,0.9790135103864434,0.6666666666666666,0.5221405388727698,0.3333333333333333,1.87709,5.156665,0.11636008932129584
2026-03-03 12:00:00+00:00,DMU50_001,3600.0,1020.0,1200.0,1197.627,3,2,1,9.14611,7.75921,1.03373,0.35317,3.28918,0.7166666666666667,1.0019814182545985,0.6666666666666666,0.47872445538830816,0.3333333333333333,1.64459,4.573055,0.15163823745832927
2026-03-03 13:00:00+00:00,DMU50_001,3600.0,960.0,720.0,711.177,2,2,0,9.31346,7.75346,1.15415,0.40585,3.26007,0.7333333333333333,1.0124061942385651,1.0,0.7424312091082811,0.0,1.630035,4.65673,0.16749951145975825
2026-03-03 14:00:00+00:00,DMU50_001,3600.0,780.0,1860.0,1945.346,4,2,2,10.84911,9.7506,0.70281,0.3957,4.31715,0.7833333333333333,0.9561281129423763,0.5,0.3744835109024307,0.5,2.158575,5.424555,0.10125346687424129
2026-03-03 15:00:00+00:00,DMU50_001,3600.0,720.0,1560.0,1614.545,3,2,1,11.313,10.30878,0.40733,0.59689,4.46705,0.8,0.966216488236624,0.6666666666666666,0.5153154603928661,0.3333333333333333,2.233525,5.6565,0.08876690533015115
2026-03-03 16:00:00+00:00,DMU50_001,3600.0,1440.0,1320.0,1318.546,3,2,1,9.32945,7.69954,0.71159,0.91832,4.01782,0.6,1.0011027298251256,0.6666666666666666,0.40044109193005023,0.3333333333333333,2.00891,4.664725,0.17470590442094658
2026-03-03 17:00:00+00:00,DMU50_001,3600.0,840.0,1680.0,1749.038,4,3,1,10.16233,8.58056,1.10263,0.47914,6.24659,0.7666666666666667,0.9605280159722087,0.75,0.55230360918402,0.25,2.082196666666667,3.387443333333333,0.15565032822197272
2026-03-03 18:00:00+00:00,DMU50_001,3600.0,540.0,1680.0,1714.724,4,3,1,11.51661,10.6864,0.53794,0.29227,5.27832,0.85,0.9797495107084289,0.75,0.6245903130766234,0.25,1.75944,3.83887,0.07208805368941033
2026-03-03 19:00:00+00:00,DMU50_001,3600.0,540.0,1200.0,1226.311,3,2,1,10.75067,9.49508,1.01369,0.2419,3.78558,0.85,0.9785445943157975,0.6666666666666666,0.5545086034456186,0.3333333333333333,1.89279,5.375335,0.11679179065118732
2026-03-03 20:00:00+00:00,DMU50_001,3600.0,780.0,1560.0,1572.308,3,2,1,9.76348,8.07325,1.38261,0.30762,4.45238,0.7833333333333333,0.9921720171874722,0.6666666666666666,0.5181342756423466,0.3333333333333333,2.22619,4.88174,0.17311757692953741
2026-03-03 21:00:00+00:00,DMU50_001,3600.0,540.0,1860.0,1852.655,4,2,2,12.18522,11.43643,0.74879,0.0,3.53215,0.85,1.0039645805614106,0.5,0.42668494673859947,0.5,1.766075,6.09261,0.06145067549047124
2026-03-03 22:00:00+00:00,DMU50_001,3600.0,1560.0,1020.0,1022.016,2,2,0,8.61641,6.58795,1.16027,0.86819,4.52104,0.5666666666666667,0.9980274281420252,1.0,0.5655488759471476,0.0,2.26052,4.308205,0.23541823102661086
2026-03-03 23:00:00+00:00,DMU50_001,3600.0,1140.0,720.0,759.378,2,1,1,8.67585,7.03652,1.17946,0.45987,1.74402,0.6833333333333333,0.9481444023924843,0.5,0.3239493374840988,0.5,1.74402,8.67585,0.18895324377438522
2026-03-04 00:00:00+00:00,DMU50_001,3600.0,840.0,540.0,540.869,1,1,0,8.81599,7.79546,0.569,0.45153,2.53554,0.7666666666666667,0.9983933262952767,1.0,0.7654348834930454,0.0,2.53554,8.81599,0.11575897885546603
2026-03-04 01:00:00+00:00,DMU50_001,3600.0,1140.0,1680.0,1690.126,4,2,2,9.88033,8.42912,0.82144,0.62977,3.70892,0.6833333333333333,0.994008730710018,0.5,0.3396196496592562,0.5,1.85446,4.940165,0.14687869737144407
2026-03-04 02:00:00+00:00,DMU50_001,3600.0,900.0,1680.0,1672.805,4,3,1,10.64914,9.56768,0.6175,0.46396,5.75472,0.75,1.0043011588320216,0.75,0.5649194018430123,0.25,1.91824,3.5497133333333335,0.10155374048984238
2026-03-04 03:00:00+00:00,DMU50_001,3600.0,1020.0,840.0,831.41,2,1,1,9.33713,7.67772,1.37742,0.28199,2.00586,0.7166666666666667,1.010331845900338,0.5,0.36203557811428777,0.5,2.00586,9.33713,0.17772163394961835
2026-03-04 04:00:00+00:00,DMU50_001,3600.0,720.0,1680.0,1738.62,4,3,1,10.61115,9.15909,1.15441,0.29765,5.71069,0.8,0.9662836042378438,0.75,0.5797701625427063,0.25,1.9035633333333333,3.53705,0.13684284926704457
2026-03-04 05:00:00+00:00,DMU50_001,3600.0,900.0,1680.0,1655.464,4,3,1,11.15186,9.89515,0.9739,0.28281,5.48483,0.75,1.014821222328,0.75,0.5708369375594999,0.25,1.8282766666666668,3.717286666666667,0.11269061842598455
2026-03-04 06:00:00+00:00,DMU50_001,3600.0,840.0,1680.0,1702.786,4,2,2,10.70163,9.47272,1.05038,0.17853,3.7888,0.7666666666666667,0.9866184006680816,0.5,0.37820372025609794,0.5,1.8944,5.350815,0.11483390847936249
2026-03-04 07:00:00+00:00,DMU50_001,3600.0,780.0,840.0,872.372,2,2,0,9.55013,8.30449,0.70211,0.54353,3.76068,0.7833333333333333,0.9628919772757494,1.0,0.754265382199337,0.0,1.88034,4.775065,0.13043173234291053
2026-03-04 08:00:00+00:00,DMU50_001,3600.0,960.0,1320.0,1320.08,3,2,1,9.94133,8.2506,1.69073,0.0,3.50481,0.7333333333333333,0.9999393976122659,0.6666666666666666,0.4888592610548856,0.3333333333333333,1.752405,4.970665,0.17007080541537198
2026-03-04 09:00:00+00:00,DMU50_001,3600.0,120.0,1680.0,1653.986,4,2,2,11.56067,10.20497,1.3557,0.0,3.6756,0.9666666666666667,1.0157280654128873,0.5,0.49093523161622893,0.5,1.8378,5.780335,0.11726828981365267
2026-03-04 10:00:00+00:00,DMU50_001,3600.0,900.0,2520.0,2621.423,5,4,1,11.55415,10.38808,0.46748,0.69859,9.5025,0.75,0.9613099450184117,0.8,0.576785967011047,0.2,2.375625,2.8885375,0.10092217947663826
2026-03-04 11:00:00+00:00,DMU50_001,3600.0,1140.0,1200.0,1231.375,3,2,1,10.00419,8.68092,0.62605,0.69722,3.75861,0.6833333333333333,0.9745203532636281,0.6666666666666666,0.4439481609312083,0.3333333333333333,1.879305,5.002095,0.13227157820873053
2026-03-04 12:00:00+00:00,DMU50_001,3600.0,900.0,1680.0,1682.035,4,2,2,10.37597,9.01753,0.89525,0.46319,3.77023,0.75,0.9987901559717842,0.5,0.37454630848941906,0.5,1.885115,5.187985,0.13092173551002942
2026-03-04 13:00:00+00:00,DMU50_001,3600.0,600.0,1680.0,1669.421,4,3,1,11.65774,10.56177,1.09597,0.0,5.24029,0.8333333333333334,1.006336927593459,0.75,0.6289605797459119,0.25,1.7467633333333332,3.8859133333333333,0.09401221849174883
2026-03-04 14:00:00+00:00,DMU50_001,3600.0,480.0,2160.0,2224.729,5,3,2,11.38179,10.02376,1.23398,0.12405,6.18949,0.8666666666666667,0.9709047708732165,0.6,0.5048704808540726,0.4,2.0631633333333332,3.79393,0.11931603025534648
2026-03-04 15:00:00+00:00,DMU50_001,3600.0,1080.0,1380.0,1375.306,3,2,1,10.03678,8.76398,0.55974,0.71306,4.02817,0.7,1.003413058621136,0.6666666666666666,0.46825942735653014,0.3333333333333333,2.014085,5.01839,0.12681357965403248
2026-03-04 16:00:00+00:00,DMU50_001,3600.0,660.0,1020.0,1043.549,2,2,0,10.61636,9.26515,0.94556,0.40565,4.79159,0.8166666666666667,0.9774337381378354,1.0,0.7982375528125656,0.0,2.395795,5.30818,0.12727620389662747
2026-03-04 17:00:00+00:00,DMU50_001,3600.0,240.0,2700.0,2680.251,6,4,2,12.70715,11.7538,0.89545,0.0579,8.344,0.9333333333333333,1.0073683397562392,0.6666666666666666,0.6268069669594377,0.3333333333333333,2.086,3.1767875,0.07502469082367014
2026-03-04 18:00:00+00:00,DMU50_001,3600.0,780.0,1200.0,1184.425,3,2,1,10.64492,9.65711,0.80326,0.18455,3.7678,0.7833333333333333,1.013149840639973,0.6666666666666666,0.529089361223097,0.3333333333333333,1.8839,5.32246,0.09279637611179793
2026-03-04 19:00:00+00:00,DMU50_001,3600.0,480.0,1200.0,1241.706,3,2,1,10.70183,9.89187,0.80996,0.0,4.0232,0.8666666666666667,0.9664123391527463,0.6666666666666666,0.5583715737326979,0.3333333333333333,2.0116,5.350915,0.07568425213257919
2026-03-04 20:00:00+00:00,DMU50_001,3600.0,1200.0,1200.0,1176.02,3,2,1,9.21658,7.98761,0.27948,0.94949,2.98134,0.6666666666666666,1.0203908096801075,0.6666666666666666,0.4535070265244922,0.3333333333333333,1.49067,4.60829,0.13334338767742482
2026-03-04 21:00:00+00:00,DMU50_001,3600.0,600.0,1860.0,1908.063,4,2,2,11.51684,10.72928,0.55793,0.22963,4.20977,0.8333333333333334,0.9748105801538,0.5,0.4061710750640833,0.5,2.104885,5.75842,0.06838334126374943
2026-03-04 22:00:00+00:00,DMU50_001,3600.0,840.0,2040.0,2117.067,4,3,1,10.70659,9.29616,0.73933,0.6711,6.74634,0.7666666666666667,0.9635972786879206,0.75,0.5540684352455544,0.25,2.24878,3.5688633333333333,0.13173475401598456
2026-03-04 23:00:00+00:00,DMU50_001,3600.0,660.0,1020.0,1070.458,2,1,1,10.68887,9.82835,0.56565,0.29487,2.26291,0.8166666666666667,0.9528631669808624,0.5,0.38908579318385217,0.5,2.26291,10.68887,0.08050617137265212
2026-03-05 00:00:00+00:00,DMU50_001,3600.0,1020.0,1020.0,1055.254,2,2,0,9.35678,7.80741,1.25007,0.2993,4.4956,0.7166666666666667,0.966591929525972,1.0,0.6927242161602799,0.0,2.2478,4.67839,0.1655879479906549
2026-03-05 01:00:00+00:00,DMU50_001,3600.0,1140.0,1200.0,1282.662,3,2,1,9.64778,8.28072,0.90192,0.46514,4.04003,0.6833333333333333,0.9355543393349144,0.6666666666666666,0.4261969768081277,0.3333333333333333,2.020015,4.82389,0.1416968463211226
2026-03-05 02:00:00+00:00,DMU50_001,3600.0,1080.0,1200.0,1243.48,3,2,1,9.58781,8.17426,0.69015,0.7234,3.98006,0.7,0.9650336153376009,0.6666666666666666,0.45034902049088044,0.3333333333333333,1.99003,4.793905,0.1474319995911475
2026-03-05 03:00:00+00:00,DMU50_001,3600.0,480.0,2580.0,2570.473,5,3,2,12.34649,11.30266,0.80894,0.23489,6.74889,0.8666666666666667,1.00370632175479,0.6,0.5219272873124907,0.4,2.24963,4.115496666666667,0.08454467626021647
2026-03-05 04:00:00+00:00,DMU50_001,3600.0,1140.0,1500.0,1503.894,3,2,1,10.32689,8.42706,1.4289,0.47093,4.19945,0.6833333333333333,0.9974107217662947,0.6666666666666666,0.454375995471312,0.3333333333333333,2.099725,5.163445,0.1839692298455779
2026-03-05 05:00:00+00:00,DMU50_001,3600.0,600.0,1860.0,1886.524,4,3,1,10.7588,9.53969,1.09585,0.12326,6.292,0.8333333333333334,0.985940279582979,0.75,0.6162126747393619,0.25,2.0973333333333333,3.5862666666666665,0.11331282299141168
2026-03-05 06:00:00+00:00,DMU50_001,3600.0,780.0,1200.0,1236.842,3,2,1,10.85714,9.88467,0.61533,0.35714,3.96642,0.7833333333333333,0.9702128485287531,0.6666666666666666,0.5066667097872377,0.3333333333333333,1.98321,5.42857,0.08956962883411285
2026-03-05 07:00:00+00:00,DMU50_001,3600.0,720.0,1380.0,1388.791,3,2,1,10.0843,8.88241,1.07528,0.12661,3.79668,0.8,0.9936700338639868,0.6666666666666666,0.5299573513941263,0.3333333333333333,1.89834,5.04215,0.11918427654869451
2026-03-05 08:00:00+00:00,DMU50_001,3600.0,960.0,1020.0,1056.681,2,1,1,9.58562,8.2357,1.17379,0.17613,2.25719,0.7333333333333333,0.9652865907497153,0.5,0.353938416608229,0.5,2.25719,9.58562,0.1408276146978495
2026-03-05 09:00:00+00:00,DMU50_001,3600.0,420.0,1200.0,1228.996,3,2,1,10.8595,9.9835,0.876,0.0,3.2247,0.8833333333333333,0.9764067580366413,0.6666666666666666,0.5749950908437998,0.3333333333333333,1.61235,5.42975,0.08066669736175698
2026-03-05 10:00:00+00:00,DMU50_001,3600.0,1140.0,1200.0,1223.682,3,2,1,9.4676,8.29489,0.34533,0.82738,3.18603,0.6833333333333333,0.980646932781556,0.6666666666666666,0.44673915826715327,0.3333333333333333,1.593015,4.7338,0.12386560479952681
2026-03-05 11:00:00+00:00,DMU50_001,3600.0,840.0,1020.0,1047.679,2,1,1,9.49684,7.65642,1.54574,0.29468,2.50689,0.7666666666666667,0.973580648271083,0.5,0.3732059151705818,0.5,2.50689,9.49684,0.1937928826851879
2026-03-05 12:00:00+00:00,DMU50_001,3600.0,540.0,1680.0,1683.768,4,3,1,11.18201,10.03871,1.1433,0.0,6.02672,0.85,0.9977621620080677,0.75,0.6360733782801431,0.25,2.008906666666667,3.7273366666666665,0.10224458751154757
2026-03-05 13:00:00+00:00,DMU50_001,3600.0,720.0,1680.0,1693.519,4,3,1,10.94157,9.92929,0.53687,0.47541,5.26492,0.8,0.9920172138606063,0.75,0.5952103283163638,0.25,1.7549733333333333,3.64719,0.09251688743023168
2026-03-05 14:00:00+00:00,DMU50_001,3600.0,900.0,1200.0,1257.513,3,2,1,10.00398,8.62532,1.14796,0.2307,4.02158,0.75,0.9542644887170153,0.6666666666666666,0.47713224435850765,0.3333333333333333,2.01079,5.00199,0.1378111511618376
2026-03-05 15:00:00+00:00,DMU50_001,3600.0,960.0,1860.0,1888.038,4,2,2,10.02329,8.37527,1.00509,0.64293,3.96891,0.7333333333333333,0.9851496633012683,0.5,0.36122154321046507,0.5,1.984455,5.011645,0.1644190679906498
2026-03-05 16:00:00+00:00,DMU50_001,3600.0,840.0,840.0,894.519,2,2,0,10.14959,8.81948,1.16158,0.16853,4.02693,0.7666666666666667,0.9390521609937855,1.0,0.7199399900952356,0.0,2.013465,5.074795,0.13105061386716113
2026-03-05 17:00:00+00:00,DMU50_001,3600.0,720.0,900.0,925.816,2,1,1,9.02146,7.58415,1.02668,0.41063,2.49817,0.8,0.9721154095414207,0.5,0.3888461638165683,0.5,2.49817,9.02146,0.15932121851673675
2026-03-05 18:00:00+00:00,DMU50_001,3600.0,1080.0,2040.0,2066.342,4,3,1,10.77834,9.62425,0.6936,0.46049,6.56668,0.7,0.9872518682773713,0.75,0.5183072308456199,0.25,2.188893333333333,3.59278,0.10707492990571832
2026-03-05 19:00:00+00:00,DMU50_001,3600.0,900.0,1500.0,1562.853,3,2,1,11.25422,9.81377,1.44045,0.0,4.80812,0.75,0.9597831657871854,0.6666666666666666,0.4798915828935927,0.3333333333333333,2.40406,5.62711,0.12799198878287432
2026-03-05 20:00:00+00:00,DMU50_001,3600.0,660.0,2040.0,2020.587,4,2,2,11.74207,10.72321,0.90331,0.11555,4.25038,0.8166666666666667,1.0096076041269195,0.5,0.4122564383518255,0.5,2.12519,5.871035,0.08677004991453807
2026-03-05 21:00:00+00:00,DMU50_001,3600.0,840.0,1380.0,1400.163,3,2,1,10.27047,9.23716,0.69054,0.34277,4.71962,0.7666666666666667,0.9855995337685683,0.6666666666666666,0.503750872815046,0.3333333333333333,2.35981,5.135235,0.10060980656191976
2026-03-05 22:00:00+00:00,DMU50_001,3600.0,720.0,1380.0,1456.215,3,2,1,10.54042,9.43167,1.10875,0.0,4.74483,0.8,0.9476622614105746,0.6666666666666666,0.5054198727523065,0.3333333333333333,2.372415,5.27021,0.10519030550964763
2026-03-05 23:00:00+00:00,DMU50_001,3600.0,780.0,840.0,895.862,2,2,0,9.43851,8.31031,0.9551,0.1731,3.98335,0.7833333333333333,0.9376444139834037,1.0,0.7344881242869996,0.0,1.991675,4.719255,0.11953157860721661
2026-03-06 00:00:00+00:00,DMU50_001,3600.0,480.0,1680.0,1712.641,4,2,2,11.17981,9.95589,1.22392,0.0,4.00054,0.8666666666666667,0.9809411312703596,0.5,0.4250744902171558,0.5,2.00027,5.589905,0.10947592132603327
2026-03-06 01:00:00+00:00,DMU50_001,3600.0,960.0,480.0,474.397,1,1,0,8.52641,7.12847,0.80382,0.59412,1.96345,0.7333333333333333,1.0118107829518315,1.0,0.7419945741646764,0.0,1.96345,8.52641,0.1639541143341688
2026-03-06 02:00:00+00:00,DMU50_001,3600.0,960.0,1680.0,1743.154,4,3,1,10.8317,9.39687,1.09163,0.3432,5.75372,0.7333333333333333,0.9637702692934761,0.75,0.5300736481114119,0.25,1.9179066666666666,3.6105666666666667,0.13246581792331766
2026-03-06 03:00:00+00:00,DMU50_001,3600.0,780.0,1680.0,1689.405,4,2,2,10.72812,9.39689,0.75649,0.57474,3.75689,0.7833333333333333,0.9944329512461488,0.5,0.38948623923807496,0.5,1.878445,5.36406,0.12408791102262093
2026-03-06 04:00:00+00:00,DMU50_001,3600.0,900.0,1680.0,1711.258,4,3,1,11.02885,9.6947,1.33415,0.0,6.30838,0.75,0.9817339056997835,0.75,0.5522253219561282,0.25,2.1027933333333335,3.676283333333333,0.12096909469255634
2026-03-06 05:00:00+00:00,DMU50_001,3600.0,1080.0,840.0,840.182,2,1,1,8.83779,7.09842,0.68751,1.05186,1.53172,0.7,0.9997833802676087,0.5,0.349924183093663,0.5,1.53172,8.83779,0.19681051484590606
2026-03-06 06:00:00+00:00,DMU50_001,3600.0,360.0,1380.0,1393.464,3,2,1,10.65508,9.38567,0.92123,0.34818,3.67429,0.9,0.9903377482303095,0.6666666666666666,0.5942026489381858,0.3333333333333333,1.837145,5.32754,0.11913659963134955
2026-03-06 07:00:00+00:00,DMU50_001,3600.0,360.0,2040.0,2108.158,5,4,1,11.98369,11.08172,0.66502,0.23695,8.02143,0.9,0.967669406183028,0.8,0.6967219724517801,0.2,2.0053575,2.9959225,0.0752664663388322
2026-03-06 08:00:00+00:00,DMU50_001,3600.0,1080.0,1320.0,1359.468,3,2,1,10.05176,8.65201,0.8294,0.57035,3.78645,0.7,0.9709680551509855,0.6666666666666666,0.4531184257371266,0.3333333333333333,1.893225,5.02588,0.1392542201564701
2026-03-06 09:00:00+00:00,DMU50_001,3600.0,660.0,1680.0,1680.074,4,2,2,10.98445,9.7725,0.87031,0.34164,3.55471,0.8166666666666667,0.9999559543210597,0.5,0.4083153480144327,0.5,1.777355,5.492225,0.11033324381284453
2026-03-06 10:00:00+00:00,DMU50_001,3600.0,480.0,2040.0,2083.273,4,3,1,11.83675,10.60556,1.23119,0.0,6.77105,0.8666666666666667,0.9792283584532608,0.75,0.6364984329946195,0.25,2.257016666666667,3.9455833333333334,0.10401419308509514
2026-03-06 11:00:00+00:00,DMU50_001,3600.0,1140.0,1320.0,1323.085,3,2,1,9.90476,7.92259,1.68109,0.30108,4.23867,0.6833333333333333,0.9976683281875314,0.6666666666666666,0.4544933495076532,0.3333333333333333,2.119335,4.95238,0.20012297117749445
2026-03-06 12:00:00+00:00,DMU50_001,3600.0,1140.0,1200.0,1188.5,3,2,1,9.2973,7.07569,1.58666,0.63495,3.23983,0.6833333333333333,1.0096760622633572,0.6666666666666666,0.45996353947552937,0.3333333333333333,1.619915,4.64865,0.23895216890925322
2026-03-06 13:00:00+00:00,DMU50_001,3600.0,600.0,1680.0,1772.986,4,3,1,11.20714,9.8609,1.23127,0.11497,6.19006,0.8333333333333334,0.9475540133988649,0.75,0.5922212583742906,0.25,2.063353333333333,3.7357133333333334,0.1201234213189092
2026-03-06 14:00:00+00:00,DMU50_001,3600.0,900.0,1680.0,1685.861,4,2,2,10.73114,9.65502,0.55166,0.52446,3.54501,0.75,0.9965234381719489,0.5,0.37369628931448085,0.5,1.772505,5.36557,0.10028011935358219
2026-03-06 15:00:00+00:00,DMU50_001,3600.0,360.0,1680.0,1737.858,4,3,1,11.59122,10.26079,1.09057,0.23986,5.77722,0.9,0.9667072913897453,0.75,0.6525274216880781,0.25,1.92574,3.86374,0.11477911729740269
2026-03-06 16:00:00+00:00,DMU50_001,3600.0,960.0,900.0,910.681,2,1,1,9.14981,7.67512,0.78469,0.69,1.74644,0.7333333333333333,0.9882714144689524,0.5,0.36236618530528253,0.5,1.74644,9.14981,0.1611716527447018
2026-03-06 17:00:00+00:00,DMU50_001,3600.0,720.0,1500.0,1518.853,3,2,1,10.50191,9.09953,0.9491,0.45328,4.45101,0.8,0.9875873438706708,0.6666666666666666,0.5267132500643578,0.3333333333333333,2.225505,5.250955,0.1335357092186088
2026-03-06 18:00:00+00:00,DMU50_001,3600.0,360.0,2040.0,2099.88,5,4,1,11.75634,10.45737,1.07647,0.2225,7.69385,0.9,0.9714840848048459,0.8,0.6994685410594891,0.2,1.9234625,2.939085,0.11049102016443893
2026-03-06 19:00:00+00:00,DMU50_001,3600.0,900.0,1020.0,1082.804,2,1,1,10.00826,9.00428,0.76281,0.24117,2.19439,0.75,0.9419987366134591,0.5,0.3532495262300472,0.5,2.19439,10.00826,0.10031513969461225
2026-03-06 20:00:00+00:00,DMU50_001,3600.0,600.0,960.0,968.114,2,1,1,9.83701,8.20961,1.45555,0.17185,2.28142,0.8333333333333334,0.991618755642414,0.5,0.4131744815176725,0.5,2.28142,9.83701,0.1654364486769862
2026-03-06 21:00:00+00:00,DMU50_001,3600.0,1020.0,1380.0,1445.954,3,2,1,10.11294,9.05898,0.28426,0.7697,4.27604,0.7166666666666667,0.954387207338546,0.6666666666666666,0.4559849990617498,0.3333333333333333,2.13802,5.05647,0.10421895116553644
2026-03-06 22:00:00+00:00,DMU50_001,3600.0,660.0,1380.0,1426.222,3,2,1,10.4717,9.21098,0.96246,0.29826,3.97742,0.8166666666666667,0.967591300653054,0.6666666666666666,0.5267997081333294,0.3333333333333333,1.98871,5.23585,0.12039305938863795
2026-03-06 23:00:00+00:00,DMU50_001,3600.0,480.0,1200.0,1222.654,3,2,1,10.51156,9.55703,0.95453,0.0,3.81822,0.8666666666666667,0.9814714547206324,0.6666666666666666,0.5670723960608098,0.3333333333333333,1.90911,5.25578,0.0908076441555773
2026-03-07 00:00:00+00:00,DMU50_001,3600.0,1200.0,1380.0,1384.325,3,2,1,9.38543,7.63085,0.75693,0.99765,4.53889,0.6666666666666666,0.9968757336608094,0.6666666666666666,0.4430558816270264,0.3333333333333333,2.269445,4.692715,0.18694721499174785
2026-03-07 01:00:00+00:00,DMU50_001,3600.0,660.0,1380.0,1445.471,3,2,1,10.86731,9.60113,1.03316,0.23302,4.0456,0.8166666666666667,0.9547061130939327,0.6666666666666666,0.5197844393511412,0.3333333333333333,2.0228,5.433655,0.1165127340620632
2026-03-07 02:00:00+00:00,DMU50_001,3600.0,780.0,1320.0,1313.762,3,2,1,10.17185,9.0217,0.97158,0.17857,3.7461,0.7833333333333333,1.0047481964008702,0.6666666666666666,0.5247018358982322,0.3333333333333333,1.87305,5.085925,0.11307186008444875
2026-03-07 03:00:00+00:00,DMU50_001,3600.0,1200.0,1200.0,1249.221,3,2,1,9.02142,7.50162,0.8163,0.7035,3.5017,0.6666666666666666,0.9605986450756111,0.6666666666666666,0.426932731144716,0.3333333333333333,1.75085,4.51071,0.1684657182572145
2026-03-07 04:00:00+00:00,DMU50_001,3600.0,1080.0,1200.0,1242.451,3,2,1,10.15282,8.15329,1.71821,0.28132,4.01747,0.7,0.9658328577947943,0.6666666666666666,0.45072200030423737,0.3333333333333333,2.008735,5.07641,0.19694331230140985
2026-03-07 05:00:00+00:00,DMU50_001,3600.0,960.0,1680.0,1745.703,4,3,1,10.69706,9.10495,1.36889,0.22322,5.53228,0.7333333333333333,0.9623630136397772,0.75,0.5292996575018775,0.25,1.8440933333333334,3.5656866666666667,0.14883622228911494
2026-03-07 06:00:00+00:00,DMU50_001,3600.0,780.0,2160.0,2205.22,5,3,2,11.28696,10.26625,0.89954,0.12117,5.96321,0.7833333333333333,0.9794941094312586,0.6,0.4603622314326915,0.4,1.9877366666666667,3.76232,0.09043267629193334
2026-03-07 07:00:00+00:00,DMU50_001,3600.0,840.0,1680.0,1677.812,4,3,1,11.26111,10.07248,0.96668,0.22195,5.94035,0.7666666666666667,1.0013040793605006,0.75,0.5757498456322878,0.25,1.9801166666666667,3.753703333333333,0.10555176177126412
2026-03-07 08:00:00+00:00,DMU50_001,3600.0,1080.0,2040.0,2044.675,5,3,2,10.79889,9.54513,1.0216,0.23216,5.29297,0.7,0.9977135730617335,0.6,0.4190397006859281,0.4,1.7643233333333332,3.59963,0.11610082147331809
2026-03-07 09:00:00+00:00,DMU50_001,3600.0,1200.0,1020.0,1005.855,2,2,0,9.48195,7.78189,1.04734,0.65272,4.24868,0.6666666666666666,1.0140626631075056,1.0,0.6760417754050038,0.0,2.12434,4.740975,0.17929434346310621
2026-03-07 10:00:00+00:00,DMU50_001,3600.0,840.0,1680.0,1739.474,4,2,2,11.00149,9.80073,0.83822,0.36254,4.00555,0.7666666666666667,0.9658092043916724,0.5,0.3702268616834744,0.5,2.002775,5.500745,0.10914521578440739
2026-03-07 11:00:00+00:00,DMU50_001,3600.0,840.0,2040.0,2112.894,5,4,1,11.54099,10.59809,0.82709,0.11581,7.68356,0.7666666666666667,0.9655003989788413,0.8,0.592173578040356,0.2,1.92089,2.8852475,0.08170009678545774
2026-03-07 12:00:00+00:00,DMU50_001,3600.0,540.0,2160.0,2181.546,5,3,2,12.12336,11.15997,0.73493,0.22846,6.28725,0.85,0.9901235179088591,0.6,0.5049629941335182,0.4,2.09575,4.04112,0.07946559369679693
2026-03-07 13:00:00+00:00,DMU50_001,3600.0,1260.0,480.0,482.881,1,1,0,8.08719,5.76868,1.84002,0.47849,2.21745,0.65,0.9940337267359867,1.0,0.6461219223783914,0.0,2.21745,8.08719,0.2866891961237463
2026-03-07 14:00:00+00:00,DMU50_001,3600.0,1440.0,1320.0,1372.101,3,2,1,8.95217,7.29902,0.83997,0.81318,4.02084,0.6,0.9620283054964612,0.6666666666666666,0.3848113221985845,0.3333333333333333,2.01042,4.476085,0.18466472374854365
2026-03-07 15:00:00+00:00,DMU50_001,3600.0,780.0,1380.0,1396.537,3,2,1,10.73166,9.74525,0.81406,0.17235,4.24499,0.7833333333333333,0.9881585665113062,0.6666666666666666,0.5160383625114598,0.3333333333333333,2.122495,5.36583,0.09191588253820937
2026-03-07 16:00:00+00:00,DMU50_001,3600.0,1260.0,1200.0,1210.042,3,2,1,9.15189,7.14465,1.41549,0.59175,3.4859,0.65,0.9917011145067692,0.6666666666666666,0.42973714961959997,0.3333333333333333,1.74295,4.575945,0.21932518856760735
2026-03-07 17:00:00+00:00,DMU50_001,3600.0,720.0,1860.0,1873.087,4,2,2,10.55589,8.83486,1.4205,0.30053,4.0184,0.8,0.9930131382044721,0.5,0.39720525528178885,0.5,2.0092,5.277945,0.16303978158165724
2026-03-07 18:00:00+00:00,DMU50_001,3600.0,360.0,1380.0,1418.62,3,2,1,11.43763,10.26678,0.93944,0.23141,4.47596,0.9,0.9727763601246282,0.6666666666666666,0.5836658160747769,0.3333333333333333,2.23798,5.718815,0.10236823537743396
2026-03-07 19:00:00+00:00,DMU50_001,3600.0,540.0,720.0,731.416,2,2,0,9.29173,7.55465,1.19736,0.53972,3.23798,0.85,0.9843919192361119,1.0,0.836733131350695,0.0,1.61899,4.645865,0.1869490396298644
2026-03-07 20:00:00+00:00,DMU50_001,3600.0,900.0,1380.0,1412.955,3,2,1,10.16246,9.01394,0.40735,0.74117,4.02544,0.75,0.9766765395925561,0.6666666666666666,0.48833826979627803,0.3333333333333333,2.01272,5.08123,0.11301594299018151
2026-03-07 21:00:00+00:00,DMU50_001,3600.0,780.0,2040.0,2173.461,4,2,2,11.75203,10.55188,1.1421,0.05805,4.74999,0.7833333333333333,0.9385951714799575,0.5,0.3676164421629834,0.5,2.374995,5.876015,0.10212278219167242
2026-03-07 22:00:00+00:00,DMU50_001,3600.0,600.0,1320.0,1362.804,3,2,1,10.13136,9.03597,1.09539,0.0,4.26853,0.8333333333333334,0.9685912280856235,0.6666666666666666,0.5381062378253464,0.3333333333333333,2.134265,5.06568,0.10811875207277206
2026-03-07 23:00:00+00:00,DMU50_001,3600.0,660.0,1020.0,1006.002,2,2,0,10.09427,8.91265,0.53037,0.65125,4.48978,0.8166666666666667,1.0139144852594726,1.0,0.8280301629619026,0.0,2.24489,5.047135,0.11705848961836765
2026-03-08 00:00:00+00:00,DMU50_001,3600.0,360.0,1680.0,1704.106,4,2,2,11.12449,10.08504,0.8651,0.17435,3.7311,0.9,0.985854166348807,0.5,0.4436343748569631,0.5,1.86555,5.562245,0.09343799131465802
2026-03-08 01:00:00+00:00,DMU50_001,3600.0,600.0,1380.0,1396.192,3,2,1,10.48798,9.28181,1.08995,0.11622,3.74231,0.8333333333333334,0.9884027411702688,0.6666666666666666,0.5491126339834826,0.3333333333333333,1.871155,5.24399,0.1150049866609204
2026-03-08 02:00:00+00:00,DMU50_001,3600.0,900.0,1500.0,1544.139,3,2,1,10.62111,9.41763,0.75314,0.45034,4.48587,0.75,0.9714151381449468,0.6666666666666666,0.4857075690724734,0.3333333333333333,2.242935,5.310555,0.11331019074277547
2026-03-08 03:00:00+00:00,DMU50_001,3600.0,540.0,1680.0,1679.139,4,3,1,11.09179,9.61571,1.01175,0.46433,5.76662,0.85,1.0005127627909305,0.75,0.6378268862792181,0.25,1.9222066666666666,3.6972633333333333,0.13307861039561694
2026-03-08 04:00:00+00:00,DMU50_001,3600.0,720.0,1680.0,1706.444,4,3,1,10.9158,9.67707,0.71786,0.52087,5.51763,0.8,0.9845034469340922,0.75,0.5907020681604553,0.25,1.83921,3.6386,0.1134804595173968
2026-03-08 05:00:00+00:00,DMU50_001,3600.0,1380.0,720.0,740.195,2,1,1,8.39178,6.849,1.19719,0.34559,1.73757,0.6166666666666667,0.9727166489911442,0.5,0.2999209667722695,0.5,1.73757,8.39178,0.1838441903863066
2026-03-08 06:00:00+00:00,DMU50_001,3600.0,540.0,1380.0,1343.611,3,2,1,10.50535,9.13348,1.13734,0.23453,3.97842,0.85,1.0270829875611318,0.6666666666666666,0.5820136929513081,0.3333333333333333,1.98921,5.252675,0.13058774814737253
2026-03-08 07:00:00+00:00,DMU50_001,3600.0,1020.0,1320.0,1377.259,3,2,1,9.85538,7.86462,1.29068,0.70008,4.41437,0.7166666666666667,0.9584253942068993,0.6666666666666666,0.457914355009963,0.3333333333333333,2.207185,4.92769,0.20199728473179115
2026-03-08 08:00:00+00:00,DMU50_001,3600.0,600.0,1380.0,1381.849,3,2,1,10.61874,9.52916,1.08958,0.0,3.98595,0.8333333333333334,0.9986619377370465,0.6666666666666666,0.5548121876316925,0.3333333333333333,1.992975,5.30937,0.1026091607855546
2026-03-08 09:00:00+00:00,DMU50_001,3600.0,1260.0,1680.0,1673.267,4,3,1,9.97302,7.91856,1.70451,0.34995,5.26445,0.65,1.0040238646910504,0.75,0.48946163403688714,0.25,1.7548166666666667,3.32434,0.20600179283707443
2026-03-08 10:00:00+00:00,DMU50_001,3600.0,480.0,1380.0,1397.744,3,2,1,10.71275,10.03859,0.55853,0.11563,4.44383,0.8666666666666667,0.9873052576151283,0.6666666666666666,0.5704430377331853,0.3333333333333333,2.221915,5.356375,0.0629306200555413
2026-03-08 11:00:00+00:00,DMU50_001,3600.0,900.0,1380.0,1424.226,3,2,1,10.29545,9.00112,1.11967,0.17466,3.99098,0.75,0.9689473440310737,0.6666666666666666,0.48447367201553687,0.3333333333333333,1.99549,5.147725,0.1257186427013875
2026-03-08 12:00:00+00:00,DMU50_001,3600.0,660.0,1860.0,1852.796,4,2,2,10.67319,9.31049,0.82831,0.53439,3.51167,0.8166666666666667,1.0038881776515063,0.5,0.40992100587436503,0.5,1.755835,5.336595,0.12767504373106822
2026-03-08 13:00:00+00:00,DMU50_001,3600.0,840.0,1200.0,1198.912,3,2,1,10.4136,8.83605,1.16615,0.4114,3.51166,0.7666666666666667,1.0009074894571077,0.6666666666666666,0.511574939055855,0.3333333333333333,1.75583,5.2068,0.15148939847891219
2026-03-08 14:00:00+00:00,DMU50_001,3600.0,1020.0,480.0,487.394,1,1,0,8.46361,7.06532,1.2259,0.17239,2.25536,0.7166666666666667,0.9848295219063017,1.0,0.7057944906995162,0.0,2.25536,8.46361,0.16521200764212907
2026-03-08 15:00:00+00:00,DMU50_001,3600.0,300.0,720.0,746.82,2,1,1,9.7727,8.14127,1.39475,0.23668,1.74078,0.9166666666666666,0.9640877319836105,0.5,0.4418735438258215,0.5,1.74078,9.7727,0.16693748912787665
2026-03-08 16:00:00+00:00,DMU50_001,3600.0,780.0,2160.0,2173.321,5,4,1,10.95319,9.68801,1.03452,0.23066,7.73709,0.7833333333333333,0.9938706707384689,0.8,0.6228256203294406,0.2,1.9342725,2.7382975,0.11550790226408927
2026-03-08 17:00:00+00:00,DMU50_001,3600.0,720.0,1680.0,1664.657,4,2,2,11.43041,10.22351,1.02924,0.17766,3.55701,0.8,1.0092169137546052,0.5,0.4036867655018421,0.5,1.778505,5.715205,0.10558676372938504
2026-03-08 18:00:00+00:00,DMU50_001,3600.0,780.0,1680.0,1733.464,4,3,1,11.24648,10.23012,0.76524,0.25112,6.2994,0.7833333333333333,0.9691577096495803,0.75,0.5693801544191284,0.25,2.0998,3.7488266666666665,0.09037138731407517
2026-03-08 19:00:00+00:00,DMU50_001,3600.0,840.0,1680.0,1712.52,4,3,1,10.80025,9.39663,0.94372,0.4599,5.52736,0.7666666666666667,0.9810104407539766,0.75,0.5640810034335365,0.25,1.8424533333333333,3.600083333333333,0.12996180643966576
2026-03-08 20:00:00+00:00,DMU50_001,3600.0,360.0,1500.0,1494.525,3,2,1,11.05281,10.24054,0.81227,0.0,4.28343,0.9,1.0036633713052643,0.6666666666666666,0.6021980227831585,0.3333333333333333,2.141715,5.526405,0.07348990890099441
2026-03-08 21:00:00+00:00,DMU50_001,3600.0,600.0,2040.0,2095.506,5,3,2,11.6569,10.68335,0.97355,0.0,5.7892,0.8333333333333334,0.9735118868664656,0.6,0.4867559434332328,0.4,1.9297333333333333,3.8856333333333333,0.08351705856617112
2026-03-08 22:00:00+00:00,DMU50_001,3600.0,720.0,1500.0,1512.001,3,2,1,10.88519,9.24663,1.63856,0.0,4.32243,0.8,0.9920628359372778,0.6666666666666666,0.5291001791665482,0.3333333333333333,2.161215,5.442595,0.15053113450477207
2026-03-08 23:00:00+00:00,DMU50_001,3600.0,720.0,1680.0,1692.348,4,3,1,10.95564,9.66157,0.93999,0.35408,6.04051,0.8,0.9927036283317615,0.75,0.595622176999057,0.25,2.0135033333333334,3.65188,0.11811906926478051
2026-03-09 00:00:00+00:00,DMU50_001,3600.0,1140.0,480.0,482.528,1,0,1,8.26655,6.30314,1.78191,0.1815,0.0,0.6833333333333333,0.994760925790835,0.0,0.0,1.0,0.0,0.0,0.23751262618625665
2026-03-09 01:00:00+00:00,DMU50_001,3600.0,1140.0,1380.0,1374.818,3,2,1,9.00049,7.13945,1.22936,0.63168,3.7327,0.6833333333333333,1.003769226181211,0.6666666666666666,0.45727264748255164,0.3333333333333333,1.86635,4.500245,0.20677096469192233
2026-03-09 02:00:00+00:00,DMU50_001,3600.0,840.0,1200.0,1221.839,3,2,1,10.38682,9.2149,0.75582,0.4161,3.72844,0.7666666666666667,0.9821261229998388,0.6666666666666666,0.5019755739776953,0.3333333333333333,1.86422,5.19341,0.11282760267338801
2026-03-09 03:00:00+00:00,DMU50_001,3600.0,300.0,1680.0,1699.692,4,3,1,11.56188,10.96566,0.47622,0.12,5.00104,0.9166666666666666,0.9884143715449623,0.75,0.6795348804371616,0.25,1.6670133333333332,3.85396,0.051567738118714256
2026-03-09 04:00:00+00:00,DMU50_001,3600.0,660.0,1680.0,1747.291,4,3,1,11.28676,10.27687,0.83548,0.17441,6.27811,0.8166666666666667,0.9614883840184606,0.75,0.5889116352113071,0.25,2.092703333333333,3.7622533333333332,0.08947563339700676
2026-03-09 05:00:00+00:00,DMU50_001,3600.0,780.0,1380.0,1392.621,3,2,1,10.16258,8.64033,1.2843,0.23795,3.98312,0.7833333333333333,0.9909372327431513,0.6666666666666666,0.5174894437658678,0.3333333333333333,1.99156,5.08129,0.1497897187525215
2026-03-09 06:00:00+00:00,DMU50_001,3600.0,540.0,1320.0,1331.014,3,2,1,10.67847,9.56672,0.94978,0.16197,3.69773,0.85,0.9917251058215766,0.6666666666666666,0.5619775599655601,0.3333333333333333,1.848865,5.339235,0.10411135677676671
2026-03-09 07:00:00+00:00,DMU50_001,3600.0,600.0,840.0,850.368,2,1,1,9.59941,8.29016,1.02548,0.28377,1.48629,0.8333333333333334,0.9878076315195303,0.5,0.41158651313313765,0.5,1.48629,9.59941,0.13638859054879415
2026-03-09 08:00:00+00:00,DMU50_001,3600.0,600.0,1860.0,1878.887,4,3,1,11.29697,10.43087,0.26515,0.60095,6.49398,0.8333333333333334,0.9899477722715629,0.75,0.6187173576697268,0.25,2.16466,3.7656566666666667,0.07666657519671204
2026-03-09 09:00:00+00:00,DMU50_001,3600.0,420.0,1320.0,1377.547,3,2,1,10.94632,9.83999,0.93737,0.16896,3.99317,0.8833333333333333,0.9582250188196846,0.6666666666666666,0.5642880666382587,0.3333333333333333,1.996585,5.47316,0.10106866965336296
2026-03-09 10:00:00+00:00,DMU50_001,3600.0,600.0,1740.0,1690.479,4,2,2,10.6697,9.25441,1.06178,0.35351,4.28193,0.8333333333333334,1.0292940639901471,0.5,0.4288725266625613,0.5,2.140965,5.33485,0.13264571637440603
2026-03-09 11:00:00+00:00,DMU50_001,3600.0,840.0,1200.0,1252.216,3,2,1,9.76595,8.40037,1.24771,0.11787,4.05657,0.7666666666666667,0.9583011237677844,0.6666666666666666,0.48979835214797873,0.3333333333333333,2.028285,4.882975,0.13983073843302496
2026-03-09 12:00:00+00:00,DMU50_001,3600.0,540.0,1680.0,1695.313,4,3,1,11.4899,10.62261,0.75114,0.11615,5.54077,0.85,0.9909674496685863,0.75,0.6317417491637237,0.25,1.8469233333333333,3.8299666666666665,0.07548281534217008
2026-03-09 13:00:00+00:00,DMU50_001,3600.0,0.0,1680.0,1701.537,4,3,1,12.45149,11.78282,0.66867,0.0,6.21111,1.0,0.9873426202310029,0.75,0.7405069651732522,0.25,2.07037,4.150496666666666,0.05370200674778681
2026-03-09 14:00:00+00:00,DMU50_001,3600.0,900.0,1380.0,1403.423,3,2,1,10.01982,8.63302,1.15215,0.23465,3.73529,0.75,0.9833100925380303,0.6666666666666666,0.49165504626901513,0.3333333333333333,1.867645,5.00991,0.13840567994235425
2026-03-09 15:00:00+00:00,DMU50_001,3600.0,660.0,840.0,855.992,2,1,1,9.76742,8.08638,1.32945,0.35159,2.26292,0.8166666666666667,0.9813175824073123,0.5,0.4007046794829858,0.5,2.26292,9.76742,0.17210686138202308
2026-03-09 16:00:00+00:00,DMU50_001,3600.0,840.0,1320.0,1286.039,3,2,1,9.83822,8.42661,0.95507,0.45654,3.48086,0.7666666666666667,1.0264074417649853,0.6666666666666666,0.5246082480132147,0.3333333333333333,1.74043,4.91911,0.14348225593654138
2026-03-09 17:00:00+00:00,DMU50_001,3600.0,600.0,1380.0,1459.501,3,2,1,10.74186,9.82329,0.74702,0.17155,3.98725,0.8333333333333334,0.9455286430088091,0.6666666666666666,0.5252936905604495,0.3333333333333333,1.993625,5.37093,0.08551312342555199
2026-03-09 18:00:00+00:00,DMU50_001,3600.0,480.0,1680.0,1725.13,4,3,1,11.2246,10.02434,1.08386,0.1164,5.2057,0.8666666666666667,0.9738396526638572,0.75,0.6329957742315072,0.25,1.7352333333333334,3.7415333333333334,0.10693120467544501
2026-03-09 19:00:00+00:00,DMU50_001,3600.0,480.0,1200.0,1262.476,3,2,1,9.86642,8.13141,1.56333,0.17168,4.02323,0.8666666666666667,0.9505131186652261,0.6666666666666666,0.5491853574510195,0.3333333333333333,2.011615,4.93321,0.17585000435821707
2026-03-09 20:00:00+00:00,DMU50_001,3600.0,840.0,1200.0,1176.251,3,2,1,10.50412,9.60535,0.48556,0.41321,3.46879,0.7666666666666667,1.0201904185416208,0.6666666666666666,0.5214306583657173,0.3333333333333333,1.734395,5.25206,0.08556356934231521
2026-03-09 21:00:00+00:00,DMU50_001,3600.0,600.0,1860.0,1920.082,4,2,2,10.87695,9.89104,0.38675,0.59916,4.01532,0.8333333333333334,0.9687086280690096,0.5,0.403628595028754,0.5,2.00766,5.438475,0.09064213773162513
2026-03-09 22:00:00+00:00,DMU50_001,3600.0,900.0,1680.0,1713.384,4,3,1,11.05371,9.83911,0.7496,0.465,5.98378,0.75,0.980515751285176,0.75,0.5515401100979115,0.25,1.9945933333333332,3.68457,0.10988165964187589
2026-03-09 23:00:00+00:00,DMU50_001,3600.0,660.0,1200.0,1247.301,3,2,1,10.48212,9.08825,1.28097,0.1129,3.48486,0.8166666666666667,0.9620773173436084,0.6666666666666666,0.5237976505537423,0.3333333333333333,1.74243,5.24106,0.13297596287773847
2026-03-10 00:00:00+00:00,DMU50_001,3600.0,720.0,2040.0,2102.566,4,3,1,11.52557,10.60891,0.55759,0.35907,7.22148,0.8,0.9702430268538538,0.75,0.5821458161123123,0.25,2.40716,3.8418566666666667,0.07953272593025768
2026-03-10 01:00:00+00:00,DMU50_001,3600.0,420.0,1860.0,1864.641,4,2,2,10.98625,9.60895,1.1982,0.1791,3.78073,0.8833333333333333,0.997511049043757,0.5,0.440567379994326,0.5,1.890365,5.493125,0.1253657981567869
2026-03-10 02:00:00+00:00,DMU50_001,3600.0,780.0,1680.0,1718.01,4,3,1,11.38592,10.11905,1.02529,0.24158,6.04804,0.7833333333333333,0.9778755653343112,0.75,0.5745018946339079,0.25,2.0160133333333334,3.795306666666667,0.11126637109693376
2026-03-10 03:00:00+00:00,DMU50_001,3600.0,780.0,1380.0,1418.79,3,2,1,10.63856,9.81851,0.27456,0.54549,3.77,0.7833333333333333,0.9726598016619796,0.6666666666666666,0.5079445630901449,0.3333333333333333,1.885,5.31928,0.07708280067979124
2026-03-10 04:00:00+00:00,DMU50_001,3600.0,300.0,2580.0,2546.7,5,3,2,12.88387,11.89901,0.98486,0.0,6.5111,0.9166666666666666,1.0130757450818706,0.6,0.5571916597950289,0.4,2.1703666666666668,4.294623333333333,0.07644131770966332
2026-03-10 05:00:00+00:00,DMU50_001,3600.0,720.0,1860.0,1833.529,4,3,1,11.16311,9.99302,0.87882,0.29127,6.02285,0.8,1.0144371864311936,0.75,0.6086623118587161,0.25,2.007616666666667,3.7210366666666665,0.10481756428092172
2026-03-10 06:00:00+00:00,DMU50_001,3600.0,480.0,2040.0,2101.757,4,3,1,11.98303,11.03602,0.88676,0.06025,6.98547,0.8666666666666667,0.9706164889661364,0.75,0.6309007178279887,0.25,2.32849,3.994343333333333,0.07902926054595541
2026-03-10 07:00:00+00:00,DMU50_001,3600.0,360.0,1680.0,1761.722,4,2,2,11.34718,10.3236,0.68602,0.33756,3.96441,0.9,0.9536124314732971,0.5,0.42912559416298374,0.5,1.982205,5.67359,0.09020567224632023
2026-03-10 08:00:00+00:00,DMU50_001,3600.0,360.0,1680.0,1753.992,4,3,1,11.58267,10.50605,1.07662,0.0,5.71901,0.9,0.9578150869559269,0.75,0.6465251836952506,0.25,1.9063366666666668,3.86089,0.09295093445639045
2026-03-10 09:00:00+00:00,DMU50_001,3600.0,780.0,1680.0,1719.766,4,3,1,10.58979,9.23981,1.00255,0.34743,5.98267,0.7833333333333333,0.9768770867664555,0.75,0.5739152884752926,0.25,1.9942233333333332,3.52993,0.12747939288692223
2026-03-10 10:00:00+00:00,DMU50_001,3600.0,600.0,1380.0,1398.573,3,2,1,10.76404,9.88839,0.41778,0.45787,4.28155,0.8333333333333334,0.9867200353503178,0.6666666666666666,0.5481777974168432,0.3333333333333333,2.140775,5.38202,0.08134956763445696
2026-03-10 11:00:00+00:00,DMU50_001,3600.0,780.0,1680.0,1696.967,4,2,2,11.00331,10.02314,0.69452,0.28565,3.81559,0.7833333333333333,0.9900015733953578,0.5,0.3877506162465151,0.5,1.907795,5.501655,0.08907955878731036
2026-03-10 12:00:00+00:00,DMU50_001,3600.0,420.0,1320.0,1359.311,3,2,1,10.85296,9.7261,1.00926,0.1176,3.7467,0.8833333333333333,0.9710802016609885,0.6666666666666666,0.5718583409781377,0.3333333333333333,1.87335,5.42648,0.1038297386150875
2026-03-10 13:00:00+00:00,DMU50_001,3600.0,840.0,900.0,921.579,2,2,0,9.38213,7.65307,1.56102,0.16804,4.23004,0.7666666666666667,0.9765847529077811,1.0,0.7487149772292988,0.0,2.11502,4.691065,0.1842929057687327
2026-03-10 14:00:00+00:00,DMU50_001,3600.0,360.0,1200.0,1239.159,3,2,1,10.73926,9.65023,0.96779,0.12124,3.49791,0.9,0.9683987284924694,0.6666666666666666,0.5810392370954817,0.3333333333333333,1.748955,5.36963,0.10140642837588437
2026-03-10 15:00:00+00:00,DMU50_001,3600.0,540.0,1380.0,1415.69,3,2,1,10.56822,9.35996,0.80513,0.40313,3.95974,0.85,0.9747896785313169,0.6666666666666666,0.552380817834413,0.3333333333333333,1.97987,5.28411,0.11432956543296789
2026-03-10 16:00:00+00:00,DMU50_001,3600.0,900.0,1020.0,1032.367,2,1,1,9.48968,8.23735,0.84267,0.40966,2.23464,0.75,0.9880207329370272,0.5,0.3705077748513852,0.5,2.23464,9.48968,0.13196756898019743
2026-03-10 17:00:00+00:00,DMU50_001,3600.0,960.0,2040.0,2068.365,5,3,2,11.08232,9.81571,0.75349,0.51312,5.49024,0.7333333333333333,0.9862862695897484,0.6,0.43396595861948933,0.4,1.83008,3.694106666666667,0.11429105097127677
2026-03-10 18:00:00+00:00,DMU50_001,3600.0,720.0,1680.0,1721.304,4,3,1,11.15504,9.88057,0.81835,0.45612,5.47351,0.8,0.9760042386469793,0.75,0.5856025431881876,0.25,1.8245033333333334,3.7183466666666667,0.114250598832456
2026-03-10 19:00:00+00:00,DMU50_001,3600.0,900.0,1800.0,1810.909,4,3,1,10.17129,8.38445,1.44822,0.33862,6.54784,0.75,0.9939759535128491,0.75,0.5591114738509776,0.25,2.1826133333333333,3.39043,0.1756748652334168
2026-03-10 20:00:00+00:00,DMU50_001,3600.0,300.0,900.0,914.186,2,1,1,10.87063,9.85946,0.883,0.12817,2.25835,0.9166666666666666,0.9844823701084899,0.5,0.45122108629972457,0.5,2.25835,10.87063,0.09301852790500642
2026-03-10 21:00:00+00:00,DMU50_001,3600.0,720.0,1860.0,1908.326,4,3,1,11.3639,10.11644,1.24746,0.0,5.78009,0.8,0.9746762345636961,0.75,0.5848057407382177,0.25,1.9266966666666667,3.7879666666666667,0.10977393324474873
2026-03-10 22:00:00+00:00,DMU50_001,3600.0,780.0,1680.0,1709.066,4,2,2,10.81624,9.43489,1.16183,0.21952,3.7403,0.7833333333333333,0.9829930500050905,0.5,0.3850056112519938,0.5,1.87015,5.40812,0.1277107386670414
2026-03-10 23:00:00+00:00,DMU50_001,3600.0,900.0,1560.0,1591.296,3,2,1,10.4833,9.53258,0.48782,0.4629,4.49911,0.75,0.9803330115830116,0.6666666666666666,0.4901665057915058,0.3333333333333333,2.249555,5.24165,0.0906890006009558
2026-03-11 00:00:00+00:00,DMU50_001,3600.0,480.0,1680.0,1710.331,4,3,1,11.53382,10.7443,0.61747,0.17205,5.75829,0.8666666666666667,0.9822660058199261,0.75,0.638472903782952,0.25,1.91943,3.8446066666666665,0.06845260286704664
2026-03-11 01:00:00+00:00,DMU50_001,3600.0,780.0,1380.0,1370.692,3,2,1,10.25342,9.14323,0.81406,0.29613,4.23768,0.7833333333333333,1.0067907305215176,0.6666666666666666,0.5257684926056814,0.3333333333333333,2.11884,5.12671,0.10827509260324848
2026-03-11 02:00:00+00:00,DMU50_001,3600.0,1080.0,840.0,849.643,2,1,1,8.85861,6.7698,1.55332,0.53549,2.27717,0.7,0.9886505273391295,0.5,0.3460276845686953,0.5,2.27717,8.85861,0.23579432890713103
2026-03-11 03:00:00+00:00,DMU50_001,3600.0,660.0,1380.0,1396.467,3,2,1,10.03116,8.69728,0.8698,0.46408,4.53391,0.8166666666666667,0.9882080994395142,0.6666666666666666,0.5380244096948466,0.3333333333333333,2.266955,5.01558,0.1329736540938436
2026-03-11 04:00:00+00:00,DMU50_001,3600.0,720.0,1680.0,1691.842,4,3,1,11.50546,10.43764,0.83925,0.22857,5.59343,0.8,0.9930005284181384,0.75,0.595800317050883,0.25,1.8644766666666668,3.8351533333333334,0.09280984854147509
2026-03-11 05:00:00+00:00,DMU50_001,3600.0,420.0,1680.0,1679.525,4,3,1,11.33098,9.75411,1.57687,0.0,5.74131,0.8833333333333333,1.0002828180586774,0.75,0.6626873669638738,0.25,1.91377,3.7769933333333334,0.13916448533136586
2026-03-11 06:00:00+00:00,DMU50_001,3600.0,660.0,1560.0,1583.605,3,2,1,10.90563,9.61324,1.29239,0.0,4.52355,0.8166666666666667,0.9850941364797409,0.6666666666666666,0.5363290298611922,0.3333333333333333,2.261775,5.452815,0.11850667957742927
2026-03-11 07:00:00+00:00,DMU50_001,3600.0,660.0,1860.0,1884.024,4,2,2,10.88682,9.86347,1.02335,0.0,4.54671,0.8166666666666667,0.9872485700819098,0.5,0.40312649945011314,0.5,2.273355,5.44341,0.09399898225560815
2026-03-11 08:00:00+00:00,DMU50_001,3600.0,600.0,360.0,346.18,1,1,0,9.28113,8.21624,0.9472,0.11769,1.53119,0.8333333333333334,1.0399214281587612,1.0,0.8666011901323011,0.0,1.53119,9.28113,0.11473710636528095
2026-03-11 09:00:00+00:00,DMU50_001,3600.0,660.0,2040.0,2102.041,4,3,1,11.06672,10.02829,1.03843,0.0,7.01833,0.8166666666666667,0.9704853520935129,0.75,0.5944222781572767,0.25,2.339443333333333,3.6889066666666666,0.09383358393453525
2026-03-11 10:00:00+00:00,DMU50_001,3600.0,600.0,1740.0,1802.121,4,2,2,11.24092,10.16357,0.96098,0.11637,3.98575,0.8333333333333334,0.9655289517185583,0.5,0.4023037298827326,0.5,1.992875,5.62046,0.09584179942566978
2026-03-11 11:00:00+00:00,DMU50_001,3600.0,360.0,1380.0,1396.681,3,2,1,11.24823,10.03723,1.211,0.0,4.02647,0.9,0.9880566858144415,0.6666666666666666,0.5928340114886649,0.3333333333333333,2.013235,5.624115,0.10766138316872965
2026-03-11 12:00:00+00:00,DMU50_001,3600.0,720.0,1860.0,1822.454,4,3,1,11.17511,10.14451,0.68173,0.34887,5.69668,0.8,1.0206018917349904,0.75,0.6123611350409942,0.25,1.8988933333333333,3.7250366666666666,0.09222280586052396
2026-03-11 13:00:00+00:00,DMU50_001,3600.0,780.0,840.0,870.783,2,1,1,9.83682,8.29001,1.30238,0.24443,2.23616,0.7833333333333333,0.9646490572278054,0.5,0.3778208807475571,0.5,2.23616,9.83682,0.15724695582515488
2026-03-11 14:00:00+00:00,DMU50_001,3600.0,1140.0,1200.0,1233.901,3,2,1,9.62186,8.4041,0.76518,0.45258,3.99416,0.6833333333333333,0.9725253484679889,0.6666666666666666,0.44303932541319496,0.3333333333333333,1.99708,4.81093,0.1265618082158751
2026-03-11 15:00:00+00:00,DMU50_001,3600.0,540.0,1200.0,1231.742,3,2,1,10.40154,9.51788,0.76181,0.12185,3.70715,0.85,0.9742299929693069,0.6666666666666666,0.5520636626826072,0.3333333333333333,1.853575,5.20077,0.0849547278576057
2026-03-11 16:00:00+00:00,DMU50_001,3600.0,660.0,840.0,812.811,2,2,0,9.4268,8.30115,0.88967,0.23598,3.46226,0.8166666666666667,1.0334505807623173,1.0,0.8439846409558925,0.0,1.73113,4.7134,0.11940955573471379
2026-03-11 17:00:00+00:00,DMU50_001,3600.0,660.0,1320.0,1323.023,3,2,1,10.00095,8.90382,0.75536,0.34177,3.76872,0.8166666666666667,0.997715081294883,0.6666666666666666,0.5432004331494363,0.3333333333333333,1.88436,5.000475,0.10970257825506577
2026-03-11 18:00:00+00:00,DMU50_001,3600.0,660.0,1020.0,1024.449,2,1,1,10.27088,9.06138,0.8043,0.4052,2.21777,0.8166666666666667,0.9956571776633097,0.5,0.40656001421251814,0.5,2.21777,10.27088,0.1177601140311249
2026-03-11 19:00:00+00:00,DMU50_001,3600.0,720.0,2040.0,2085.265,4,3,1,11.56856,10.41254,0.69336,0.46266,7.00781,0.8,0.9782929267982726,0.75,0.5869757560789636,0.25,2.3359366666666666,3.856186666666667,0.09992773517187965
2026-03-11 20:00:00+00:00,DMU50_001,3600.0,480.0,2040.0,2164.021,4,2,2,12.10202,11.15659,0.94543,0.0,4.7239,0.8666666666666667,0.9426895580033651,0.5,0.40849880846812486,0.5,2.36195,6.05101,0.07812166894452331
2026-03-11 21:00:00+00:00,DMU50_001,3600.0,480.0,1860.0,1891.555,4,3,1,11.56925,10.6822,0.53975,0.3473,6.77211,0.8666666666666667,0.9833179579763739,0.75,0.639156672684643,0.25,2.25737,3.8564166666666666,0.07667307733863474
2026-03-11 22:00:00+00:00,DMU50_001,3600.0,900.0,1200.0,1218.439,3,2,1,9.75774,7.85563,1.62841,0.2737,3.25487,0.75,0.984866702395442,0.6666666666666666,0.492433351197721,0.3333333333333333,1.627435,4.87887,0.19493345795235373
2026-03-11 23:00:00+00:00,DMU50_001,3600.0,480.0,1680.0,1655.951,4,3,1,11.17296,9.78651,1.38645,0.0,5.22906,0.8666666666666667,1.014522772714893,0.75,0.6594398022646805,0.25,1.74302,3.72432,0.12408976672251579
2026-03-12 00:00:00+00:00,DMU50_001,3600.0,900.0,1200.0,1224.327,3,2,1,9.84243,8.11766,1.21302,0.51175,4.00379,0.75,0.9801303083244918,0.6666666666666666,0.4900651541622459,0.3333333333333333,2.001895,4.921215,0.17523822877074055
2026-03-12 01:00:00+00:00,DMU50_001,3600.0,900.0,1020.0,1002.955,2,1,1,9.43093,8.06392,1.07887,0.28814,2.23127,0.75,1.0169947804238475,0.5,0.38137304265894284,0.5,2.23127,9.43093,0.14494964971641186
2026-03-12 02:00:00+00:00,DMU50_001,3600.0,480.0,1680.0,1701.442,4,3,1,11.26282,9.94529,1.07596,0.24157,5.7577,0.8666666666666667,0.9873977484980387,0.75,0.6418085365237252,0.25,1.9192333333333333,3.7542733333333334,0.11698047203098336
2026-03-12 03:00:00+00:00,DMU50_001,3600.0,780.0,2160.0,2172.51,5,3,2,11.49071,10.25046,0.8864,0.35385,5.70992,0.7833333333333333,0.9942416835825842,0.6,0.4672935912838146,0.4,1.9033066666666667,3.8302366666666665,0.10793501881084806
2026-03-12 04:00:00+00:00,DMU50_001,3600.0,840.0,2040.0,2069.876,5,3,2,11.04986,9.90998,0.69131,0.44857,5.49237,0.7666666666666667,0.9855662851301238,0.6,0.45336049115985694,0.4,1.83079,3.6832866666666666,0.10315786806348677
2026-03-12 05:00:00+00:00,DMU50_001,3600.0,540.0,1680.0,1643.345,4,3,1,11.67805,10.50354,1.17451,0.0,5.04803,0.85,1.0223051154809246,0.75,0.6517195111190894,0.25,1.6826766666666666,3.8926833333333333,0.10057415407538074
2026-03-12 06:00:00+00:00,DMU50_001,3600.0,660.0,1680.0,1726.586,4,3,1,11.05446,10.10051,0.54868,0.40527,6.0134,0.8166666666666667,0.9730184305907728,0.75,0.5959737887368484,0.25,2.0044666666666666,3.68482,0.08629548616576477
2026-03-12 07:00:00+00:00,DMU50_001,3600.0,780.0,840.0,856.627,2,1,1,9.41349,7.88995,1.28916,0.23438,1.75358,0.7833333333333333,0.9805901518397155,0.5,0.38406447613722194,0.5,1.75358,9.41349,0.16184645652143892
2026-03-12 08:00:00+00:00,DMU50_001,3600.0,1140.0,1020.0,1033.289,2,1,1,9.19919,7.69803,1.04422,0.45694,2.47802,0.6833333333333333,0.9871391256463584,0.5,0.3372725345958391,0.5,2.47802,9.19919,0.16318393249840474
2026-03-12 09:00:00+00:00,DMU50_001,3600.0,1020.0,1740.0,1825.463,4,3,1,9.76331,8.42752,0.69659,0.6392,6.53265,0.7166666666666667,0.9531828363543934,0.75,0.5123357745404864,0.25,2.17755,3.254436666666667,0.13681732936883087
2026-03-12 10:00:00+00:00,DMU50_001,3600.0,540.0,1320.0,1334.189,3,2,1,11.52135,10.81808,0.53609,0.16718,4.25764,0.85,0.9893650749631424,0.6666666666666666,0.5606402091457807,0.3333333333333333,2.12882,5.760675,0.06104058986143117
2026-03-12 11:00:00+00:00,DMU50_001,3600.0,720.0,1380.0,1407.315,3,2,1,10.4394,9.14629,0.82758,0.46553,4.06145,0.8,0.9805906993103889,0.6666666666666666,0.5229817062988741,0.3333333333333333,2.030725,5.2197,0.12386822997490277
2026-03-12 12:00:00+00:00,DMU50_001,3600.0,780.0,1500.0,1494.857,3,2,1,10.38738,9.00762,1.09098,0.28878,4.23097,0.7833333333333333,1.0034404628670166,0.6666666666666666,0.5240189083861088,0.3333333333333333,2.115485,5.19369,0.13283041536941942
2026-03-12 13:00:00+00:00,DMU50_001,3600.0,1200.0,1560.0,1645.721,3,2,1,10.14322,8.30822,1.23687,0.59813,5.00428,0.6666666666666666,0.9479127993141,0.6666666666666666,0.42129457747293336,0.3333333333333333,2.50214,5.07161,0.18090902100122053
2026-03-12 14:00:00+00:00,DMU50_001,3600.0,780.0,1980.0,2002.401,4,3,1,10.82064,9.7133,0.76045,0.34689,6.2741,0.7833333333333333,0.988812930077442,0.75,0.5809275964204972,0.25,2.0913666666666666,3.60688,0.10233590619408833
2026-03-12 15:00:00+00:00,DMU50_001,3600.0,300.0,2040.0,2077.254,4,2,2,12.73746,11.74758,0.87731,0.11257,4.49385,0.9166666666666666,0.9820657464132937,0.5,0.45011346710609296,0.5,2.246925,6.36873,0.07771408114333626
2026-03-12 16:00:00+00:00,DMU50_001,3600.0,900.0,1020.0,1034.395,2,2,0,9.52601,8.34283,0.60275,0.58043,4.75196,0.75,0.9860836527632094,1.0,0.739562739572407,0.0,2.37598,4.763005,0.12420520238798825
2026-03-12 17:00:00+00:00,DMU50_001,3600.0,300.0,1200.0,1274.625,3,2,1,10.81441,9.93731,0.8771,0.0,3.51703,0.9166666666666666,0.9414533686378347,0.6666666666666666,0.5753326141675656,0.3333333333333333,1.758515,5.407205,0.08110474820170495
2026-03-12 18:00:00+00:00,DMU50_001,3600.0,720.0,1560.0,1593.561,3,2,1,10.80577,9.77738,0.74232,0.28607,4.53107,0.8,0.9789396201337759,0.6666666666666666,0.5221011307380138,0.3333333333333333,2.265535,5.402885,0.09517045060185438
2026-03-12 19:00:00+00:00,DMU50_001,3600.0,600.0,1320.0,1320.772,3,2,1,10.42165,9.0411,1.38055,0.0,3.70645,0.8333333333333334,0.9994154933629725,0.6666666666666666,0.5552308296460958,0.3333333333333333,1.853225,5.210825,0.13246942662630198
2026-03-12 20:00:00+00:00,DMU50_001,3600.0,780.0,1380.0,1390.583,3,2,1,10.22559,8.95024,1.09969,0.17566,4.51161,0.7833333333333333,0.9923895229554798,0.6666666666666666,0.5182478619878617,0.3333333333333333,2.255805,5.112795,0.12472140971816785
2026-03-12 21:00:00+00:00,DMU50_001,3600.0,540.0,1680.0,1726.579,4,2,2,11.1634,10.44724,0.41692,0.29924,4.00356,0.85,0.9730223754603757,0.5,0.4135345095706597,0.5,2.00178,5.5817,0.06415249834279879
2026-03-12 22:00:00+00:00,DMU50_001,3600.0,480.0,1320.0,1306.587,3,2,1,10.74056,9.52228,1.09972,0.11856,3.74269,0.8666666666666667,1.0102656769124445,0.6666666666666666,0.5837090577716345,0.3333333333333333,1.871345,5.37028,0.11342797768459001
2026-03-12 23:00:00+00:00,DMU50_001,3600.0,600.0,1680.0,1687.338,4,3,1,10.62434,9.26938,1.23876,0.1162,5.33178,0.8333333333333334,0.9956511380648098,0.75,0.6222819612905061,0.25,1.77726,3.541446666666667,0.12753356914405978
2026-03-13 00:00:00+00:00,DMU50_001,3600.0,900.0,1860.0,1897.322,4,3,1,10.5838,9.00358,0.96071,0.61951,6.52392,0.75,0.9803291165126425,0.75,0.5514351280383615,0.25,2.17464,3.5279333333333334,0.1493055424327746
2026-03-13 01:00:00+00:00,DMU50_001,3600.0,360.0,1380.0,1411.742,3,2,1,11.08193,10.07647,0.6659,0.33956,4.02445,0.9,0.9775157217111908,0.6666666666666666,0.5865094330267145,0.3333333333333333,2.012225,5.540965,0.09072968336742787
2026-03-13 02:00:00+00:00,DMU50_001,3600.0,840.0,1320.0,1380.193,3,2,1,10.0811,8.59705,0.85597,0.62808,3.89437,0.7666666666666667,0.9563879834197101,0.6666666666666666,0.48882052485896293,0.3333333333333333,1.947185,5.04055,0.1472111178343633
2026-03-13 03:00:00+00:00,DMU50_001,3600.0,780.0,1680.0,1781.858,4,2,2,11.27634,9.7593,1.27631,0.24073,3.93913,0.7833333333333333,0.9428360733571362,0.5,0.3692774620648783,0.5,1.969565,5.63817,0.13453301337135987
2026-03-13 04:00:00+00:00,DMU50_001,3600.0,840.0,840.0,850.689,2,2,0,9.34303,7.37991,1.42663,0.53649,3.73344,0.7666666666666667,0.9874348910118739,1.0,0.7570334164424367,0.0,1.86672,4.671515,0.21011599020874386
2026-03-13 05:00:00+00:00,DMU50_001,3600.0,840.0,2160.0,2261.3,5,3,2,11.15398,10.00571,0.62407,0.5242,6.24558,0.7666666666666667,0.9552027594746385,0.6,0.4393932693583337,0.4,2.08186,3.7179933333333333,0.10294710946227266
2026-03-13 06:00:00+00:00,DMU50_001,3600.0,480.0,1200.0,1205.773,3,2,1,11.14209,10.21679,0.80812,0.11718,3.24555,0.8666666666666667,0.9952121999746221,0.6666666666666666,0.5750114933186705,0.3333333333333333,1.622775,5.571045,0.0830454609503244
2026-03-13 07:00:00+00:00,DMU50_001,3600.0,1260.0,1680.0,1700.988,4,3,1,9.84876,8.09318,1.11577,0.63981,5.78345,0.65,0.9876612886157927,0.75,0.4814848782001989,0.25,1.9278166666666667,3.28292,0.17825391216762312
2026-03-13 08:00:00+00:00,DMU50_001,3600.0,840.0,1380.0,1355.993,3,2,1,10.29295,9.12485,0.69887,0.46923,3.7912,0.7666666666666667,1.0177043686803693,0.6666666666666666,0.5201600106588554,0.3333333333333333,1.8956,5.146475,0.11348544392035326
2026-03-13 09:00:00+00:00,DMU50_001,3600.0,1200.0,1380.0,1470.083,3,2,1,9.07488,7.56657,0.81094,0.69737,4.26201,0.6666666666666666,0.9387225075046783,0.6666666666666666,0.4172100033354126,0.3333333333333333,2.131005,4.53744,0.16620715645826722
2026-03-13 10:00:00+00:00,DMU50_001,3600.0,660.0,1320.0,1318.988,3,2,1,11.24332,10.37653,0.75261,0.11418,3.48439,0.8166666666666667,1.0007672548954198,0.6666666666666666,0.5448621721097285,0.3333333333333333,1.742195,5.62166,0.07709377657133303
2026-03-13 11:00:00+00:00,DMU50_001,3600.0,600.0,1920.0,1901.472,4,2,2,10.64096,9.30439,1.16085,0.17572,4.49049,0.8333333333333334,1.0097440298884233,0.5,0.42072667912017636,0.5,2.245245,5.32048,0.12560614831744504
2026-03-13 12:00:00+00:00,DMU50_001,3600.0,600.0,1500.0,1563.232,3,2,1,11.68039,10.91067,0.48518,0.28454,4.51092,0.8333333333333334,0.95955046979591,0.6666666666666666,0.5330835943310611,0.3333333333333333,2.25546,5.840195,0.06589848455402603
2026-03-13 13:00:00+00:00,DMU50_001,3600.0,420.0,1860.0,1888.277,4,3,1,11.49627,10.27486,0.99273,0.22868,6.74231,0.8833333333333333,0.9850249725013862,0.75,0.6525790442821684,0.25,2.2474366666666667,3.83209,0.10624402523601133
2026-03-13 14:00:00+00:00,DMU50_001,3600.0,360.0,1680.0,1693.526,4,3,1,11.38774,10.28296,1.10478,0.0,5.40993,0.9,0.9920131134685857,0.75,0.6696088515912954,0.25,1.80331,3.7959133333333335,0.09701485984049513
2026-03-13 15:00:00+00:00,DMU50_001,3600.0,540.0,1680.0,1711.973,4,2,2,11.12928,10.28761,0.54179,0.29988,3.68936,0.85,0.9813238877014999,0.5,0.4170626522731375,0.5,1.84468,5.56464,0.07562663532591507
2026-03-13 16:00:00+00:00,DMU50_001,3600.0,540.0,1740.0,1780.688,4,3,1,10.5198,8.44843,1.89516,0.17621,6.25826,0.85,0.977150404787363,0.75,0.622933383051944,0.25,2.0860866666666666,3.5066,0.1969020323580296
2026-03-13 17:00:00+00:00,DMU50_001,3600.0,960.0,1320.0,1307.031,3,2,1,9.79684,7.80692,1.70089,0.28903,4.20622,0.7333333333333333,1.0099224884490114,0.6666666666666666,0.49373988324173895,0.3333333333333333,2.10311,4.89842,0.20311855659580028
2026-03-13 18:00:00+00:00,DMU50_001,3600.0,660.0,1200.0,1191.748,3,2,1,10.84864,10.03441,0.53915,0.27508,3.00366,0.8166666666666667,1.006924282650359,0.6666666666666666,0.5482143316651955,0.3333333333333333,1.50183,5.42432,0.07505364727744676
2026-03-13 19:00:00+00:00,DMU50_001,3600.0,540.0,2160.0,2194.098,5,3,2,11.56907,10.56621,0.88635,0.11651,6.23176,0.85,0.9844592174096143,0.6,0.5020742008789033,0.4,2.077253333333333,3.8563566666666667,0.08668458225250604
2026-03-13 20:00:00+00:00,DMU50_001,3600.0,960.0,1380.0,1341.383,3,2,1,10.24284,8.79821,0.97362,0.47101,3.70867,0.7333333333333333,1.028788943948149,0.6666666666666666,0.5029634837079839,0.3333333333333333,1.854335,5.12142,0.14103803242069582
2026-03-13 21:00:00+00:00,DMU50_001,3600.0,780.0,1560.0,1607.881,3,2,1,10.86984,9.6723,0.61632,0.58122,4.80042,0.7833333333333333,0.9702210549163776,0.6666666666666666,0.5066709953452194,0.3333333333333333,2.40021,5.43492,0.11017089487977744
2026-03-13 22:00:00+00:00,DMU50_001,3600.0,540.0,1200.0,1258.632,3,2,1,10.61782,9.74477,0.6937,0.17935,4.04964,0.85,0.9534160898499323,0.6666666666666666,0.5402691175816283,0.3333333333333333,2.02482,5.30891,0.08222497650176779
2026-03-13 23:00:00+00:00,DMU50_001,3600.0,1140.0,1020.0,1004.629,2,2,0,9.02843,7.81928,0.62849,0.58066,4.24622,0.6833333333333333,1.0153001754876676,1.0,0.6937884532499062,0.0,2.12311,4.514215,0.13392693967832725
2026-03-14 00:00:00+00:00,DMU50_001,3600.0,960.0,2040.0,2125.785,4,2,2,11.32715,10.01053,0.90231,0.41431,4.76041,0.7333333333333333,0.9596454956639547,0.5,0.3518700150767834,0.5,2.380205,5.663575,0.116235769809705
2026-03-14 01:00:00+00:00,DMU50_001,3600.0,840.0,1500.0,1526.975,3,2,1,10.44544,9.13101,0.97417,0.34026,4.48599,0.7666666666666667,0.9823343538695788,0.6666666666666666,0.5020820030888958,0.3333333333333333,2.242995,5.22272,0.12583768610991974
2026-03-14 02:00:00+00:00,DMU50_001,3600.0,780.0,1200.0,1181.196,3,2,1,9.74265,7.81155,1.63041,0.30069,3.49084,0.7833333333333333,1.0159194579053774,0.6666666666666666,0.5305357169061414,0.3333333333333333,1.74542,4.871325,0.1982109590306539
2026-03-14 03:00:00+00:00,DMU50_001,3600.0,840.0,2040.0,2123.17,4,3,1,11.47305,10.55512,0.50101,0.41692,6.69536,0.7666666666666667,0.9608274419853332,0.75,0.5524757791415666,0.25,2.231786666666667,3.82435,0.0800074958271776
2026-03-14 04:00:00+00:00,DMU50_001,3600.0,720.0,720.0,725.732,2,1,1,9.09955,7.30741,1.2653,0.52684,1.75504,0.8,0.9921017675946493,0.5,0.39684070703785973,0.5,1.75504,9.09955,0.1969482007352012
2026-03-14 05:00:00+00:00,DMU50_001,3600.0,540.0,1380.0,1455.293,3,2,1,10.80055,9.73649,0.65866,0.4054,4.7616,0.85,0.9482626522631525,0.6666666666666666,0.5373488362824531,0.3333333333333333,2.3808,5.400275,0.0985190568998801
2026-03-14 06:00:00+00:00,DMU50_001,3600.0,780.0,1680.0,1688.51,4,3,1,10.75648,9.42491,0.80906,0.52251,5.24225,0.7833333333333333,0.9949600535383267,0.75,0.584539031453767,0.25,1.7474166666666666,3.5854933333333334,0.12379235586362825
2026-03-14 07:00:00+00:00,DMU50_001,3600.0,780.0,1860.0,1861.462,4,3,1,11.10269,10.13965,0.48468,0.47836,6.54407,0.7833333333333333,0.9992145958391845,0.75,0.5870385750555209,0.25,2.181356666666667,3.7008966666666665,0.08673933974559318
2026-03-14 08:00:00+00:00,DMU50_001,3600.0,900.0,1680.0,1766.756,4,2,2,10.73951,9.29116,0.8128,0.63555,3.79667,0.75,0.950895313218124,0.5,0.35658574245679653,0.5,1.898335,5.369755,0.13486183261619944
2026-03-14 09:00:00+00:00,DMU50_001,3600.0,660.0,1680.0,1750.304,4,3,1,11.18653,9.74533,1.4412,0.0,5.81968,0.8166666666666667,0.9598332632502696,0.75,0.5878978737407902,0.25,1.9398933333333332,3.7288433333333333,0.12883351673843452
2026-03-14 10:00:00+00:00,DMU50_001,3600.0,660.0,1680.0,1781.965,4,3,1,11.29182,10.21575,0.61663,0.45944,6.22684,0.8166666666666667,0.9427794597536988,0.75,0.5774524190991406,0.25,2.075613333333333,3.76394,0.09529641811506029
2026-03-14 11:00:00+00:00,DMU50_001,3600.0,900.0,1560.0,1577.503,3,2,1,10.38827,9.12609,0.90303,0.35915,4.25595,0.75,0.9889046169801262,0.6666666666666666,0.4944523084900631,0.3333333333333333,2.127975,5.194135,0.12150050008326699
2026-03-14 12:00:00+00:00,DMU50_001,3600.0,780.0,1860.0,1881.553,4,2,2,10.86807,9.22515,1.21805,0.42487,4.73227,0.7833333333333333,0.9885451007757953,0.5,0.38718016447051984,0.5,2.366135,5.434035,0.15116943486746037
2026-03-14 13:00:00+00:00,DMU50_001,3600.0,540.0,1680.0,1746.289,4,3,1,11.65857,10.76702,0.89155,0.0,5.53868,0.85,0.9620400746955401,0.75,0.6133005476184068,0.25,1.8462266666666667,3.88619,0.07647164274863899
2026-03-14 14:00:00+00:00,DMU50_001,3600.0,720.0,1680.0,1727.257,4,3,1,11.09121,9.99309,0.97769,0.12043,6.22309,0.8,0.9726404350944879,0.75,0.5835842610566928,0.25,2.0743633333333333,3.69707,0.09900813346785427
2026-03-14 15:00:00+00:00,DMU50_001,3600.0,900.0,1380.0,1437.662,3,2,1,10.14428,8.97304,0.47448,0.69676,3.98799,0.75,0.9598918243648368,0.6666666666666666,0.4799459121824184,0.3333333333333333,1.993995,5.07214,0.11545816953002086
2026-03-14 16:00:00+00:00,DMU50_001,3600.0,720.0,1680.0,1741.135,4,2,2,10.90661,9.70698,1.02279,0.17684,4.04452,0.8,0.9648878461463356,0.5,0.38595513845853424,0.5,2.02226,5.453305,0.10999109714200837
2026-03-14 17:00:00+00:00,DMU50_001,3600.0,660.0,1320.0,1337.639,3,2,1,10.66152,9.64345,0.83585,0.18222,3.70789,0.8166666666666667,0.9868133330442668,0.6666666666666666,0.5372650368796563,0.3333333333333333,1.853945,5.33076,0.09549013649085684
2026-03-14 18:00:00+00:00,DMU50_001,3600.0,660.0,1860.0,1850.466,4,3,1,11.21262,9.8347,0.96568,0.41224,5.68016,0.8166666666666667,1.0051522157121504,0.75,0.6156557321236921,0.25,1.8933866666666668,3.73754,0.12289010061876707
2026-03-14 19:00:00+00:00,DMU50_001,3600.0,360.0,2040.0,2077.765,5,3,2,11.73858,10.40458,1.334,0.0,4.97999,0.9,0.9818242197746135,0.6,0.5301850786782913,0.4,1.6599966666666668,3.91286,0.11364236560129079
2026-03-14 20:00:00+00:00,DMU50_001,3600.0,300.0,2160.0,2245.906,5,4,1,12.03672,10.80975,0.92587,0.3011,7.47224,0.9166666666666666,0.9617499574781847,0.8,0.7052833021506688,0.2,1.86806,3.00918,0.10193557713397006
2026-03-14 21:00:00+00:00,DMU50_001,3600.0,420.0,2040.0,2092.506,5,3,2,11.9264,10.86937,0.66542,0.39161,5.54503,0.8833333333333333,0.9749075988312579,0.6,0.5167010273805667,0.4,1.8483433333333332,3.9754666666666667,0.08862942715320633
2026-03-14 22:00:00+00:00,DMU50_001,3600.0,1020.0,1020.0,1072.52,2,1,1,9.05951,7.30804,1.34056,0.41091,2.20278,0.7166666666666667,0.9510312162010964,0.5,0.3407861858053929,0.5,2.20278,9.05951,0.193329440554732
2026-03-14 23:00:00+00:00,DMU50_001,3600.0,600.0,1500.0,1510.537,3,2,1,11.30059,10.00201,0.885,0.41358,4.55801,0.8333333333333334,0.9930243350543548,0.6666666666666666,0.5516801861413082,0.3333333333333333,2.279005,5.650295,0.11491258421020495
2026-03-15 00:00:00+00:00,DMU50_001,3600.0,780.0,1200.0,1256.292,3,2,1,9.78119,8.67713,0.75453,0.34953,3.50241,0.7833333333333333,0.9551919458215128,0.6666666666666666,0.4988224605956789,0.3333333333333333,1.751205,4.890595,0.11287583617126341
2026-03-15 01:00:00+00:00,DMU50_001,3600.0,1440.0,360.0,383.562,1,1,0,7.982,6.34548,0.88197,0.75455,1.76253,0.6,0.9385705570416256,1.0,0.5631423342249754,0.0,1.76253,7.982,0.20502630919569031
2026-03-15 02:00:00+00:00,DMU50_001,3600.0,540.0,1200.0,1258.119,3,2,1,10.36673,9.09289,1.16206,0.11178,3.97853,0.85,0.9538048467593289,0.6666666666666666,0.5404894131636196,0.3333333333333333,1.989265,5.183365,0.12287770589182896
2026-03-15 03:00:00+00:00,DMU50_001,3600.0,1260.0,1380.0,1355.268,3,2,1,9.64306,8.25211,0.9821,0.40885,3.80064,0.65,1.0182487891693746,0.6666666666666666,0.44124114197339565,0.3333333333333333,1.90032,4.82153,0.14424363220803355
2026-03-15 04:00:00+00:00,DMU50_001,3600.0,660.0,2040.0,2081.161,4,3,1,11.56947,10.62245,0.54311,0.40391,7.11519,0.8166666666666667,0.9802220971851769,0.75,0.6003860345259209,0.25,2.37173,3.85649,0.0818550892996827
2026-03-15 05:00:00+00:00,DMU50_001,3600.0,840.0,1380.0,1407.929,3,2,1,10.28925,9.27423,0.48987,0.52515,4.00385,0.7666666666666667,0.9801630621998695,0.6666666666666666,0.5009722317910444,0.3333333333333333,2.001925,5.144625,0.0986485895473431
2026-03-15 06:00:00+00:00,DMU50_001,3600.0,540.0,2160.0,2234.967,5,3,2,11.34271,10.51245,0.48401,0.34625,5.98693,0.85,0.966457222858324,0.6,0.49289318365774526,0.4,1.9956433333333332,3.7809033333333333,0.07319767498243365
2026-03-15 07:00:00+00:00,DMU50_001,3600.0,240.0,1680.0,1714.577,4,3,1,12.45314,11.68572,0.53781,0.22961,5.52804,0.9333333333333333,0.9798335099561,0.75,0.68588345696927,0.25,1.84268,4.151046666666667,0.06162461836934299
2026-03-15 08:00:00+00:00,DMU50_001,3600.0,1080.0,1200.0,1174.452,3,2,1,9.40037,7.97011,0.96484,0.46542,3.53915,0.7,1.0217531240101767,0.6666666666666666,0.4768181245380825,0.3333333333333333,1.769575,4.700185,0.15214933029231828
2026-03-15 09:00:00+00:00,DMU50_001,3600.0,1080.0,1680.0,1713.585,4,2,2,9.89748,8.33078,1.15772,0.40898,3.97072,0.7,0.9804007388019853,0.5,0.34314025858069486,0.5,1.98536,4.94874,0.15829281796982667
2026-03-15 10:00:00+00:00,DMU50_001,3600.0,1080.0,1680.0,1737.431,4,3,1,10.34567,9.11747,0.41684,0.81136,5.94801,0.7,0.9669448743576003,0.75,0.5076460590377402,0.25,1.98267,3.4485566666666667,0.1187163325333207
2026-03-15 11:00:00+00:00,DMU50_001,3600.0,840.0,1380.0,1345.943,3,2,1,10.51755,9.2605,0.72743,0.52962,3.55804,0.7666666666666667,1.025303448957348,0.6666666666666666,0.5240439850226446,0.3333333333333333,1.77902,5.258775,0.11951927968015365
2026-03-15 12:00:00+00:00,DMU50_001,3600.0,360.0,1680.0,1687.906,4,3,1,11.44535,10.19827,0.89376,0.35332,5.06162,0.9,0.9953160898770429,0.75,0.671838360667004,0.25,1.6872066666666667,3.8151166666666665,0.10895953378446269
2026-03-15 13:00:00+00:00,DMU50_001,3600.0,780.0,1680.0,1723.744,4,2,2,10.10606,8.44026,1.366,0.2998,3.7269,0.7833333333333333,0.9746226817903355,0.5,0.38172721703454804,0.5,1.86345,5.05303,0.16483179399291117
2026-03-15 14:00:00+00:00,DMU50_001,3600.0,360.0,1680.0,1747.265,4,3,1,12.08958,11.19561,0.53501,0.35896,6.18541,0.9,0.9615026913490512,0.75,0.6490143166606096,0.25,2.061803333333333,4.02986,0.07394549686589609
2026-03-15 15:00:00+00:00,DMU50_001,3600.0,840.0,840.0,857.341,2,1,1,9.43119,7.95831,1.36115,0.11173,1.77404,0.7666666666666667,0.9797735090238306,0.5,0.3755798451258017,0.5,1.77404,9.43119,0.1561711724607393
2026-03-15 16:00:00+00:00,DMU50_001,3600.0,540.0,1020.0,1023.846,2,2,0,9.94557,8.67611,1.08555,0.18391,4.51858,0.85,0.9962435756940009,1.0,0.8468070393399008,0.0,2.25929,4.972785,0.12764074859460042
2026-03-15 17:00:00+00:00,DMU50_001,3600.0,900.0,1020.0,1032.578,2,1,1,9.5514,8.27218,1.03997,0.23925,1.9834,0.75,0.9878188378989287,0.5,0.3704320642120983,0.5,1.9834,9.5514,0.13393010448730028
2026-03-15 18:00:00+00:00,DMU50_001,3600.0,1020.0,1200.0,1244.188,3,2,1,9.54637,8.34756,0.56143,0.63738,3.72903,0.7166666666666667,0.9644844669776593,0.6666666666666666,0.46080924533377055,0.3333333333333333,1.864515,4.773185,0.12557757556013438
2026-03-15 19:00:00+00:00,DMU50_001,3600.0,720.0,1380.0,1399.424,3,2,1,10.64507,9.59811,0.7554,0.29156,3.79376,0.8,0.9861200036586482,0.6666666666666666,0.5259306686179457,0.3333333333333333,1.89688,5.322535,0.09835163131853525
2026-03-15 20:00:00+00:00,DMU50_001,3600.0,720.0,1560.0,1572.102,3,2,1,10.69109,9.36096,1.09726,0.23287,4.75704,0.8,0.9923020262044066,0.6666666666666666,0.5292277473090169,0.3333333333333333,2.37852,5.345545,0.12441481644995973
2026-03-15 21:00:00+00:00,DMU50_001,3600.0,1080.0,1680.0,1706.671,4,3,1,10.40682,8.81166,1.3084,0.28676,5.97336,0.7,0.9843725006166977,0.75,0.5167955628237663,0.25,1.99112,3.46894,0.15328025275732646
2026-03-15 22:00:00+00:00,DMU50_001,3600.0,900.0,2340.0,2328.677,5,3,2,11.55347,10.41195,0.46828,0.67324,5.51579,0.75,1.0048624175873253,0.6,0.4521880879142964,0.4,1.8385966666666667,3.851156666666667,0.09880321669593638
2026-03-15 23:00:00+00:00,DMU50_001,3600.0,1140.0,2040.0,2082.166,4,3,1,10.66622,9.39495,1.03461,0.23666,6.70387,0.6833333333333333,0.9797489729445202,0.75,0.5021213486340667,0.25,2.2346233333333334,3.555406666666667,0.11918655343692518
2026-03-16 00:00:00+00:00,DMU50_001,3600.0,600.0,1200.0,1205.405,3,2,1,10.41773,9.08562,1.21566,0.11645,3.76224,0.8333333333333334,0.9955160298820729,0.6666666666666666,0.553064461045596,0.3333333333333333,1.88112,5.208865,0.1278695070807172
2026-03-16 01:00:00+00:00,DMU50_001,3600.0,900.0,1680.0,1669.732,4,2,2,10.6251,9.31695,0.53559,0.77256,3.79018,0.75,1.0061494898582528,0.5,0.37730605869684475,0.5,1.89509,5.31255,0.12311884123443544
2026-03-16 02:00:00+00:00,DMU50_001,3600.0,660.0,1380.0,1415.102,3,2,1,10.52062,9.46464,0.406,0.64998,4.26839,0.8166666666666667,0.9751947209459106,0.6666666666666666,0.5309393480705513,0.3333333333333333,2.134195,5.26031,0.10037241151186907
2026-03-16 03:00:00+00:00,DMU50_001,3600.0,900.0,1200.0,1221.389,3,2,1,9.96213,8.38223,1.5799,0.0,4.0114,0.75,0.9824879706629092,0.6666666666666666,0.4912439853314546,0.3333333333333333,2.0057,4.981065,0.15859058253606406
2026-03-16 04:00:00+00:00,DMU50_001,3600.0,900.0,2040.0,2081.76,4,3,1,11.42946,10.1798,0.82986,0.4198,6.79007,0.75,0.9799400507263085,0.75,0.5512162785335485,0.25,2.2633566666666667,3.80982,0.10933674906775998
2026-03-16 05:00:00+00:00,DMU50_001,3600.0,360.0,1680.0,1735.915,4,3,1,11.38018,10.19609,1.00771,0.17638,5.24846,0.9,0.9677893214817546,0.75,0.6532577920001843,0.25,1.7494866666666666,3.7933933333333334,0.1040484421160298
2026-03-16 06:00:00+00:00,DMU50_001,3600.0,360.0,1200.0,1215.363,3,2,1,10.67338,9.35902,1.14823,0.16613,3.81743,0.9,0.9873593321501477,0.6666666666666666,0.5924155992900887,0.3333333333333333,1.908715,5.33669,0.1231437464046066
2026-03-16 07:00:00+00:00,DMU50_001,3600.0,660.0,1740.0,1782.739,4,2,2,11.20655,10.00949,0.53528,0.66178,4.0439,0.8166666666666667,0.9760262158397837,0.5,0.3985440381345783,0.5,2.02195,5.603275,0.10681788775314437
2026-03-16 08:00:00+00:00,DMU50_001,3600.0,720.0,1680.0,1720.59,4,3,1,10.96218,9.79306,0.87978,0.28934,5.4881,0.8,0.9764092549648667,0.75,0.58584555297892,0.25,1.8293666666666668,3.65406,0.10665031955322755
2026-03-16 09:00:00+00:00,DMU50_001,3600.0,1080.0,1320.0,1349.549,3,2,1,9.31376,7.70599,1.36716,0.24061,4.27888,0.7,0.9781045371453723,0.6666666666666666,0.4564487840011737,0.3333333333333333,2.13944,4.65688,0.1726230867018261
2026-03-16 10:00:00+00:00,DMU50_001,3600.0,660.0,1200.0,1245.304,3,2,1,10.87966,9.45449,1.42517,0.0,3.4936,0.8166666666666667,0.9636201280972357,0.6666666666666666,0.5246376252973839,0.3333333333333333,1.7468,5.43983,0.13099398326785947
2026-03-16 11:00:00+00:00,DMU50_001,3600.0,900.0,1380.0,1401.708,3,2,1,9.85279,8.59899,0.90338,0.35042,4.4595,0.75,0.9845131796351309,0.6666666666666666,0.4922565898175654,0.3333333333333333,2.22975,4.926395,0.1272532957669858
2026-03-16 12:00:00+00:00,DMU50_001,3600.0,540.0,1680.0,1680.366,4,3,1,10.7658,9.48431,1.16337,0.11812,5.6933,0.85,0.9997821903085399,0.75,0.6373611463216942,0.25,1.8977666666666666,3.5886,0.11903342064686322
2026-03-16 13:00:00+00:00,DMU50_001,3600.0,1260.0,840.0,858.132,2,1,1,9.15969,7.38493,1.29517,0.47959,1.50624,0.65,0.9788703835773518,0.5,0.3181328746626393,0.5,1.50624,9.15969,0.19375764900340514
2026-03-16 14:00:00+00:00,DMU50_001,3600.0,360.0,1800.0,1823.741,4,3,1,11.12751,10.3278,0.68638,0.11333,6.04975,0.9,0.9869822524141312,0.75,0.6662130203795386,0.25,2.016583333333333,3.70917,0.07186783026930553
2026-03-16 15:00:00+00:00,DMU50_001,3600.0,720.0,1200.0,1180.636,3,2,1,10.66667,9.28176,1.38491,0.0,3.48716,0.8,1.0164013294529388,0.6666666666666666,0.5420807090415675,0.3333333333333333,1.74358,5.333335,0.12983527192647754
2026-03-16 16:00:00+00:00,DMU50_001,3600.0,660.0,2040.0,2019.619,4,2,2,11.2429,10.2691,0.62299,0.35081,4.25948,0.8166666666666667,1.0100915073585661,0.5,0.41245403217141446,0.5,2.12974,5.62145,0.08661466347650518
2026-03-16 17:00:00+00:00,DMU50_001,3600.0,480.0,1680.0,1689.855,4,3,1,11.45559,10.23954,1.21605,0.0,6.00129,0.8666666666666667,0.9941681386864554,0.75,0.646209290146196,0.25,2.00043,3.81853,0.10615341505762689
2026-03-16 18:00:00+00:00,DMU50_001,3600.0,720.0,1680.0,1732.779,4,3,1,11.04363,9.75585,0.80566,0.48212,5.71284,0.8,0.9695408358480799,0.75,0.5817245015088479,0.25,1.90428,3.68121,0.11660839778225095
2026-03-16 19:00:00+00:00,DMU50_001,3600.0,540.0,1680.0,1728.815,4,2,2,11.20996,10.26468,0.5355,0.40978,4.02629,0.85,0.9717638960791062,0.5,0.41299965583362014,0.5,2.013145,5.60498,0.08432501097238528
2026-03-16 20:00:00+00:00,DMU50_001,3600.0,660.0,1740.0,1807.942,4,3,1,10.78489,9.43208,1.0056,0.34721,6.49738,0.8166666666666667,0.9624202546320623,0.75,0.5894824059621382,0.25,2.1657933333333332,3.5949633333333333,0.12543567899162625
2026-03-16 21:00:00+00:00,DMU50_001,3600.0,420.0,960.0,1017.916,2,1,1,10.57527,9.1903,1.07907,0.3059,2.24776,0.8833333333333333,0.9431033601986805,0.5,0.41653731742108385,0.5,2.24776,10.57527,0.130963086521668
2026-03-16 22:00:00+00:00,DMU50_001,3600.0,900.0,1380.0,1423.553,3,2,1,10.18184,8.9225,0.84489,0.41445,4.74734,0.75,0.9694054243150765,0.6666666666666666,0.48470271215753824,0.3333333333333333,2.37367,5.09092,0.12368491353232815
2026-03-16 23:00:00+00:00,DMU50_001,3600.0,1080.0,1380.0,1454.466,3,2,1,9.55442,8.22825,0.40126,0.92491,4.71295,0.7,0.9488018282998709,0.6666666666666666,0.4427741865399397,0.3333333333333333,2.356475,4.77721,0.13880172736806629
2026-03-17 00:00:00+00:00,DMU50_001,3600.0,540.0,840.0,848.294,2,2,0,9.92909,8.54406,1.09166,0.29337,3.71115,0.85,0.9902227293839164,1.0,0.841689319976329,0.0,1.855575,4.964545,0.1394921387559182
2026-03-17 01:00:00+00:00,DMU50_001,3600.0,300.0,2040.0,2093.513,5,3,2,11.77528,10.9113,0.74739,0.11659,5.53332,0.9166666666666666,0.9744386588475925,0.6,0.5359412623661759,0.4,1.84444,3.9250933333333333,0.07337235292918724
2026-03-17 02:00:00+00:00,DMU50_001,3600.0,1260.0,1320.0,1311.36,3,2,1,9.92803,8.12998,1.38731,0.41074,3.94883,0.65,1.006588579795022,0.6666666666666666,0.43618838457784287,0.3333333333333333,1.974415,4.964015,0.18110843742414154
2026-03-17 03:00:00+00:00,DMU50_001,3600.0,660.0,1380.0,1420.067,3,2,1,9.80318,8.16986,1.23625,0.39707,4.49027,0.8166666666666667,0.9717851340817018,0.6666666666666666,0.529083017444482,0.3333333333333333,2.245135,4.90159,0.16661124247438075
2026-03-17 04:00:00+00:00,DMU50_001,3600.0,780.0,1020.0,1005.837,2,1,1,9.59048,8.22385,0.95715,0.40948,2.26076,0.7833333333333333,1.0140808103102192,0.5,0.3971816507048359,0.5,2.26076,9.59048,0.14249860278109125
2026-03-17 05:00:00+00:00,DMU50_001,3600.0,780.0,1200.0,1227.142,3,2,1,10.68383,9.46216,0.68112,0.54055,3.74819,0.7833333333333333,0.977881940313346,0.6666666666666666,0.510671679941414,0.3333333333333333,1.874095,5.341915,0.1143475701129651
2026-03-17 06:00:00+00:00,DMU50_001,3600.0,1380.0,1020.0,996.164,2,2,0,8.78146,7.16665,0.9712,0.64361,4.34979,0.6166666666666667,1.0239277869908971,1.0,0.6314221353110532,0.0,2.174895,4.39073,0.18388855611709215
2026-03-17 07:00:00+00:00,DMU50_001,3600.0,660.0,1680.0,1792.543,4,2,2,10.66772,9.42233,1.01846,0.22693,3.9598,0.8166666666666667,0.9372160109966678,0.5,0.3826965378236394,0.5,1.9799,5.33386,0.11674378405132493
2026-03-17 08:00:00+00:00,DMU50_001,3600.0,1080.0,1380.0,1426.891,3,2,1,9.73073,8.30191,1.0875,0.34132,4.25391,0.7,0.9671376440106497,0.6666666666666666,0.4513309005383032,0.3333333333333333,2.126955,4.865365,0.14683584890342247
2026-03-17 09:00:00+00:00,DMU50_001,3600.0,720.0,1200.0,1222.194,3,2,1,10.938,10.04325,0.4913,0.40345,3.57677,0.8,0.9818408534160697,0.6666666666666666,0.5236484551552372,0.3333333333333333,1.788385,5.469,0.0818019747668678
2026-03-17 10:00:00+00:00,DMU50_001,3600.0,720.0,1380.0,1354.717,3,2,1,10.38364,9.19015,1.01939,0.1741,3.77304,0.8,1.0186629384587333,0.6666666666666666,0.5432869005113244,0.3333333333333333,1.88652,5.19182,0.11493946246210385
2026-03-17 11:00:00+00:00,DMU50_001,3600.0,360.0,1500.0,1505.717,3,2,1,11.22587,10.14622,1.07965,0.0,4.54493,0.9,0.9962031377742299,0.6666666666666666,0.5977218826645379,0.3333333333333333,2.272465,5.612935,0.0961751739508831
2026-03-17 12:00:00+00:00,DMU50_001,3600.0,480.0,1500.0,1518.835,3,2,1,10.96963,9.32609,1.64354,0.0,4.76022,0.8666666666666667,0.9875990479545178,0.6666666666666666,0.5706127832626102,0.3333333333333333,2.38011,5.484815,0.14982638429919695
2026-03-17 13:00:00+00:00,DMU50_001,3600.0,480.0,2040.0,2084.859,5,4,1,11.98964,11.32878,0.42127,0.23959,7.45794,0.8666666666666667,0.9784834370094093,0.8,0.6784151829931905,0.2,1.864485,2.99741,0.05511925295505119
2026-03-17 14:00:00+00:00,DMU50_001,3600.0,120.0,1680.0,1720.984,4,2,2,11.73787,10.94206,0.79581,0.0,3.93228,0.9666666666666667,0.9761857170084092,0.5,0.4718230965540644,0.5,1.96614,5.868935,0.06779850177246809
2026-03-17 15:00:00+00:00,DMU50_001,3600.0,840.0,2160.0,2184.167,5,4,1,10.82991,9.28591,1.13705,0.40695,7.68782,0.7666666666666667,0.9889353698686959,0.8,0.6065470268528002,0.2,1.921955,2.7074775,0.14256812845166766
2026-03-17 16:00:00+00:00,DMU50_001,3600.0,480.0,1680.0,1679.934,4,2,2,11.91008,11.25844,0.41305,0.23859,3.77041,0.8666666666666667,1.0000392872577137,0.5,0.4333503578116759,0.5,1.885205,5.95504,0.0547133184663747
2026-03-17 17:00:00+00:00,DMU50_001,3600.0,600.0,2040.0,2116.329,5,4,1,11.34313,10.07127,0.80889,0.46297,7.68143,0.8333333333333334,0.9639333014857331,0.8,0.6426222009904887,0.2,1.9203575,2.8357825,0.11212601812727174
2026-03-17 18:00:00+00:00,DMU50_001,3600.0,660.0,1320.0,1320.532,3,2,1,10.91255,9.96081,0.47836,0.47338,3.75641,0.8166666666666667,0.9995971320649556,0.6666666666666666,0.5442251052353647,0.3333333333333333,1.878205,5.456275,0.08721517885370514
2026-03-17 19:00:00+00:00,DMU50_001,3600.0,600.0,2040.0,2083.67,5,3,2,11.23179,10.06109,0.82352,0.34718,5.40315,0.8333333333333334,0.9790417868472455,0.6,0.48952089342362276,0.4,1.80105,3.74393,0.10423093736617227
2026-03-17 20:00:00+00:00,DMU50_001,3600.0,720.0,540.0,534.031,1,1,0,9.38154,8.17518,1.03222,0.17414,2.22503,0.8,1.0111772537549317,1.0,0.8089418030039455,0.0,2.22503,9.38154,0.12858869652530394
2026-03-17 21:00:00+00:00,DMU50_001,3600.0,720.0,1680.0,1673.052,4,2,2,10.75608,9.61899,0.61797,0.51912,3.72479,0.8,1.0041528894499394,0.5,0.40166115577997574,0.5,1.862395,5.37804,0.10571602293772453
2026-03-17 22:00:00+00:00,DMU50_001,3600.0,240.0,2040.0,2023.964,5,4,1,12.06607,10.87234,1.08025,0.11348,7.42817,0.9333333333333333,1.0079230658252816,0.8,0.7525825558162101,0.2,1.8570425,3.0165175,0.09893279253311145
2026-03-17 23:00:00+00:00,DMU50_001,3600.0,540.0,1380.0,1415.061,3,2,1,10.68513,9.68821,0.75747,0.23945,3.73571,0.85,0.9752229762533206,0.6666666666666666,0.5526263532102149,0.3333333333333333,1.867855,5.342565,0.09329975395713482
2026-03-18 00:00:00+00:00,DMU50_001,3600.0,300.0,2160.0,2180.923,5,3,2,12.24262,10.85441,1.09956,0.28865,5.69271,0.9166666666666666,0.9904063554742648,0.6,0.5447234955108456,0.4,1.89757,4.080873333333333,0.11339157794655065
2026-03-18 01:00:00+00:00,DMU50_001,3600.0,1020.0,1740.0,1751.113,4,3,1,9.7484,8.28204,0.81965,0.64671,5.48049,0.7166666666666667,0.9936537505003961,0.75,0.5340888908939628,0.25,1.82683,3.2494666666666667,0.15042058183907103
2026-03-18 02:00:00+00:00,DMU50_001,3600.0,720.0,2040.0,2004.222,4,2,2,11.66417,10.7114,0.83272,0.12005,4.25694,0.8,1.0178513158721938,0.5,0.40714052634887754,0.5,2.12847,5.832085,0.08168348026477666
2026-03-18 03:00:00+00:00,DMU50_001,3600.0,1140.0,840.0,857.663,2,2,0,9.41813,7.82103,0.89527,0.70183,3.74869,0.6833333333333333,0.9794056639962316,1.0,0.6692605370640916,0.0,1.874345,4.709065,0.16957718782815698
2026-03-18 04:00:00+00:00,DMU50_001,3600.0,960.0,1380.0,1439.257,3,2,1,10.06571,8.6641,0.87081,0.5308,3.95283,0.7333333333333333,0.9588280619792018,0.6666666666666666,0.46876038585649865,0.3333333333333333,1.976415,5.032855,0.13924601443912055
2026-03-18 05:00:00+00:00,DMU50_001,3600.0,420.0,2160.0,2113.144,5,3,2,11.89743,10.78382,0.81912,0.29449,5.20826,0.8833333333333333,1.0221735953631177,0.6,0.5417520055424524,0.4,1.7360866666666668,3.96581,0.09360088691423274
2026-03-18 06:00:00+00:00,DMU50_001,3600.0,720.0,1380.0,1435.449,3,2,1,10.1638,8.53255,1.63125,0.0,3.93736,0.8,0.9613716683769329,0.6666666666666666,0.5127315564676975,0.3333333333333333,1.96868,5.0819,0.1604960743029182
2026-03-18 07:00:00+00:00,DMU50_001,3600.0,420.0,1680.0,1672.016,4,3,1,11.11604,9.69796,1.41808,0.0,5.46479,0.8833333333333333,1.0047750739227377,0.75,0.6656634864738137,0.25,1.8215966666666668,3.705346666666667,0.12757060967754705
2026-03-18 08:00:00+00:00,DMU50_001,3600.0,420.0,1200.0,1242.619,3,2,1,11.25425,10.29158,0.73783,0.22484,4.03456,0.8833333333333333,0.9657022788159524,0.6666666666666666,0.5686913419693942,0.3333333333333333,2.01728,5.627125,0.08553835217806606
2026-03-18 09:00:00+00:00,DMU50_001,3600.0,1140.0,1380.0,1420.968,3,2,1,9.91162,8.29641,1.08657,0.52864,4.7461,0.6833333333333333,0.9711689496174439,0.6666666666666666,0.44242141038127997,0.3333333333333333,2.37305,4.95581,0.16296125154112043
2026-03-18 10:00:00+00:00,DMU50_001,3600.0,420.0,2040.0,2025.613,5,3,2,11.55249,10.3779,1.17459,0.0,5.54941,0.8833333333333333,1.0071025413047803,0.6,0.5337643468915335,0.4,1.8498033333333332,3.85083,0.10167418452645274
2026-03-18 11:00:00+00:00,DMU50_001,3600.0,600.0,1020.0,1023.102,2,1,1,10.30503,9.43149,0.52702,0.34652,2.48547,0.8333333333333334,0.9969680442419231,0.5,0.41540335176746795,0.5,2.48547,10.30503,0.08476831217376368
2026-03-18 12:00:00+00:00,DMU50_001,3600.0,840.0,1680.0,1758.425,4,3,1,10.878,9.28875,1.24091,0.34834,6.23643,0.7666666666666667,0.9554004293615025,0.75,0.549355246882864,0.25,2.07881,3.626,0.1460976282404854
2026-03-18 13:00:00+00:00,DMU50_001,3600.0,420.0,1680.0,1730.082,4,3,1,11.4316,10.55507,0.87653,0.0,5.71097,0.8833333333333333,0.9710522391424221,0.75,0.6433221084318547,0.25,1.9036566666666668,3.8105333333333333,0.07667605584520103
2026-03-18 14:00:00+00:00,DMU50_001,3600.0,720.0,1320.0,1321.087,3,2,1,10.04073,8.58661,1.22903,0.22509,4.46279,0.8,0.9991771927208427,0.6666666666666666,0.5328945027844495,0.3333333333333333,2.231395,5.020365,0.14482213942611744
2026-03-18 15:00:00+00:00,DMU50_001,3600.0,900.0,1680.0,1773.839,4,2,2,10.66379,9.39842,0.90757,0.3578,4.04662,0.75,0.9470983556004801,0.5,0.35516188335018,0.5,2.02331,5.331895,0.11866043873707191
2026-03-18 16:00:00+00:00,DMU50_001,3600.0,300.0,1680.0,1748.051,4,3,1,12.16286,11.15484,0.94914,0.05888,6.22784,0.9166666666666666,0.961070357787044,0.75,0.6607358709785928,0.25,2.075946666666667,4.054286666666667,0.08287688915271572
2026-03-18 17:00:00+00:00,DMU50_001,3600.0,600.0,1860.0,1906.758,4,3,1,11.09588,10.21843,0.47009,0.40736,6.48877,0.8333333333333334,0.975477748093885,0.75,0.6096735925586781,0.25,2.162923333333333,3.6986266666666667,0.07907890135798153
2026-03-18 18:00:00+00:00,DMU50_001,3600.0,660.0,1380.0,1433.0,3,2,1,10.70345,9.899,0.33365,0.4708,4.25475,0.8166666666666667,0.9630146545708305,0.6666666666666666,0.5243079785996744,0.3333333333333333,2.127375,5.351725,0.07515800980057832
2026-03-18 19:00:00+00:00,DMU50_001,3600.0,540.0,2040.0,2082.08,4,2,2,12.15331,10.90214,0.94978,0.30139,4.51544,0.85,0.9797894413279029,0.5,0.41641051256435874,0.5,2.25772,6.076655,0.1029489085689413
2026-03-18 20:00:00+00:00,DMU50_001,3600.0,960.0,840.0,888.714,2,2,0,9.04778,7.39833,1.07932,0.57013,3.99202,0.7333333333333333,0.9451859653386804,1.0,0.693136374581699,0.0,1.99601,4.52389,0.182304388479826
2026-03-18 21:00:00+00:00,DMU50_001,3600.0,660.0,1200.0,1271.585,3,2,1,10.27865,8.86351,1.11347,0.30167,3.98221,0.8166666666666667,0.9437041173024218,0.6666666666666666,0.5137944638646519,0.3333333333333333,1.991105,5.139325,0.13767761330524922
2026-03-18 22:00:00+00:00,DMU50_001,3600.0,1140.0,1080.0,1060.202,2,1,1,9.04074,7.62104,0.6764,0.7433,2.20047,0.6833333333333333,1.0186737998985098,0.5,0.3480468816319909,0.5,2.20047,9.04074,0.15703360565617416
2026-03-18 23:00:00+00:00,DMU50_001,3600.0,900.0,1860.0,1914.083,4,3,1,10.28128,9.1694,0.75458,0.3573,6.80955,0.75,0.9717446944568234,0.75,0.5466063906319631,0.25,2.26985,3.427093333333333,0.10814606741573034
2026-03-19 00:00:00+00:00,DMU50_001,3600.0,900.0,480.0,485.225,1,0,1,9.45354,8.34828,0.81556,0.2897,0.0,0.75,0.9892317996805605,0.0,0.0,1.0,0.0,0.0,0.11691493345349996
2026-03-19 01:00:00+00:00,DMU50_001,3600.0,900.0,720.0,736.275,2,2,0,8.9154,7.55551,0.94616,0.41373,3.21687,0.75,0.977895487419782,1.0,0.7334216155648365,0.0,1.608435,4.4577,0.15253269623348364
2026-03-19 02:00:00+00:00,DMU50_001,3600.0,480.0,2040.0,2073.951,4,2,2,11.76857,10.72516,0.81104,0.23237,4.51556,0.8666666666666667,0.9836297964609578,0.5,0.4262395784664151,0.5,2.25778,5.884285,0.08866072938343401
2026-03-19 03:00:00+00:00,DMU50_001,3600.0,900.0,1860.0,1837.29,4,3,1,10.45982,9.29095,1.05178,0.11709,6.22179,0.75,1.012360596313048,0.75,0.5694528354260895,0.25,2.07393,3.486606666666667,0.11174857693535835
2026-03-19 04:00:00+00:00,DMU50_001,3600.0,960.0,1860.0,1820.604,4,3,1,11.15751,9.84925,0.89711,0.41115,5.70246,0.7333333333333333,1.0216389725607546,0.75,0.561901434908415,0.25,1.90082,3.71917,0.1172537600235178
2026-03-19 05:00:00+00:00,DMU50_001,3600.0,840.0,1560.0,1632.984,3,2,1,10.74286,9.67842,0.83493,0.22951,4.79399,0.7666666666666667,0.9553063594009494,0.6666666666666666,0.4882676948049297,0.3333333333333333,2.396995,5.37143,0.09908348428630737
2026-03-19 06:00:00+00:00,DMU50_001,3600.0,420.0,1380.0,1373.601,3,2,1,10.4854,9.23716,1.01319,0.23505,4.1995,0.8833333333333333,1.0046585580528844,0.6666666666666666,0.5916322619644764,0.3333333333333333,2.09975,5.2427,0.11904552997501287
2026-03-19 07:00:00+00:00,DMU50_001,3600.0,900.0,840.0,853.304,2,1,1,9.31382,7.99366,0.74456,0.5756,2.22354,0.75,0.9844088390538425,0.5,0.3691533146451909,0.5,2.22354,9.31382,0.14174205642797477
2026-03-19 08:00:00+00:00,DMU50_001,3600.0,600.0,1860.0,1904.289,4,3,1,11.20478,9.84191,1.36287,0.0,5.99275,0.8333333333333334,0.9767425007443723,0.75,0.6104640629652327,0.25,1.9975833333333333,3.7349266666666665,0.12163291024009396
2026-03-19 09:00:00+00:00,DMU50_001,3600.0,420.0,1560.0,1643.412,3,2,1,11.36966,10.24588,0.89474,0.22904,4.69919,0.8833333333333333,0.9492446203386613,0.6666666666666666,0.5589996097549894,0.3333333333333333,2.349595,5.68483,0.0988402467619964
2026-03-19 10:00:00+00:00,DMU50_001,3600.0,420.0,2040.0,2084.175,4,2,2,11.82632,10.62232,0.9756,0.2284,4.72234,0.8833333333333333,0.9788045629565656,0.5,0.43230534863914977,0.5,2.36117,5.91316,0.10180681733624661
2026-03-19 11:00:00+00:00,DMU50_001,3600.0,360.0,2520.0,2531.212,5,4,1,12.73737,12.1001,0.41264,0.22463,8.99097,0.9,0.9955705014040704,0.8,0.7168107610109308,0.2,2.2477425,3.1843425,0.05003152142082706
2026-03-19 12:00:00+00:00,DMU50_001,3600.0,900.0,900.0,924.354,2,1,1,9.43467,7.98036,0.81441,0.6399,2.50847,0.75,0.9736529511420949,0.5,0.3651198566782856,0.5,2.50847,9.43467,0.15414529601989257
2026-03-19 13:00:00+00:00,DMU50_001,3600.0,480.0,1680.0,1731.776,4,3,1,11.3737,10.26955,1.10415,0.0,5.95228,0.8666666666666667,0.9701023688975942,0.75,0.6305665397834362,0.25,1.9840933333333333,3.7912333333333335,0.09707922663689036
2026-03-19 14:00:00+00:00,DMU50_001,3600.0,1080.0,1680.0,1711.091,4,2,2,9.82601,8.40043,0.89759,0.52799,3.74415,0.7,0.9818297215051683,0.5,0.34364040252680894,0.5,1.872075,4.913005,0.14508228670640475
2026-03-19 15:00:00+00:00,DMU50_001,3600.0,780.0,2340.0,2352.797,5,4,1,11.96565,10.56169,1.10981,0.29415,8.03409,0.7833333333333333,0.994560941721704,0.8,0.6232581901456011,0.2,2.0085225,2.9914125,0.11733253103675939
2026-03-19 16:00:00+00:00,DMU50_001,3600.0,600.0,900.0,919.298,2,1,1,10.0071,8.46397,1.08752,0.45561,1.49174,0.8333333333333334,0.9790078951547811,0.5,0.4079199563144921,0.5,1.49174,10.0071,0.15420351550399217
2026-03-19 17:00:00+00:00,DMU50_001,3600.0,780.0,1200.0,1253.666,3,2,1,10.03725,9.18412,0.48873,0.3644,4.01635,0.7833333333333333,0.9571927451171205,0.6666666666666666,0.49986732245005183,0.3333333333333333,2.008175,5.018625,0.08499638845301252
2026-03-19 18:00:00+00:00,DMU50_001,3600.0,720.0,1380.0,1414.969,3,2,1,9.95698,8.83795,1.11903,0.0,4.70127,0.8,0.9752863843660179,0.6666666666666666,0.5201527383285429,0.3333333333333333,2.350635,4.97849,0.11238648666563557
2026-03-19 19:00:00+00:00,DMU50_001,3600.0,840.0,1500.0,1509.789,3,2,1,10.96356,9.59939,1.12904,0.23513,4.02341,0.7666666666666667,0.9935163125443357,0.6666666666666666,0.5077972264115493,0.3333333333333333,2.011705,5.48178,0.12442764941314682
2026-03-19 20:00:00+00:00,DMU50_001,3600.0,1140.0,1080.0,1047.118,2,1,1,9.16857,7.6443,1.29462,0.22965,2.24675,0.6833333333333333,1.0314023825395038,0.5,0.35239581403433046,0.5,2.24675,9.16857,0.16624948056239958
2026-03-19 21:00:00+00:00,DMU50_001,3600.0,540.0,1860.0,1867.951,4,3,1,11.02898,9.7828,1.08003,0.16615,5.97798,0.85,0.9957434643628232,0.75,0.6347864585312998,0.25,1.99266,3.6763266666666667,0.11299140990372636
2026-03-19 22:00:00+00:00,DMU50_001,3600.0,960.0,1320.0,1376.025,3,2,1,10.46518,8.86627,1.30502,0.29389,4.21296,0.7333333333333333,0.9592848967133591,0.6666666666666666,0.4689837272820867,0.3333333333333333,2.10648,5.23259,0.15278380304973255
2026-03-19 23:00:00+00:00,DMU50_001,3600.0,1020.0,1740.0,1802.026,4,3,1,10.16107,8.7523,1.10789,0.30088,5.73152,0.7166666666666667,0.9655798528989038,0.75,0.5189991709331608,0.25,1.9105066666666668,3.3870233333333335,0.13864386329392475
2026-03-20 00:00:00+00:00,DMU50_001,3600.0,840.0,1020.0,1034.607,2,1,1,10.2173,8.83156,1.38574,0.0,2.27968,0.7666666666666667,0.985881595620366,0.5,0.3779212783211403,0.5,2.27968,10.2173,0.135626829005706
2026-03-20 01:00:00+00:00,DMU50_001,3600.0,1020.0,720.0,713.982,2,1,1,8.59273,6.45655,1.60859,0.52759,1.75523,0.7166666666666667,1.0084287839189223,0.5,0.3613536475709472,0.5,1.75523,8.59273,0.24860317966467002
2026-03-20 02:00:00+00:00,DMU50_001,3600.0,600.0,960.0,978.662,2,2,0,9.7505,8.27303,1.3017,0.17577,4.14233,0.8333333333333334,0.9809311079821226,1.0,0.8174425899851021,0.0,2.071165,4.87525,0.15152761396851444
2026-03-20 03:00:00+00:00,DMU50_001,3600.0,900.0,1380.0,1390.768,3,2,1,10.02858,8.74435,1.11058,0.17365,4.49886,0.75,0.9922575152721375,0.6666666666666666,0.49612875763606873,0.3333333333333333,2.24943,5.01429,0.128057013056684
2026-03-20 04:00:00+00:00,DMU50_001,3600.0,660.0,1560.0,1610.795,3,2,1,10.88333,10.08224,0.38563,0.41546,4.75199,0.8166666666666667,0.9684658817540407,0.6666666666666666,0.5272758689549777,0.3333333333333333,2.375995,5.441665,0.07360706695469126
2026-03-20 05:00:00+00:00,DMU50_001,3600.0,720.0,1380.0,1422.283,3,2,1,10.43387,9.34508,0.40443,0.68436,4.21111,0.8,0.9702710360736928,0.6666666666666666,0.5174778859059694,0.3333333333333333,2.105555,5.216935,0.10435150140839401
2026-03-20 06:00:00+00:00,DMU50_001,3600.0,540.0,1380.0,1423.216,3,2,1,10.62902,9.07611,1.55291,0.0,4.26233,0.85,0.969634967566413,0.6666666666666666,0.5494598149543006,0.3333333333333333,2.131165,5.31451,0.14610095756711344
2026-03-20 07:00:00+00:00,DMU50_001,3600.0,540.0,1860.0,1912.657,4,2,2,11.27509,9.90175,1.13183,0.24151,4.69463,0.85,0.9724691881503061,0.5,0.41329940496388007,0.5,2.347315,5.637545,0.12180301886725516
2026-03-20 08:00:00+00:00,DMU50_001,3600.0,1020.0,1200.0,1219.211,3,2,1,9.90485,8.74182,0.98517,0.17786,3.72016,0.7166666666666667,0.9842430883579627,0.6666666666666666,0.47024947554880436,0.3333333333333333,1.86008,4.952425,0.11742025371408957
2026-03-20 09:00:00+00:00,DMU50_001,3600.0,960.0,1020.0,1047.396,2,2,0,9.57575,8.17703,0.61258,0.78614,4.50491,0.7333333333333333,0.9738437038140302,1.0,0.7141520494636222,0.0,2.252455,4.787875,0.14606897632039265
2026-03-20 10:00:00+00:00,DMU50_001,3600.0,780.0,1680.0,1713.682,4,2,2,10.83001,9.71859,0.93428,0.17714,3.78731,0.7833333333333333,0.980345244917085,0.5,0.38396855425919163,0.5,1.893655,5.415005,0.10262409730000249
2026-03-20 11:00:00+00:00,DMU50_001,3600.0,1140.0,1740.0,1766.904,4,3,1,9.90228,8.7438,0.28235,0.87613,6.26885,0.6833333333333333,0.984773366294943,0.75,0.5046963502261583,0.25,2.0896166666666667,3.30076,0.11699123838146366
2026-03-20 12:00:00+00:00,DMU50_001,3600.0,660.0,1500.0,1564.724,3,2,1,11.14052,10.03174,0.68733,0.42145,4.21762,0.8166666666666667,0.9586355165511617,0.6666666666666666,0.5219237812334103,0.3333333333333333,2.10881,5.57026,0.09952677253844525
2026-03-20 13:00:00+00:00,DMU50_001,3600.0,1080.0,1200.0,1206.572,3,2,1,9.52347,7.8219,1.18443,0.51714,3.0344,0.7,0.9945531638393731,0.6666666666666666,0.4641248097917074,0.3333333333333333,1.5172,4.761735,0.17867121962897978
2026-03-20 14:00:00+00:00,DMU50_001,3600.0,780.0,1680.0,1720.636,4,3,1,10.69793,8.79787,1.61476,0.2853,5.99386,0.7833333333333333,0.9763831513463627,0.75,0.573625101415988,0.25,1.9979533333333332,3.565976666666667,0.1776100610118032
2026-03-20 15:00:00+00:00,DMU50_001,3600.0,1140.0,1680.0,1696.307,4,2,2,10.33986,9.05502,0.34121,0.94363,3.69405,0.6833333333333333,0.9903867637167093,0.5,0.3383821442698757,0.5,1.847025,5.16993,0.12426087006980752
2026-03-20 16:00:00+00:00,DMU50_001,3600.0,900.0,0.0,0.0,0,0,0,7.71325,6.59743,0.7736,0.34222,0.0,0.75,0.0,0.0,0.0,0.0,0.0,0.0,0.144662755647749
2026-03-20 17:00:00+00:00,DMU50_001,3600.0,780.0,1200.0,1234.241,3,2,1,10.09493,8.60657,1.02017,0.46819,3.98911,0.7833333333333333,0.9722574440486096,0.6666666666666666,0.5077344430031628,0.3333333333333333,1.994555,5.047465,0.14743638638405615
2026-03-20 18:00:00+00:00,DMU50_001,3600.0,480.0,2160.0,2229.038,5,4,1,11.83469,10.60996,1.22473,0.0,7.47483,0.8666666666666667,0.9690278945446421,0.8,0.6718593402176185,0.2,1.8687075,2.9586725,0.1034864453568281
2026-03-20 19:00:00+00:00,DMU50_001,3600.0,900.0,720.0,719.636,2,1,1,9.17804,7.59191,1.02805,0.55808,1.50978,0.75,1.0005058112712537,0.5,0.3751896792267202,0.5,1.50978,9.17804,0.1728179437003979
2026-03-20 20:00:00+00:00,DMU50_001,3600.0,660.0,1320.0,1353.04,3,2,1,10.33939,9.23064,0.81382,0.29493,4.46595,0.8166666666666667,0.9755809140897534,0.6666666666666666,0.5311496087821991,0.3333333333333333,2.232975,5.169695,0.10723553323745405
2026-03-20 21:00:00+00:00,DMU50_001,3600.0,900.0,1680.0,1679.621,4,3,1,10.70617,9.24017,0.89003,0.57597,6.03667,0.75,1.0002256461427905,0.75,0.5626269259553196,0.25,2.0122233333333335,3.5687233333333332,0.13693038687037476
2026-03-20 22:00:00+00:00,DMU50_001,3600.0,180.0,2160.0,2201.214,5,3,2,12.59294,11.73378,0.68123,0.17793,6.21315,0.95,0.9812766954962125,0.6,0.5593277164328412,0.4,2.07105,4.1976466666666665,0.06822552954274379
2026-03-20 23:00:00+00:00,DMU50_001,3600.0,660.0,1200.0,1268.335,3,2,1,10.39199,9.07729,1.3147,0.0,3.51607,0.8166666666666667,0.9461222784201335,0.6666666666666666,0.5151110182509616,0.3333333333333333,1.758035,5.195995,0.12651089925991077
2026-03-21 00:00:00+00:00,DMU50_001,3600.0,600.0,1860.0,1872.313,4,3,1,11.28442,10.15739,1.12703,0.0,6.33536,0.8333333333333334,0.9934236423076697,0.75,0.6208897764422936,0.25,2.1117866666666667,3.7614733333333334,0.09987487172579539
2026-03-21 01:00:00+00:00,DMU50_001,3600.0,840.0,1260.0,1280.643,3,2,1,9.42723,8.23766,0.91028,0.27929,4.27855,0.7666666666666667,0.9838807536526573,0.6666666666666666,0.502872385200247,0.3333333333333333,2.139275,4.713615,0.12618446775988282
2026-03-21 02:00:00+00:00,DMU50_001,3600.0,720.0,1500.0,1530.398,3,2,1,11.0127,9.83491,0.94218,0.23561,4.5496,0.8,0.980137193070038,0.6666666666666666,0.5227398363040202,0.3333333333333333,2.2748,5.50635,0.106948341460314
2026-03-21 03:00:00+00:00,DMU50_001,3600.0,480.0,1740.0,1785.923,4,2,2,11.15838,9.84257,1.0243,0.29151,3.95391,0.8666666666666667,0.9742861254376588,0.5,0.4221906543563188,0.5,1.976955,5.57919,0.11792123946307619
2026-03-21 04:00:00+00:00,DMU50_001,3600.0,720.0,1020.0,1064.874,2,2,0,10.68222,9.61592,0.75867,0.30763,4.83939,0.8,0.9578598031316381,1.0,0.7662878425053105,0.0,2.419695,5.34111,0.09982007485335445
2026-03-21 05:00:00+00:00,DMU50_001,3600.0,600.0,1920.0,1945.999,4,2,2,10.90865,9.34315,1.27764,0.28786,3.69471,0.8333333333333334,0.986639767029685,0.5,0.4110999029290354,0.5,1.847355,5.454325,0.14350996686116063
2026-03-21 06:00:00+00:00,DMU50_001,3600.0,780.0,1500.0,1510.003,3,2,1,10.90545,9.58919,0.80869,0.50757,4.507,0.7833333333333333,0.9933755098499805,0.6666666666666666,0.5187627662549897,0.3333333333333333,2.2535,5.452725,0.12069744944041741
2026-03-21 07:00:00+00:00,DMU50_001,3600.0,720.0,1560.0,1609.402,3,2,1,10.53741,9.0231,1.51431,0.0,4.9495,0.8,0.9693041266259145,0.6666666666666666,0.5169622008671544,0.3333333333333333,2.47475,5.268705,0.14370798896503031
2026-03-21 08:00:00+00:00,DMU50_001,3600.0,660.0,1320.0,1321.165,3,2,1,9.92493,8.80576,0.83821,0.28096,3.49743,0.8166666666666667,0.9991182024955247,0.6666666666666666,0.543964354692008,0.3333333333333333,1.748715,4.962465,0.11276351571245338
2026-03-21 09:00:00+00:00,DMU50_001,3600.0,360.0,2040.0,2068.541,4,3,1,12.49228,11.39254,1.09974,0.0,6.7484,0.9,0.9862023522859832,0.75,0.6656865877930387,0.25,2.2494666666666667,4.164093333333334,0.0880335695325433
2026-03-21 10:00:00+00:00,DMU50_001,3600.0,480.0,1860.0,1934.446,4,3,1,11.3612,10.13249,0.76745,0.46126,6.20676,0.8666666666666667,0.9615155967134776,0.75,0.6249851378637605,0.25,2.06892,3.7870666666666666,0.10814966728866669
2026-03-21 11:00:00+00:00,DMU50_001,3600.0,900.0,1740.0,1781.988,4,2,2,10.42926,9.19826,0.70762,0.52338,3.99027,0.75,0.9764375517680254,0.5,0.36616408191300953,0.5,1.995135,5.21463,0.11803330245865958
2026-03-21 12:00:00+00:00,DMU50_001,3600.0,360.0,1380.0,1434.46,3,2,1,11.01789,9.94063,1.07726,0.0,3.7415,0.9,0.9620344938164884,0.6666666666666666,0.577220696289893,0.3333333333333333,1.87075,5.508945,0.09777371166348547
2026-03-21 13:00:00+00:00,DMU50_001,3600.0,840.0,840.0,849.467,2,2,0,10.06509,8.63585,1.07994,0.3493,3.75707,0.7666666666666667,0.9888553645992134,1.0,0.7581224461927303,0.0,1.878535,5.032545,0.14199972379780013
2026-03-21 14:00:00+00:00,DMU50_001,3600.0,900.0,1560.0,1591.597,3,2,1,10.44414,9.34903,0.55899,0.53612,4.32657,0.75,0.9801476127436782,0.6666666666666666,0.4900738063718391,0.3333333333333333,2.163285,5.22207,0.10485401382976482
2026-03-21 15:00:00+00:00,DMU50_001,3600.0,420.0,2040.0,2124.925,4,2,2,12.17903,11.45754,0.54219,0.1793,4.73811,0.8833333333333333,0.9600338835488311,0.5,0.42401496523406706,0.5,2.369055,6.089515,0.05924035001145411
2026-03-21 16:00:00+00:00,DMU50_001,3600.0,840.0,1380.0,1451.093,3,2,1,9.78713,8.098,1.27695,0.41218,4.02104,0.7666666666666667,0.9510072752056553,0.6666666666666666,0.48607038510511275,0.3333333333333333,2.01052,4.893565,0.17258685641245186
2026-03-21 17:00:00+00:00,DMU50_001,3600.0,600.0,2040.0,2016.425,4,3,1,12.07068,10.55326,1.39835,0.11907,6.72346,0.8333333333333334,1.0116914836901942,0.75,0.6323071773063714,0.25,2.241153333333333,4.02356,0.12571122753647682
2026-03-21 18:00:00+00:00,DMU50_001,3600.0,1260.0,960.0,963.861,2,1,1,8.97162,7.22377,1.36195,0.3859,2.29895,0.65,0.995994235683361,0.5,0.3236981265970923,0.5,2.29895,8.97162,0.19481988760112443
2026-03-21 19:00:00+00:00,DMU50_001,3600.0,660.0,1380.0,1419.724,3,2,1,10.48122,9.29375,0.66672,0.52075,4.8109,0.8166666666666667,0.9720199137297109,0.6666666666666666,0.5292108419195093,0.3333333333333333,2.40545,5.24061,0.11329501718311417
2026-03-21 20:00:00+00:00,DMU50_001,3600.0,900.0,1380.0,1352.96,3,2,1,9.88378,8.84569,0.27075,0.76734,4.21049,0.75,1.0199858088930938,0.6666666666666666,0.5099929044465469,0.3333333333333333,2.105245,4.94189,0.10502965464629929
2026-03-21 21:00:00+00:00,DMU50_001,3600.0,720.0,2160.0,2266.83,5,4,1,11.31127,10.16115,0.74651,0.40361,7.84324,0.8,0.9528725135982848,0.8,0.6098384087029023,0.2,1.96081,2.8278175,0.10167912179622624
2026-03-21 22:00:00+00:00,DMU50_001,3600.0,480.0,960.0,984.081,2,1,1,10.04202,8.71169,1.21857,0.11176,2.27441,0.8666666666666667,0.9755294533681679,0.5,0.42272942979287276,0.5,2.27441,10.04202,0.1324763344426719
2026-03-21 23:00:00+00:00,DMU50_001,3600.0,540.0,1680.0,1717.8,4,3,1,11.27982,10.18246,0.81478,0.28258,5.39636,0.85,0.9779951100244498,0.75,0.6234718826405868,0.25,1.7987866666666668,3.75994,0.09728524036731083
2026-03-22 00:00:00+00:00,DMU50_001,3600.0,600.0,1680.0,1708.613,4,2,2,10.90115,9.68238,1.21877,0.0,3.53347,0.8333333333333334,0.9832536683262975,0.5,0.40968902846929056,0.5,1.766735,5.450575,0.11180196584763993
2026-03-22 01:00:00+00:00,DMU50_001,3600.0,840.0,1680.0,1753.758,4,3,1,11.45474,10.00439,1.22149,0.22886,6.03762,0.7666666666666667,0.9579428860766422,0.75,0.5508171594940693,0.25,2.01254,3.8182466666666666,0.1266157066856166
2026-03-22 02:00:00+00:00,DMU50_001,3600.0,960.0,840.0,859.71,2,1,1,9.43645,8.25804,0.7701,0.40831,1.9977,0.7333333333333333,0.9770736643751963,0.5,0.35826034360423864,0.5,1.9977,9.43645,0.12487852953176247
2026-03-22 03:00:00+00:00,DMU50_001,3600.0,1020.0,1680.0,1737.035,4,3,1,10.05135,8.1492,1.61713,0.28502,5.79302,0.7166666666666667,0.9671653133068706,0.75,0.5198513559024429,0.25,1.9310066666666668,3.35045,0.18924323598322612
2026-03-22 04:00:00+00:00,DMU50_001,3600.0,600.0,1320.0,1371.92,3,2,1,11.04517,9.70769,1.16583,0.17165,4.30441,0.8333333333333334,0.9621552277100706,0.6666666666666666,0.5345306820611503,0.3333333333333333,2.152205,5.522585,0.12109184376519329
2026-03-22 05:00:00+00:00,DMU50_001,3600.0,960.0,1200.0,1216.166,3,2,1,9.91722,8.56806,1.23678,0.11238,3.28215,0.7333333333333333,0.9867074067191486,0.6666666666666666,0.4823902877293615,0.3333333333333333,1.641075,4.95861,0.13604215697544272
2026-03-22 06:00:00+00:00,DMU50_001,3600.0,1020.0,840.0,839.943,2,1,1,9.0003,7.57768,1.19388,0.22874,1.99142,0.7166666666666667,1.0000678617477614,0.5,0.35835765045961454,0.5,1.99142,9.0003,0.15806362010155217
2026-03-22 07:00:00+00:00,DMU50_001,3600.0,840.0,1380.0,1420.088,3,2,1,10.3216,9.45406,0.3559,0.51164,4.56561,0.7666666666666667,0.9717707635019801,0.6666666666666666,0.4966828346787899,0.3333333333333333,2.282805,5.1608,0.08405092233762207
2026-03-22 08:00:00+00:00,DMU50_001,3600.0,420.0,2160.0,2192.209,5,4,1,11.6503,10.68186,0.74837,0.22007,7.73527,0.8833333333333333,0.9853075140189644,0.8,0.6962839765734016,0.2,1.9338175,2.912575,0.08312575641828966
2026-03-22 09:00:00+00:00,DMU50_001,3600.0,480.0,2400.0,2366.805,5,3,2,12.65273,11.8714,0.48375,0.29758,6.76486,0.8666666666666667,1.0140252365530746,0.6,0.5272931230075989,0.4,2.2549533333333334,4.217576666666667,0.06175189069868716
2026-03-22 10:00:00+00:00,DMU50_001,3600.0,780.0,1320.0,1366.509,3,2,1,10.72567,9.48453,0.69851,0.54263,4.56727,0.7833333333333333,0.9659650979247119,0.6666666666666666,0.5044484400273495,0.3333333333333333,2.283635,5.362835,0.11571678039693557
2026-03-22 11:00:00+00:00,DMU50_001,3600.0,780.0,1380.0,1404.464,3,2,1,9.98707,8.19659,1.36694,0.42354,3.46005,0.7833333333333333,0.9825812551977124,0.6666666666666666,0.5131257666032498,0.3333333333333333,1.730025,4.993535,0.17927980879276906
2026-03-22 12:00:00+00:00,DMU50_001,3600.0,780.0,1920.0,1930.156,4,3,1,10.60177,9.04802,1.44065,0.1131,6.02271,0.7833333333333333,0.9947382491363392,0.75,0.5844087213675992,0.25,2.00757,3.533923333333333,0.14655571663976863
2026-03-22 13:00:00+00:00,DMU50_001,3600.0,900.0,840.0,835.188,2,1,1,10.12622,8.8544,1.16222,0.1096,1.51041,0.75,1.0057615770341528,0.5,0.3771605913878073,0.5,1.51041,10.12622,0.1255967182225944
2026-03-22 14:00:00+00:00,DMU50_001,3600.0,720.0,1860.0,1882.371,4,3,1,10.99146,9.95138,0.69361,0.34647,6.34018,0.8,0.9881155202667274,0.75,0.5928693121600365,0.25,2.1133933333333332,3.66382,0.09462619160693848
2026-03-22 15:00:00+00:00,DMU50_001,3600.0,600.0,1680.0,1706.993,4,2,2,11.50778,10.15294,1.23353,0.12131,4.0014,0.8333333333333334,0.9841868127168653,0.5,0.4100778386320272,0.5,2.0007,5.75389,0.11773252530027511
2026-03-22 16:00:00+00:00,DMU50_001,3600.0,900.0,1380.0,1416.162,3,2,1,10.22966,8.48963,1.14966,0.59037,4.28298,0.75,0.9744647858084032,0.6666666666666666,0.4872323929042016,0.3333333333333333,2.14149,5.11483,0.1700965623490908
2026-03-22 17:00:00+00:00,DMU50_001,3600.0,960.0,1560.0,1604.22,3,2,1,10.54509,9.10933,1.04027,0.39549,4.78199,0.7333333333333333,0.972435202154318,0.6666666666666666,0.4754127654976666,0.3333333333333333,2.390995,5.272545,0.13615436188785493
2026-03-22 18:00:00+00:00,DMU50_001,3600.0,720.0,1200.0,1246.066,3,2,1,10.08285,8.78349,1.00991,0.28945,3.96997,0.8,0.963030850693302,0.6666666666666666,0.5136164537030944,0.3333333333333333,1.984985,5.041425,0.12886832591975483
2026-03-22 19:00:00+00:00,DMU50_001,3600.0,600.0,1680.0,1744.049,4,3,1,11.18348,10.14074,0.74894,0.2938,5.67248,0.8333333333333334,0.963275687781708,0.75,0.6020473048635675,0.25,1.8908266666666667,3.7278266666666666,0.09323931370199616
2026-03-22 20:00:00+00:00,DMU50_001,3600.0,900.0,1080.0,1117.995,2,1,1,9.28275,7.74482,1.17967,0.35826,2.50091,0.75,0.9660150537345874,0.5,0.36225564515047026,0.5,2.50091,9.28275,0.16567611968436077
2026-03-22 21:00:00+00:00,DMU50_001,3600.0,360.0,1680.0,1698.397,4,3,1,11.285,10.36572,0.81092,0.10836,5.46652,0.9,0.9891680213754499,0.75,0.6676884144284286,0.25,1.8221733333333332,3.7616666666666667,0.08146034559149314
2026-03-22 22:00:00+00:00,DMU50_001,3600.0,780.0,1320.0,1325.497,3,2,1,10.64844,9.56523,0.4904,0.59281,4.25625,0.7833333333333333,0.9958528763173361,0.6666666666666666,0.5200565020768311,0.3333333333333333,2.128125,5.32422,0.10172475968310851
2026-03-22 23:00:00+00:00,DMU50_001,3600.0,600.0,2160.0,2240.11,5,3,2,11.6434,10.79892,0.84448,0.0,5.75652,0.8333333333333334,0.9642383632946596,0.6,0.4821191816473298,0.4,1.91884,3.881133333333333,0.07252864283628493
2026-03-23 00:00:00+00:00,DMU50_001,3600.0,1020.0,1020.0,1056.766,2,2,0,9.94483,8.14047,1.00365,0.80071,4.73917,0.7166666666666667,0.9652089488117521,1.0,0.6917330799817557,0.0,2.369585,4.972415,0.18143698786203485
2026-03-23 01:00:00+00:00,DMU50_001,3600.0,720.0,1380.0,1356.986,3,2,1,10.12852,8.70463,1.13949,0.2844,4.22531,0.8,1.0169596443883726,0.6666666666666666,0.542378477007132,0.3333333333333333,2.112655,5.06426,0.14058223708893303
2026-03-23 02:00:00+00:00,DMU50_001,3600.0,600.0,720.0,731.146,2,1,1,9.4468,8.61272,0.83408,0.0,1.53268,0.8333333333333334,0.9847554387222252,0.5,0.4103147661342605,0.5,1.53268,9.4468,0.08829233179489351
2026-03-23 03:00:00+00:00,DMU50_001,3600.0,780.0,1560.0,1609.328,3,2,1,10.60952,9.11402,1.32931,0.16619,4.78071,0.7833333333333333,0.9693486970959307,0.6666666666666666,0.5062154307056527,0.3333333333333333,2.390355,5.30476,0.14095830914122412
2026-03-23 04:00:00+00:00,DMU50_001,3600.0,360.0,1380.0,1453.969,3,2,1,10.98231,9.61654,1.3052,0.06057,4.73458,0.9,0.9491261505575428,0.6666666666666666,0.5694756903345257,0.3333333333333333,2.36729,5.491155,0.12436090403567192
2026-03-23 05:00:00+00:00,DMU50_001,3600.0,660.0,1380.0,1394.884,3,2,1,10.38753,9.13817,0.95065,0.29871,4.52496,0.8166666666666667,0.9893295786603044,0.6666666666666666,0.5386349928261657,0.3333333333333333,2.26248,5.193765,0.120274983562021
2026-03-23 06:00:00+00:00,DMU50_001,3600.0,1080.0,2040.0,2147.134,4,3,1,10.26225,8.54436,0.66627,1.05162,6.99457,0.7,0.9501037196560624,0.75,0.4988044528194328,0.25,2.331523333333333,3.42075,0.16739896221588832
2026-03-23 07:00:00+00:00,DMU50_001,3600.0,420.0,1320.0,1318.173,3,2,1,11.44592,10.48136,0.67367,0.29089,3.77571,0.8833333333333333,1.001386009271924,0.6666666666666666,0.589705094349022,0.3333333333333333,1.887855,5.72296,0.0842710765058641
2026-03-23 08:00:00+00:00,DMU50_001,3600.0,660.0,1680.0,1707.501,4,2,2,11.07889,9.86008,0.73861,0.4802,3.74204,0.8166666666666667,0.9838940065042422,0.5,0.40175671932256557,0.5,1.87102,5.539445,0.11001192357718147
2026-03-23 09:00:00+00:00,DMU50_001,3600.0,780.0,1200.0,1193.856,3,2,1,9.72806,8.27325,0.93829,0.51652,3.50897,0.7833333333333333,1.0051463493084594,0.6666666666666666,0.5249097601944176,0.3333333333333333,1.754485,4.86403,0.14954780295351797
2026-03-23 10:00:00+00:00,DMU50_001,3600.0,540.0,1380.0,1381.963,3,2,1,10.48472,9.34455,0.96305,0.17712,4.45984,0.85,0.9985795567609264,0.6666666666666666,0.5658617488311916,0.3333333333333333,2.22992,5.24236,0.10874587018060568
2026-03-23 11:00:00+00:00,DMU50_001,3600.0,420.0,1860.0,1877.112,4,3,1,11.55272,10.32038,0.99564,0.2367,6.70457,0.8833333333333333,0.9908838684106223,0.75,0.6564605628220372,0.25,2.2348566666666665,3.8509066666666665,0.10667098311047095
2026-03-23 12:00:00+00:00,DMU50_001,3600.0,660.0,1740.0,1775.677,4,3,1,10.53213,9.16498,1.1473,0.21985,5.49106,0.8166666666666667,0.9799079449697214,0.75,0.6001936162939544,0.25,1.8303533333333333,3.51071,0.129807550799316
2026-03-23 13:00:00+00:00,DMU50_001,3600.0,780.0,1500.0,1520.308,3,2,1,11.02795,9.82755,0.68045,0.51995,4.50207,0.7833333333333333,0.9866421804002873,0.6666666666666666,0.5152464719868167,0.3333333333333333,2.251035,5.513975,0.10885069301184717
2026-03-23 14:00:00+00:00,DMU50_001,3600.0,660.0,1200.0,1247.506,3,2,1,9.5115,8.51527,0.75647,0.23976,4.03795,0.8166666666666667,0.9619192212301985,0.6666666666666666,0.523711576003108,0.3333333333333333,2.018975,4.75575,0.1047395258371445
2026-03-23 15:00:00+00:00,DMU50_001,3600.0,360.0,1200.0,1208.3,3,2,1,10.87736,9.51959,1.35777,0.0,3.96416,0.9,0.9931308449888273,0.6666666666666666,0.5958785069932964,0.3333333333333333,1.98208,5.43868,0.12482532526274757
2026-03-23 16:00:00+00:00,DMU50_001,3600.0,120.0,1680.0,1658.551,4,2,2,11.89107,10.98147,0.79578,0.11382,3.69797,0.9666666666666667,1.0129323728965827,0.5,0.48958398023334826,0.5,1.848985,5.945535,0.07649437771369608
2026-03-23 17:00:00+00:00,DMU50_001,3600.0,840.0,720.0,725.983,2,2,0,9.00871,7.58602,1.01607,0.40662,3.29835,0.7666666666666667,0.9917587601913543,1.0,0.7603483828133717,0.0,1.649175,4.504355,0.15792383149196723
2026-03-23 18:00:00+00:00,DMU50_001,3600.0,1020.0,1380.0,1361.59,3,2,1,9.72664,8.45022,0.40946,0.86696,3.77196,0.7166666666666667,1.0135209571163124,0.6666666666666666,0.4842377906222382,0.3333333333333333,1.88598,4.86332,0.13122928369920137
2026-03-23 19:00:00+00:00,DMU50_001,3600.0,480.0,1680.0,1704.316,4,2,2,11.54988,10.61154,0.82316,0.11518,3.76009,0.8666666666666667,0.9857326927635486,0.5,0.427150833530871,0.5,1.880045,5.77494,0.08124240251846772
2026-03-23 20:00:00+00:00,DMU50_001,3600.0,1020.0,1200.0,1269.568,3,2,1,9.83056,8.29303,1.24324,0.29429,3.98335,0.7166666666666667,0.9452034077733529,0.6666666666666666,0.45159718371393526,0.3333333333333333,1.991675,4.91528,0.15640309402516236
2026-03-23 21:00:00+00:00,DMU50_001,3600.0,780.0,1380.0,1445.527,3,2,1,10.41105,9.05247,1.02637,0.33221,4.72227,0.7833333333333333,0.9546691275915289,0.6666666666666666,0.49854943329779844,0.3333333333333333,2.361135,5.205525,0.1304940423876554
2026-03-23 22:00:00+00:00,DMU50_001,3600.0,1080.0,1200.0,1214.943,3,2,1,9.16697,7.53233,1.06498,0.56966,3.81127,0.7,0.9877006575617128,0.6666666666666666,0.4609269735287993,0.3333333333333333,1.905635,4.583485,0.17831846291631803
2026-03-23 23:00:00+00:00,DMU50_001,3600.0,900.0,1380.0,1417.335,3,2,1,10.41255,9.17176,0.95829,0.2825,3.68099,0.75,0.973658309432844,0.6666666666666666,0.486829154716422,0.3333333333333333,1.840495,5.206275,0.11916293319119717
2026-03-24 00:00:00+00:00,DMU50_001,3600.0,360.0,1860.0,1888.551,4,3,1,11.79509,10.72944,1.06565,0.0,6.0257,0.9,0.9848820603732703,0.75,0.6647953907519575,0.25,2.008566666666667,3.931696666666667,0.09034691553858427
2026-03-24 01:00:00+00:00,DMU50_001,3600.0,420.0,2160.0,2247.689,5,3,2,12.01895,10.86632,1.15263,0.0,6.32451,0.8833333333333333,0.9609870404668973,0.6,0.5093231314474556,0.4,2.10817,4.006316666666667,0.09590105624867397
2026-03-24 02:00:00+00:00,DMU50_001,3600.0,420.0,1680.0,1716.826,4,3,1,11.46801,10.2997,1.16831,0.0,5.70056,0.8833333333333333,0.9785499520627018,0.75,0.6482893432415399,0.25,1.9001866666666667,3.82267,0.10187556515908165
2026-03-24 03:00:00+00:00,DMU50_001,3600.0,1080.0,840.0,862.86,2,1,1,9.1218,7.61659,0.81202,0.69319,1.69469,0.7,0.9735067102426813,0.5,0.34072734858493847,0.5,1.69469,9.1218,0.16501238790589576
2026-03-24 04:00:00+00:00,DMU50_001,3600.0,840.0,1680.0,1710.166,4,3,1,10.8135,9.3895,1.03812,0.38588,5.7633,0.7666666666666667,0.9823607766731417,0.75,0.5648574465870565,0.25,1.9211,3.6045,0.13168724279835392
2026-03-24 05:00:00+00:00,DMU50_001,3600.0,540.0,2160.0,2149.484,5,3,2,11.76087,10.75303,0.95391,0.05393,5.72975,0.85,1.004892336951566,0.6,0.5124950918452987,0.4,1.9099166666666667,3.92029,0.0856943406397656
2026-03-24 06:00:00+00:00,DMU50_001,3600.0,720.0,2040.0,2110.923,5,4,1,11.3255,10.14179,0.96677,0.21694,7.68505,0.8,0.9664019009693864,0.8,0.6184972166204072,0.2,1.9212625,2.831375,0.10451723985695996
2026-03-24 07:00:00+00:00,DMU50_001,3600.0,360.0,1380.0,1349.111,3,2,1,11.36764,10.57254,0.68326,0.11184,3.73102,0.9,1.0228958180609304,0.6666666666666666,0.6137374908365583,0.3333333333333333,1.86551,5.68382,0.06994415727450905
2026-03-24 08:00:00+00:00,DMU50_001,3600.0,840.0,1320.0,1337.187,3,2,1,10.26914,9.03935,1.11208,0.11771,3.9743,0.7666666666666667,0.9871468986761014,0.6666666666666666,0.5045417482122296,0.3333333333333333,1.98715,5.13457,0.11975588997715485
2026-03-24 09:00:00+00:00,DMU50_001,3600.0,1020.0,1200.0,1223.294,3,2,1,9.40995,8.17504,0.76755,0.46736,3.55785,0.7166666666666667,0.9809579708557387,0.6666666666666666,0.46867991940885295,0.3333333333333333,1.778925,4.704975,0.13123449115032493
2026-03-24 10:00:00+00:00,DMU50_001,3600.0,540.0,1680.0,1708.758,4,2,2,11.78706,10.89048,0.89658,0.0,3.99823,0.85,0.9831702324144203,0.5,0.4178473487761286,0.5,1.999115,5.89353,0.07606476933179267
2026-03-24 11:00:00+00:00,DMU50_001,3600.0,0.0,1860.0,1891.637,4,3,1,11.987,10.77805,1.20895,0.0,6.23788,1.0,0.9832753324237156,0.75,0.7374564993177867,0.25,2.079293333333333,3.9956666666666667,0.10085509301743556
2026-03-24 12:00:00+00:00,DMU50_001,3600.0,540.0,1680.0,1701.826,4,3,1,10.80862,9.97886,0.54002,0.28974,5.34563,0.85,0.9871749520808826,0.75,0.6293240319515626,0.25,1.7818766666666668,3.602873333333333,0.07676835710756785
2026-03-24 13:00:00+00:00,DMU50_001,3600.0,600.0,1380.0,1423.842,3,2,1,10.90475,9.8217,0.84642,0.23663,4.8076,0.8333333333333334,0.9692086621970696,0.6666666666666666,0.5384492567761497,0.3333333333333333,2.4038,5.452375,0.09931910406015727
2026-03-24 14:00:00+00:00,DMU50_001,3600.0,660.0,1200.0,1187.807,3,2,1,10.61883,9.58173,0.40397,0.63313,3.68283,0.8166666666666667,1.0102651356659793,0.6666666666666666,0.5500332405292554,0.3333333333333333,1.841415,5.309415,0.09766612705919579
2026-03-24 15:00:00+00:00,DMU50_001,3600.0,900.0,900.0,925.393,2,1,1,9.27207,7.48982,1.43789,0.34436,2.48566,0.75,0.9725597664992063,0.5,0.36470991243720235,0.5,2.48566,9.27207,0.19221705616976575
2026-03-24 16:00:00+00:00,DMU50_001,3600.0,960.0,1320.0,1317.918,3,2,1,9.9937,8.40188,1.30412,0.2877,4.30082,0.7333333333333333,1.00157976444665,0.6666666666666666,0.4896612181739177,0.3333333333333333,2.15041,4.99685,0.15928234787916387
2026-03-24 17:00:00+00:00,DMU50_001,3600.0,660.0,1680.0,1697.844,4,3,1,10.95839,9.6901,0.9721,0.29619,5.2584,0.8166666666666667,0.9894902005131213,0.75,0.6060627478142868,0.25,1.7528,3.6527966666666667,0.11573689200694627
2026-03-24 18:00:00+00:00,DMU50_001,3600.0,480.0,1260.0,1343.404,3,2,1,10.21101,9.29256,0.80275,0.1157,4.25722,0.8666666666666667,0.937915921048322,0.6666666666666666,0.5419069766056972,0.3333333333333333,2.12861,5.105505,0.0899470277670867
2026-03-24 19:00:00+00:00,DMU50_001,3600.0,780.0,1680.0,1724.927,4,2,2,11.3756,10.5457,0.43087,0.39903,3.73041,0.7833333333333333,0.9739542600933256,0.5,0.3814654185365526,0.5,1.865205,5.6878,0.07295439361440276
2026-03-24 20:00:00+00:00,DMU50_001,3600.0,660.0,1680.0,1731.573,4,3,1,11.03858,9.9315,0.81133,0.29575,5.47416,0.8166666666666667,0.9702160983106112,0.75,0.5942573602152493,0.25,1.82472,3.679526666666667,0.10029188536931381
2026-03-24 21:00:00+00:00,DMU50_001,3600.0,300.0,1680.0,1688.388,4,3,1,10.90502,10.04896,0.85606,0.0,5.51826,0.9166666666666666,0.99503194763289,0.75,0.6840844639976119,0.25,1.83942,3.6350066666666665,0.07850146079512005
2026-03-24 22:00:00+00:00,DMU50_001,3600.0,840.0,1200.0,1230.212,3,2,1,10.56505,9.26429,1.01621,0.28455,3.74421,0.7666666666666667,0.9754416311985251,0.6666666666666666,0.4985590559459128,0.3333333333333333,1.872105,5.282525,0.12311915229932656
2026-03-24 23:00:00+00:00,DMU50_001,3600.0,720.0,1560.0,1558.927,3,2,1,10.67533,9.44497,1.17138,0.05898,4.53923,0.8,1.0006882939355082,0.6666666666666666,0.5337004234322711,0.3333333333333333,2.269615,5.337665,0.11525264324381541
2026-03-25 00:00:00+00:00,DMU50_001,3600.0,540.0,1860.0,1940.291,4,2,2,11.10978,10.40872,0.41071,0.29035,3.76811,0.85,0.9586190937338781,0.5,0.4074131148368982,0.5,1.884055,5.55489,0.0631029597345762
2026-03-25 01:00:00+00:00,DMU50_001,3600.0,1200.0,360.0,369.226,1,1,0,8.40252,6.79283,1.26093,0.34876,1.78272,0.6666666666666666,0.9750125939126714,1.0,0.650008395941781,0.0,1.78272,8.40252,0.1915722902176966
2026-03-25 02:00:00+00:00,DMU50_001,3600.0,480.0,1680.0,1704.26,4,3,1,11.28692,10.19895,1.08797,0.0,5.76756,0.8666666666666667,0.9857650827925316,0.75,0.6407473038151456,0.25,1.92252,3.762306666666667,0.09639210696983765
2026-03-25 03:00:00+00:00,DMU50_001,3600.0,780.0,2160.0,2170.87,5,3,2,10.74923,9.26848,1.01463,0.46612,5.71423,0.7833333333333333,0.9949927909087141,0.6,0.4676466117270956,0.4,1.9047433333333332,3.583076666666667,0.13775405308101138
2026-03-25 04:00:00+00:00,DMU50_001,3600.0,1080.0,720.0,701.696,2,1,1,9.32389,7.78506,0.96451,0.57432,1.47621,0.7,1.0260853703028092,0.5,0.3591298796059832,0.5,1.47621,9.32389,0.16504162962025506
2026-03-25 05:00:00+00:00,DMU50_001,3600.0,720.0,2160.0,2199.637,5,4,1,11.13217,9.98819,0.74688,0.3971,8.02411,0.8,0.981980208552593,0.8,0.6284673334736596,0.2,2.0060275,2.7830425,0.10276343246644634
2026-03-25 06:00:00+00:00,DMU50_001,3600.0,1020.0,1200.0,1239.838,3,2,1,10.54419,9.085,0.69354,0.76565,4.01094,0.7166666666666667,0.9678683828048503,0.6666666666666666,0.4624260051178729,0.3333333333333333,2.00547,5.272095,0.13838806015445473
2026-03-25 07:00:00+00:00,DMU50_001,3600.0,540.0,840.0,873.695,2,1,1,9.79569,8.799,0.75798,0.23871,1.74365,0.85,0.9614339100029187,0.5,0.40860941175124044,0.5,1.74365,9.79569,0.10174780949580887
2026-03-25 08:00:00+00:00,DMU50_001,3600.0,900.0,1200.0,1229.494,3,2,1,9.81539,7.90716,1.43402,0.47421,3.48204,0.75,0.9760112696767939,0.6666666666666666,0.48800563483839693,0.3333333333333333,1.74102,4.907695,0.1944120406830498
2026-03-25 09:00:00+00:00,DMU50_001,3600.0,600.0,2160.0,2188.388,5,3,2,11.23423,9.89445,1.16292,0.17686,5.80812,0.8333333333333334,0.9870278945049964,0.6,0.4935139472524982,0.4,1.93604,3.744743333333333,0.11925872979278508
2026-03-25 10:00:00+00:00,DMU50_001,3600.0,900.0,900.0,907.954,2,2,0,10.00993,8.38629,1.09394,0.5297,4.03237,0.75,0.9912396442991606,1.0,0.7434297332243704,0.0,2.016185,5.004965,0.16220293248803938
2026-03-25 11:00:00+00:00,DMU50_001,3600.0,360.0,1320.0,1329.843,3,2,1,10.71818,9.25785,1.28222,0.17811,3.70475,0.9,0.9925983743945714,0.6666666666666666,0.5955590246367428,0.3333333333333333,1.852375,5.35909,0.13624794508022817
2026-03-25 12:00:00+00:00,DMU50_001,3600.0,1020.0,1320.0,1374.77,3,2,1,9.85483,8.05863,1.52371,0.27249,3.73616,0.7166666666666667,0.9601606086836344,0.6666666666666666,0.4587434019266253,0.3333333333333333,1.86808,4.927415,0.18226595486680136
2026-03-25 13:00:00+00:00,DMU50_001,3600.0,1080.0,1680.0,1706.5,4,2,2,10.54149,9.05922,1.18851,0.29376,3.75936,0.7,0.9844711397597422,0.5,0.34456489891590975,0.5,1.87968,5.270745,0.1406129494027884
2026-03-25 14:00:00+00:00,DMU50_001,3600.0,1140.0,1680.0,1644.098,4,3,1,9.69844,8.32256,0.90815,0.46773,5.03016,0.6833333333333333,1.0218368978004961,0.75,0.5236914101227542,0.25,1.67672,3.232813333333333,0.1418661145503813
2026-03-25 15:00:00+00:00,DMU50_001,3600.0,660.0,1380.0,1427.256,3,2,1,10.89734,9.87715,0.38975,0.63044,4.73008,0.8166666666666667,0.9668903125998419,0.6666666666666666,0.5264180590821361,0.3333333333333333,2.36504,5.44867,0.09361825913479803
2026-03-25 16:00:00+00:00,DMU50_001,3600.0,900.0,1320.0,1354.254,3,2,1,10.23707,8.83277,1.1004,0.3039,4.31348,0.75,0.974706369706126,0.6666666666666666,0.487353184853063,0.3333333333333333,2.15674,5.118535,0.13717792297991516
2026-03-25 17:00:00+00:00,DMU50_001,3600.0,1200.0,1200.0,1204.297,3,2,1,9.38405,7.52773,1.33195,0.52437,3.20023,0.6666666666666666,0.9964319432830938,0.6666666666666666,0.44285864145915277,0.3333333333333333,1.600115,4.692025,0.19781650779780585
2026-03-25 18:00:00+00:00,DMU50_001,3600.0,1140.0,1380.0,1418.107,3,2,1,9.94031,8.71252,0.62475,0.60304,4.21422,0.6833333333333333,0.9731282618307363,0.6666666666666666,0.44331398594511323,0.3333333333333333,2.10711,4.970155,0.12351626860731707
2026-03-25 19:00:00+00:00,DMU50_001,3600.0,420.0,1380.0,1461.135,3,2,1,10.93967,10.11777,0.53447,0.28743,4.24722,0.8833333333333333,0.9444712500898275,0.6666666666666666,0.5561886250528983,0.3333333333333333,2.12361,5.469835,0.07513023701811847
2026-03-25 20:00:00+00:00,DMU50_001,3600.0,960.0,1680.0,1792.876,4,3,1,10.22226,8.77154,1.1616,0.28912,6.22117,0.7333333333333333,0.9370419370887891,0.75,0.5153730653988341,0.25,2.073723333333333,3.40742,0.14191773639097421
2026-03-25 21:00:00+00:00,DMU50_001,3600.0,1380.0,480.0,498.424,1,0,1,8.4923,6.18633,1.73159,0.57438,0.0,0.6166666666666667,0.9630354878577275,0.0,0.0,1.0,0.0,0.0,0.2715365684208047
2026-03-25 22:00:00+00:00,DMU50_001,3600.0,720.0,1380.0,1441.022,3,2,1,10.36029,9.04505,0.90275,0.41249,4.69244,0.8,0.9576536652459158,0.6666666666666666,0.5107486214644884,0.3333333333333333,2.34622,5.180145,0.12695011433077646
2026-03-25 23:00:00+00:00,DMU50_001,3600.0,780.0,1020.0,1000.781,2,2,0,9.43172,8.08022,0.94721,0.40429,4.19135,0.7833333333333333,1.0192040016746922,1.0,0.7983764679785088,0.0,2.095675,4.71586,0.14329305789400024
2026-03-26 00:00:00+00:00,DMU50_001,3600.0,780.0,1680.0,1682.838,4,2,2,10.62757,9.30508,0.74034,0.58215,3.73896,0.7833333333333333,0.9983135631593772,0.5,0.3910061455707561,0.5,1.86948,5.313785,0.12443954732831682
2026-03-26 01:00:00+00:00,DMU50_001,3600.0,1080.0,1500.0,1514.487,3,2,1,10.10812,8.80601,0.70869,0.59342,4.47789,0.7,0.9904343847124472,0.6666666666666666,0.46220271286580866,0.3333333333333333,2.238945,5.05406,0.12881821743311317
2026-03-26 02:00:00+00:00,DMU50_001,3600.0,960.0,1380.0,1430.029,3,2,1,10.03827,8.18619,1.56465,0.28743,4.74949,0.7333333333333333,0.965015394792693,0.6666666666666666,0.47178530412087216,0.3333333333333333,2.374745,5.019135,0.1845019111858916
2026-03-26 03:00:00+00:00,DMU50_001,3600.0,1020.0,1380.0,1426.664,3,2,1,10.18602,8.79584,0.91455,0.47563,4.01185,0.7166666666666667,0.9672915276477152,0.6666666666666666,0.46215039654279727,0.3333333333333333,2.005925,5.09301,0.13647921366735977
2026-03-26 04:00:00+00:00,DMU50_001,3600.0,840.0,1320.0,1336.805,3,2,1,10.08888,8.94999,0.62983,0.50906,3.57407,0.7666666666666667,0.9874289817886678,0.6666666666666666,0.5046859240253191,0.3333333333333333,1.787035,5.04444,0.11288567214596665
2026-03-26 05:00:00+00:00,DMU50_001,3600.0,900.0,1320.0,1322.614,3,2,1,9.98907,8.78674,0.67115,0.53118,3.74622,0.75,0.9980236108191808,0.6666666666666666,0.4990118054095904,0.3333333333333333,1.87311,4.994535,0.1203645584623994
2026-03-26 06:00:00+00:00,DMU50_001,3600.0,660.0,1380.0,1356.567,3,2,1,10.15407,9.21435,0.47174,0.46798,3.96619,0.8166666666666667,1.0172737505777452,0.6666666666666666,0.5538490419812168,0.3333333333333333,1.983095,5.077035,0.0925461415964239
2026-03-26 07:00:00+00:00,DMU50_001,3600.0,660.0,1200.0,1228.851,3,2,1,9.84393,8.14606,1.57892,0.11895,3.93299,0.8166666666666667,0.9765219705236843,0.6666666666666666,0.5316619617295615,0.3333333333333333,1.966495,4.921965,0.1724788778465511
2026-03-26 08:00:00+00:00,DMU50_001,3600.0,840.0,1500.0,1526.58,3,2,1,10.64321,9.63964,0.47723,0.52634,4.48337,0.7666666666666667,0.9825885312266636,0.6666666666666666,0.5022119159602947,0.3333333333333333,2.241685,5.321605,0.09429204159271498
2026-03-26 09:00:00+00:00,DMU50_001,3600.0,780.0,1680.0,1671.45,4,3,1,11.02693,9.54676,1.01758,0.46259,5.31215,0.7833333333333333,1.0051153190343713,0.75,0.5905052499326932,0.25,1.7707166666666667,3.6756433333333334,0.13423228405367588
2026-03-26 10:00:00+00:00,DMU50_001,3600.0,780.0,1200.0,1215.41,3,2,1,10.12957,8.73022,1.10335,0.296,3.46589,0.7833333333333333,0.9873211508873548,0.6666666666666666,0.5156010454633965,0.3333333333333333,1.732945,5.064785,0.13814505452847456
2026-03-26 11:00:00+00:00,DMU50_001,3600.0,900.0,1380.0,1392.426,3,2,1,10.19282,9.26705,0.33837,0.5874,4.49869,0.75,0.9910760069116779,0.6666666666666666,0.4955380034558389,0.3333333333333333,2.249345,5.09641,0.09082569887430564
2026-03-26 12:00:00+00:00,DMU50_001,3600.0,540.0,1680.0,1720.118,4,3,1,11.21409,9.46585,1.21241,0.53583,6.30001,0.85,0.9766771814491797,0.75,0.6226317031738521,0.25,2.1000033333333334,3.73803,0.15589673348439329
2026-03-26 13:00:00+00:00,DMU50_001,3600.0,1140.0,1200.0,1189.468,3,2,1,9.12417,7.33701,1.56118,0.22598,3.20757,0.6833333333333333,1.0088543785961455,0.6666666666666666,0.45958921691602184,0.3333333333333333,1.603785,4.562085,0.195870966893427
2026-03-26 14:00:00+00:00,DMU50_001,3600.0,900.0,1380.0,1383.521,3,2,1,9.78511,8.32568,0.95068,0.50875,4.08912,0.75,0.9974550440506504,0.6666666666666666,0.4987275220253252,0.3333333333333333,2.04456,4.892555,0.1491480422805671
2026-03-26 15:00:00+00:00,DMU50_001,3600.0,120.0,2040.0,2071.515,4,2,2,12.22054,11.14604,1.0745,0.0,4.78096,0.9666666666666667,0.9847864968392698,0.5,0.47598014013898043,0.5,2.39048,6.11027,0.08792573814250434
2026-03-26 16:00:00+00:00,DMU50_001,3600.0,420.0,840.0,848.493,2,2,0,10.70003,9.69288,0.89846,0.10869,3.82603,0.8833333333333333,0.9899904890199448,1.0,0.8744915986342845,0.0,1.913015,5.350015,0.09412590431989443
2026-03-26 17:00:00+00:00,DMU50_001,3600.0,840.0,2040.0,2061.426,4,2,2,11.53327,10.29407,1.2392,0.0,4.30463,0.7666666666666667,0.9896062240410279,0.5,0.3793490525490607,0.5,2.152315,5.766635,0.10744567672481438
2026-03-26 18:00:00+00:00,DMU50_001,3600.0,1140.0,2040.0,2017.804,4,3,1,10.54004,8.82837,1.08457,0.6271,6.2517,0.6833333333333333,1.0110000773117707,0.75,0.5181375396222825,0.25,2.0839,3.5133466666666666,0.1623969168997461
2026-03-26 19:00:00+00:00,DMU50_001,3600.0,480.0,1380.0,1423.063,3,2,1,10.99054,9.84654,0.7988,0.3452,4.23818,0.8666666666666667,0.96973921744856,0.6666666666666666,0.5602937700813901,0.3333333333333333,2.11909,5.49527,0.10408951698460676
2026-03-26 20:00:00+00:00,DMU50_001,3600.0,1440.0,840.0,887.545,2,1,1,8.56094,6.75862,1.17265,0.62967,2.26131,0.6,0.9464308851945535,0.5,0.28392926555836606,0.5,2.26131,8.56094,0.21052828310909782
2026-03-26 21:00:00+00:00,DMU50_001,3600.0,600.0,1860.0,1869.238,4,3,1,11.37255,10.19314,0.93895,0.24046,6.50038,0.8333333333333334,0.9950578791999735,0.75,0.6219111744999835,0.25,2.166793333333333,3.79085,0.10370673243907479
2026-03-26 22:00:00+00:00,DMU50_001,3600.0,1260.0,1200.0,1270.797,3,2,1,9.42575,7.68066,1.16924,0.57585,3.48994,0.65,0.9442892924676404,0.6666666666666666,0.4091920267359775,0.3333333333333333,1.74497,4.712875,0.18514070498368831
2026-03-26 23:00:00+00:00,DMU50_001,3600.0,420.0,1500.0,1502.705,3,2,1,10.90378,9.39378,1.27002,0.23998,4.6909,0.8833333333333333,0.9981999128238743,0.6666666666666666,0.5878288375518371,0.3333333333333333,2.34545,5.45189,0.13848408533554418
2026-03-27 00:00:00+00:00,DMU50_001,3600.0,720.0,1860.0,1897.628,4,3,1,10.6883,9.08144,1.49134,0.11552,6.03327,0.8,0.9801710345757967,0.75,0.588102620745478,0.25,2.01109,3.5627666666666666,0.15033822029696023
2026-03-27 01:00:00+00:00,DMU50_001,3600.0,720.0,900.0,956.188,2,1,1,10.05832,8.90482,0.74822,0.40528,2.54465,0.8,0.9412374972285785,0.5,0.3764949988914314,0.5,2.54465,10.05832,0.11468117936196104
2026-03-27 02:00:00+00:00,DMU50_001,3600.0,1080.0,1500.0,1486.029,3,2,1,9.42815,8.0543,0.59421,0.77964,4.27243,0.7,1.00940156618747,0.6666666666666666,0.47105406422081936,0.3333333333333333,2.136215,4.714075,0.14571787678388656
2026-03-27 03:00:00+00:00,DMU50_001,3600.0,720.0,1680.0,1764.324,4,3,1,11.48697,9.78095,1.35523,0.35079,5.78688,0.8,0.9522060573908194,0.75,0.5713236344344916,0.25,1.92896,3.82899,0.1485178423901168
2026-03-27 04:00:00+00:00,DMU50_001,3600.0,840.0,1200.0,1214.872,3,2,1,10.24263,8.64977,1.35628,0.23658,3.75224,0.7666666666666667,0.9877583811298639,0.6666666666666666,0.5048542836885971,0.3333333333333333,1.87612,5.121315,0.15551279310099067
2026-03-27 05:00:00+00:00,DMU50_001,3600.0,960.0,1380.0,1377.903,3,2,1,10.25139,9.1603,0.9192,0.17189,3.78667,0.7333333333333333,1.0015218778099766,0.6666666666666666,0.48963291804043296,0.3333333333333333,1.893335,5.125695,0.10643337147450248
2026-03-27 06:00:00+00:00,DMU50_001,3600.0,1140.0,840.0,844.108,2,1,1,8.08148,6.42157,1.38284,0.27707,2.23398,0.6833333333333333,0.9951333241717885,0.5,0.3400038857586944,0.5,2.23398,8.08148,0.20539678375743056
2026-03-27 07:00:00+00:00,DMU50_001,3600.0,840.0,1380.0,1397.666,3,2,1,11.2352,10.03038,0.97538,0.22944,4.27101,0.7666666666666667,0.9873603564800174,0.6666666666666666,0.5046508488675644,0.3333333333333333,2.135505,5.6176,0.10723618627171747
2026-03-27 08:00:00+00:00,DMU50_001,3600.0,780.0,1680.0,1740.024,4,3,1,11.04244,9.89546,0.90987,0.23711,6.20269,0.7833333333333333,0.9655039240838057,0.75,0.5672335553992359,0.25,2.067563333333333,3.6808133333333335,0.1038701591314963
2026-03-27 09:00:00+00:00,DMU50_001,3600.0,360.0,1680.0,1739.272,4,2,2,10.64869,9.60423,0.92903,0.11543,3.76627,0.9,0.9659213740001564,0.5,0.43466461830007036,0.5,1.883135,5.324345,0.09808342622425857
2026-03-27 10:00:00+00:00,DMU50_001,3600.0,660.0,1680.0,1718.497,4,3,1,11.40024,10.66729,0.55986,0.17309,5.96724,0.8166666666666667,0.9775984479460831,0.75,0.5987790493669759,0.25,1.98908,3.80008,0.06429250612267812
2026-03-27 11:00:00+00:00,DMU50_001,3600.0,240.0,1200.0,1195.462,3,2,1,11.19225,9.96059,1.23166,0.0,3.24097,0.9333333333333333,1.003796021956365,0.6666666666666666,0.624584191439516,0.3333333333333333,1.620485,5.596125,0.11004579061404096
2026-03-27 12:00:00+00:00,DMU50_001,3600.0,840.0,1680.0,1771.263,4,3,1,11.06416,9.95017,1.11399,0.0,5.73239,0.7666666666666667,0.9484757486607014,0.75,0.5453735554799033,0.25,1.9107966666666667,3.6880533333333334,0.1006845526456595
2026-03-27 13:00:00+00:00,DMU50_001,3600.0,600.0,1320.0,1302.187,3,2,1,10.38947,9.05336,1.09406,0.24205,3.72954,0.8333333333333334,1.0136792949092566,0.6666666666666666,0.5631551638384759,0.3333333333333333,1.86477,5.194735,0.1286023252389198
2026-03-27 14:00:00+00:00,DMU50_001,3600.0,960.0,1320.0,1352.947,3,2,1,9.92151,8.61286,0.9119,0.39675,3.9878,0.7333333333333333,0.9756479743848059,0.6666666666666666,0.4769834541436829,0.3333333333333333,1.9939,4.960755,0.13190028533963077
2026-03-27 15:00:00+00:00,DMU50_001,3600.0,1020.0,1380.0,1445.273,3,2,1,9.90887,8.35841,1.32465,0.22581,4.72759,0.7166666666666667,0.9548369062453945,0.6666666666666666,0.45619985520613293,0.3333333333333333,2.363795,4.954435,0.1564719286861166
2026-03-27 16:00:00+00:00,DMU50_001,3600.0,900.0,2040.0,2040.021,4,2,2,11.43118,10.1554,1.03998,0.2358,4.48736,0.75,0.9999897059883207,0.5,0.37499613974562024,0.5,2.24368,5.71559,0.11160527609573115
2026-03-27 17:00:00+00:00,DMU50_001,3600.0,900.0,1560.0,1593.213,3,2,1,10.6113,9.42871,1.18259,0.0,4.51933,0.75,0.9791534465259824,0.6666666666666666,0.4895767232629912,0.3333333333333333,2.259665,5.30565,0.11144628839067786
2026-03-27 18:00:00+00:00,DMU50_001,3600.0,900.0,1680.0,1712.386,4,3,1,10.72521,9.48773,0.89127,0.34621,5.46923,0.75,0.9810872081411551,0.75,0.5518615545793998,0.25,1.8230766666666667,3.57507,0.11538049138431788
2026-03-27 19:00:00+00:00,DMU50_001,3600.0,720.0,1680.0,1766.451,4,3,1,11.18908,9.92883,1.26025,0.0,6.26787,0.8,0.9510594972631564,0.75,0.5706356983578939,0.25,2.08929,3.729693333333333,0.11263213776289024
2026-03-27 20:00:00+00:00,DMU50_001,3600.0,600.0,1380.0,1428.314,3,2,1,10.3561,8.79525,1.26916,0.29169,3.92248,0.8333333333333334,0.9661741045736442,0.6666666666666666,0.5367633914298023,0.3333333333333333,1.96124,5.17805,0.15071793435752842
2026-03-27 21:00:00+00:00,DMU50_001,3600.0,720.0,1380.0,1372.405,3,2,1,10.13729,9.36183,0.37121,0.40425,3.96102,0.8,1.0055340806831803,0.6666666666666666,0.5362848430310295,0.3333333333333333,1.98051,5.068645,0.07649578930858247
2026-03-27 22:00:00+00:00,DMU50_001,3600.0,780.0,1500.0,1543.666,3,2,1,10.85248,9.99176,0.61616,0.24456,4.50283,0.7833333333333333,0.9717127927932597,0.6666666666666666,0.5074500140142578,0.3333333333333333,2.251415,5.42624,0.07931090405142419
2026-03-27 23:00:00+00:00,DMU50_001,3600.0,840.0,1200.0,1252.6,3,2,1,10.07214,8.80719,0.79925,0.4657,4.04783,0.7666666666666667,0.9580073447229762,0.6666666666666666,0.4896481984139656,0.3333333333333333,2.023915,5.03607,0.12558900094716713
2026-03-28 00:00:00+00:00,DMU50_001,3600.0,900.0,1500.0,1570.247,3,2,1,10.02288,8.56192,1.46096,0.0,4.7123,0.75,0.9552637260252687,0.6666666666666666,0.47763186301263433,0.3333333333333333,2.35615,5.01144,0.14576249541050076
2026-03-28 01:00:00+00:00,DMU50_001,3600.0,420.0,1200.0,1226.462,3,2,1,10.9964,9.85762,1.13878,0.0,3.95411,0.8833333333333333,0.9784241175022137,0.6666666666666666,0.5761830914179703,0.3333333333333333,1.977055,5.4982,0.10355934669528209
2026-03-28 02:00:00+00:00,DMU50_001,3600.0,480.0,1680.0,1678.999,4,2,2,11.12999,9.81682,1.13715,0.17602,3.71688,0.8666666666666667,1.0005961885623518,0.5,0.4335916817103524,0.5,1.85844,5.564995,0.11798483197199638
2026-03-28 03:00:00+00:00,DMU50_001,3600.0,840.0,1560.0,1579.497,3,2,1,10.62936,9.27792,1.17871,0.17273,4.78812,0.7666666666666667,0.9876561968778668,0.6666666666666666,0.5048020561820208,0.3333333333333333,2.39406,5.31468,0.12714217977375872
2026-03-28 04:00:00+00:00,DMU50_001,3600.0,1260.0,1020.0,1010.588,2,2,0,9.06078,7.28177,1.31328,0.46573,4.5567,0.65,1.0093133898284958,1.0,0.6560537033885223,0.0,2.27835,4.53039,0.1963418160467421
2026-03-28 05:00:00+00:00,DMU50_001,3600.0,600.0,960.0,978.378,2,1,1,9.56912,8.54529,0.73593,0.2879,2.21239,0.8333333333333334,0.9812158490890024,0.5,0.40883993712041766,0.5,2.21239,9.56912,0.10699311953450265
2026-03-28 06:00:00+00:00,DMU50_001,3600.0,360.0,1200.0,1200.19,3,2,1,10.66777,9.46219,1.08782,0.11776,3.28628,0.9,0.9998416917321424,0.6666666666666666,0.5999050150392854,0.3333333333333333,1.64314,5.333885,0.11301143537965291
2026-03-28 07:00:00+00:00,DMU50_001,3600.0,1020.0,1740.0,1775.741,4,3,1,9.69379,8.0258,1.43559,0.2324,6.31477,0.7166666666666667,0.979872627821287,0.75,0.5266815374539418,0.25,2.1049233333333333,3.231263333333333,0.17206789088684613
2026-03-28 08:00:00+00:00,DMU50_001,3600.0,480.0,1500.0,1503.903,3,2,1,11.63411,10.79796,0.83615,0.0,4.46877,0.8666666666666667,0.9974047528331282,0.6666666666666666,0.5762783016369185,0.3333333333333333,2.234385,5.817055,0.07187055993109916
2026-03-28 09:00:00+00:00,DMU50_001,3600.0,600.0,1680.0,1681.908,4,2,2,11.41112,10.38771,0.73545,0.28796,3.52456,0.8333333333333334,0.9988655740979887,0.5,0.4161939892074953,0.5,1.76228,5.70556,0.08968532449049699
2026-03-28 10:00:00+00:00,DMU50_001,3600.0,780.0,1680.0,1666.571,4,3,1,10.63865,9.28327,1.02195,0.33343,5.70047,0.7833333333333333,1.0080578625213088,0.75,0.5922339942312689,0.25,1.9001566666666667,3.5462166666666666,0.12740150301025036
2026-03-28 11:00:00+00:00,DMU50_001,3600.0,900.0,1680.0,1662.819,4,3,1,10.67537,9.78913,0.0,0.88624,5.52096,0.75,1.0103324535021552,0.75,0.5683120050949623,0.25,1.84032,3.558456666666667,0.0830172631018878
2026-03-28 12:00:00+00:00,DMU50_001,3600.0,840.0,1200.0,1190.894,3,2,1,9.92896,8.75345,0.77063,0.40488,3.75853,0.7666666666666667,1.0076463564347458,0.6666666666666666,0.5150192488444256,0.3333333333333333,1.879265,4.96448,0.11839205717416527
2026-03-28 13:00:00+00:00,DMU50_001,3600.0,540.0,1200.0,1225.723,3,2,1,10.3189,8.90257,1.29678,0.11955,3.7232,0.85,0.9790140186649022,0.6666666666666666,0.5547746105767779,0.3333333333333333,1.8616,5.15945,0.13725590906007423
2026-03-28 14:00:00+00:00,DMU50_001,3600.0,720.0,1020.0,1034.565,2,1,1,9.6967,8.36859,1.03076,0.29735,2.51124,0.8,0.9859216192312711,0.5,0.39436864769250846,0.5,2.51124,9.6967,0.1369651530933204
2026-03-28 15:00:00+00:00,DMU50_001,3600.0,960.0,2040.0,2123.99,4,3,1,11.44571,10.43935,0.48497,0.52139,7.26811,0.7333333333333333,0.9604564993243848,0.75,0.5282510746284116,0.25,2.422703333333333,3.815236666666667,0.08792464600273814
2026-03-28 16:00:00+00:00,DMU50_001,3600.0,780.0,1200.0,1213.423,3,2,1,9.96446,8.11248,1.28508,0.5669,4.04113,0.7833333333333333,0.9889379054130341,0.6666666666666666,0.5164453506045844,0.3333333333333333,2.020565,4.98223,0.18585854125562248
2026-03-28 17:00:00+00:00,DMU50_001,3600.0,660.0,1800.0,1803.674,4,2,2,10.40253,9.06428,0.93554,0.40271,3.46899,0.8166666666666667,0.9979630465372346,0.5,0.4075015773360374,0.5,1.734495,5.201265,0.1286465888586719
2026-03-28 18:00:00+00:00,DMU50_001,3600.0,360.0,1680.0,1705.39,4,3,1,11.5232,10.58685,0.93635,0.0,5.79913,0.9,0.9851119098857153,0.75,0.6649505391728578,0.25,1.9330433333333332,3.841066666666667,0.08125781033046375
2026-03-28 19:00:00+00:00,DMU50_001,3600.0,660.0,2040.0,2068.723,5,3,2,11.6384,10.12854,1.23158,0.27828,5.33903,0.8166666666666667,0.986115589182312,0.6,0.4831966386993329,0.4,1.7796766666666668,3.8794666666666666,0.12973089084410228
2026-03-28 20:00:00+00:00,DMU50_001,3600.0,480.0,1380.0,1416.718,3,2,1,11.52435,10.41805,1.1063,0.0,4.08871,0.8666666666666667,0.9740823508983439,0.6666666666666666,0.5628031360745988,0.3333333333333333,2.044355,5.762175,0.09599673734310395
2026-03-28 21:00:00+00:00,DMU50_001,3600.0,780.0,1500.0,1575.024,3,2,1,10.75087,9.90519,0.49509,0.35059,4.7773,0.7833333333333333,0.9523664401304361,0.6666666666666666,0.4973469187347833,0.3333333333333333,2.38865,5.375435,0.0786615408799474
2026-03-28 22:00:00+00:00,DMU50_001,3600.0,480.0,1680.0,1694.985,4,3,1,11.36701,10.59438,0.41013,0.3625,6.11247,0.8666666666666667,0.9911592137983521,0.75,0.644253488968929,0.25,2.03749,3.7890033333333335,0.06797126069212572
2026-03-28 23:00:00+00:00,DMU50_001,3600.0,1020.0,1200.0,1220.584,3,2,1,9.1392,7.72597,0.52904,0.88419,3.72459,0.7166666666666667,0.9831359414837487,0.6666666666666666,0.46972050537556886,0.3333333333333333,1.862295,4.5696,0.15463388480392157
2026-03-29 00:00:00+00:00,DMU50_001,3600.0,1080.0,2040.0,2075.753,5,3,2,10.92021,9.50303,0.9572,0.45998,5.24448,0.7,0.9827758890388211,0.6,0.4127658733963049,0.4,1.74816,3.64007,0.1297758925881462
2026-03-29 01:00:00+00:00,DMU50_001,3600.0,720.0,1680.0,1739.439,4,3,1,11.73439,10.53303,0.96817,0.23319,5.55579,0.8,0.9658286378539288,0.75,0.5794971827123573,0.25,1.85193,3.9114633333333333,0.10237941639914815
2026-03-29 02:00:00+00:00,DMU50_001,3600.0,960.0,1680.0,1718.87,4,3,1,10.50667,8.93611,1.10569,0.46487,5.95618,0.7333333333333333,0.9773863061197182,0.75,0.537562468365845,0.25,1.9853933333333333,3.5022233333333332,0.14948218607798666
2026-03-29 03:00:00+00:00,DMU50_001,3600.0,1080.0,1020.0,1061.943,2,1,1,9.18686,7.87998,0.5172,0.78968,2.26621,0.7,0.9605035298504722,0.5,0.3361762354476653,0.5,2.26621,9.18686,0.14225535166531328
2026-03-29 04:00:00+00:00,DMU50_001,3600.0,900.0,1680.0,1698.286,4,3,1,10.63061,9.1142,1.22958,0.28683,5.30567,0.75,0.9892326734130765,0.75,0.5564433787948555,0.25,1.7685566666666668,3.543536666666667,0.14264562428684713
2026-03-29 05:00:00+00:00,DMU50_001,3600.0,780.0,1740.0,1756.569,4,2,2,10.59561,9.07089,1.3527,0.17202,3.51357,0.7833333333333333,0.9905674072581265,0.5,0.38797223450943286,0.5,1.756785,5.297805,0.14390110621285607
2026-03-29 06:00:00+00:00,DMU50_001,3600.0,1020.0,1500.0,1575.469,3,2,1,10.49628,9.3364,0.40064,0.75924,4.70588,0.7166666666666667,0.9520974389213624,0.6666666666666666,0.45489099859576204,0.3333333333333333,2.35294,5.24814,0.11050391186210734
2026-03-29 07:00:00+00:00,DMU50_001,3600.0,1320.0,2040.0,2051.035,4,3,1,9.92451,7.97347,1.193,0.75804,6.5311,0.6333333333333333,0.9946197895209005,0.75,0.4724444000224277,0.25,2.177033333333333,3.30817,0.19658804313764608
2026-03-29 08:00:00+00:00,DMU50_001,3600.0,720.0,1560.0,1521.81,3,2,1,11.15821,9.9671,0.95037,0.24074,4.52908,0.8,1.025095116998837,0.6666666666666666,0.546717395732713,0.3333333333333333,2.26454,5.579105,0.10674740841048878
2026-03-29 09:00:00+00:00,DMU50_001,3600.0,840.0,1500.0,1555.06,3,2,1,10.463,9.46221,0.53499,0.4658,4.2255,0.7666666666666667,0.9645930060576441,0.6666666666666666,0.4930142030961292,0.3333333333333333,2.11275,5.2315,0.09565038707827583
2026-03-29 10:00:00+00:00,DMU50_001,3600.0,360.0,2040.0,2022.913,5,3,2,11.91101,10.75639,0.91744,0.23718,5.23322,0.9,1.0084467300373274,0.6,0.5445612342201568,0.4,1.7444066666666667,3.970336666666667,0.09693720347812654
2026-03-29 11:00:00+00:00,DMU50_001,3600.0,960.0,1680.0,1676.395,4,3,1,10.55813,8.83003,1.49979,0.22831,5.50102,0.7333333333333333,1.0021504478359815,0.75,0.5511827463097898,0.25,1.8336733333333333,3.5193766666666666,0.163674817415584
2026-03-29 12:00:00+00:00,DMU50_001,3600.0,300.0,1380.0,1412.18,3,2,1,10.85977,9.77232,0.79886,0.28859,4.28996,0.9166666666666666,0.9772125366454701,0.6666666666666666,0.5971854390611206,0.3333333333333333,2.14498,5.429885,0.10013563823174892
2026-03-29 13:00:00+00:00,DMU50_001,3600.0,480.0,1380.0,1378.415,3,2,1,10.728,9.86178,0.39976,0.46646,4.28662,0.8666666666666667,1.0011498714102791,0.6666666666666666,0.5784421479259391,0.3333333333333333,2.14331,5.364,0.08074384787472036
2026-03-29 14:00:00+00:00,DMU50_001,3600.0,840.0,1320.0,1349.066,3,2,1,10.17063,8.33577,1.1848,0.65006,4.26865,0.7666666666666667,0.9784547234901777,0.6666666666666666,0.5000990808949797,0.3333333333333333,2.134325,5.085315,0.1804077033576091
2026-03-29 15:00:00+00:00,DMU50_001,3600.0,900.0,2040.0,2106.11,5,3,2,11.14943,9.63004,1.21595,0.30344,5.80001,0.75,0.9686103764760625,0.6,0.43587466941422814,0.4,1.9333366666666667,3.716476666666667,0.13627512796618302
2026-03-29 16:00:00+00:00,DMU50_001,3600.0,540.0,1860.0,1851.905,4,3,1,11.88003,10.5085,1.08988,0.28165,6.08123,0.85,1.0043711745472905,0.75,0.6402866237738977,0.25,2.027076666666667,3.96001,0.11544836166238638
2026-03-29 17:00:00+00:00,DMU50_001,3600.0,720.0,1200.0,1184.299,3,2,1,9.69348,8.52937,0.68977,0.47434,3.53061,0.8,1.013257631729825,0.6666666666666666,0.5404040702559066,0.3333333333333333,1.765305,4.84674,0.12009206188076935
2026-03-29 18:00:00+00:00,DMU50_001,3600.0,1080.0,1320.0,1315.759,3,2,1,9.98758,8.53744,0.51386,0.93628,4.23785,0.7,1.0032232346501144,0.6666666666666666,0.4681708428367201,0.3333333333333333,2.118925,4.99379,0.14519433135954857
2026-03-29 19:00:00+00:00,DMU50_001,3600.0,900.0,1680.0,1691.373,4,3,1,10.42925,9.16671,1.02735,0.23519,5.17597,0.75,0.9932758770537309,0.75,0.5587176808427237,0.25,1.7253233333333333,3.4764166666666667,0.12105760241628113
2026-03-29 20:00:00+00:00,DMU50_001,3600.0,960.0,1320.0,1386.171,3,2,1,10.16337,9.05359,0.34917,0.76061,4.46887,0.7333333333333333,0.952263465330035,0.6666666666666666,0.4655510274946838,0.3333333333333333,2.234435,5.081685,0.10919409605278564
2026-03-29 21:00:00+00:00,DMU50_001,3600.0,1440.0,1200.0,1246.023,3,2,1,9.0971,7.02588,1.29588,0.77534,4.02093,0.6,0.9630640846918556,0.6666666666666666,0.38522563387674225,0.3333333333333333,2.010465,4.54855,0.2276791504985105
2026-03-29 22:00:00+00:00,DMU50_001,3600.0,300.0,1680.0,1708.899,4,2,2,11.59394,10.61535,0.67762,0.30097,3.78694,0.9166666666666666,0.9830891117614323,0.5,0.45058250955732315,0.5,1.89347,5.79697,0.08440530139020902
2026-03-29 23:00:00+00:00,DMU50_001,3600.0,1260.0,1320.0,1364.455,3,2,1,9.52353,8.23318,0.4227,0.86765,3.70795,0.65,0.9674192259913299,0.6666666666666666,0.4192149979295763,0.3333333333333333,1.853975,4.761765,0.13549072665282727
2026-03-30 00:00:00+00:00,DMU50_001,3600.0,600.0,2040.0,2107.497,5,4,1,11.7868,10.80812,0.97868,0.0,7.7604,0.8333333333333334,0.9679729081464885,0.8,0.6453152720976589,0.2,1.9401,2.9467,0.08303186615536023
2026-03-30 01:00:00+00:00,DMU50_001,3600.0,660.0,1320.0,1369.837,3,2,1,10.69318,9.61051,0.68659,0.39608,4.0369,0.8166666666666667,0.9636182991115001,0.6666666666666666,0.5246366295162612,0.3333333333333333,2.01845,5.34659,0.1012486463334574
2026-03-30 02:00:00+00:00,DMU50_001,3600.0,420.0,2040.0,2070.48,5,3,2,11.79925,10.85284,0.54584,0.40057,5.73983,0.8833333333333333,0.9852787759360149,0.6,0.5221977512460879,0.4,1.9132766666666667,3.9330833333333333,0.08020933533911054
2026-03-30 03:00:00+00:00,DMU50_001,3600.0,960.0,1560.0,1600.366,3,2,1,10.32778,8.80631,1.00694,0.51453,4.83607,0.7333333333333333,0.9747770197567307,0.6666666666666666,0.47655765410329054,0.3333333333333333,2.418035,5.16389,0.147318203912167
2026-03-30 04:00:00+00:00,DMU50_001,3600.0,540.0,1200.0,1228.196,3,2,1,10.17969,8.50544,1.67425,0.0,3.20815,0.85,0.9770427521340243,0.6666666666666666,0.5536575595426138,0.3333333333333333,1.604075,5.089845,0.16446964494989533
2026-03-30 05:00:00+00:00,DMU50_001,3600.0,660.0,1020.0,1064.973,2,1,1,10.45364,9.59455,0.68554,0.17355,2.50239,0.8166666666666667,0.9577707603854746,0.5,0.3910897271574021,0.5,2.50239,10.45364,0.08218094367129536
2026-03-30 06:00:00+00:00,DMU50_001,3600.0,600.0,2040.0,2085.552,5,4,1,11.91262,10.71386,0.97338,0.22538,8.03928,0.8333333333333334,0.9781583005362608,0.8,0.6521055336908406,0.2,2.00982,2.978155,0.10062941653473376
2026-03-30 07:00:00+00:00,DMU50_001,3600.0,900.0,1680.0,1693.731,4,2,2,10.15061,9.00631,0.84197,0.30233,3.5314,0.75,0.9918930455898841,0.5,0.37195989209620656,0.5,1.7657,5.075305,0.11273214122106948
2026-03-30 08:00:00+00:00,DMU50_001,3600.0,720.0,1320.0,1396.514,3,2,1,10.98502,9.83768,0.69794,0.4494,4.03144,0.8,0.945210717543827,0.6666666666666666,0.5041123826900411,0.3333333333333333,2.01572,5.49251,0.10444587265202976
2026-03-30 09:00:00+00:00,DMU50_001,3600.0,840.0,1560.0,1612.425,4,3,1,9.98396,8.46056,1.07139,0.45201,5.72356,0.7666666666666667,0.9674868598539467,0.75,0.5563049444160193,0.25,1.9078533333333334,3.327986666666667,0.1525847459324757
2026-03-30 10:00:00+00:00,DMU50_001,3600.0,780.0,1020.0,1034.86,2,1,1,10.20573,9.06339,1.02272,0.11962,2.19964,0.7833333333333333,0.9856405697389019,0.5,0.3860425564810699,0.5,2.19964,10.20573,0.11193123862771208
2026-03-30 11:00:00+00:00,DMU50_001,3600.0,660.0,1680.0,1688.825,4,3,1,10.85867,9.61334,0.83193,0.4134,5.72909,0.8166666666666667,0.99477447337646,0.75,0.6092993649430817,0.25,1.9096966666666666,3.6195566666666665,0.11468531597331902
2026-03-30 12:00:00+00:00,DMU50_001,3600.0,780.0,720.0,745.371,2,1,1,9.26494,7.83199,1.43295,0.0,1.75457,0.7833333333333333,0.9659619169514242,0.5,0.37833508413930783,0.5,1.75457,9.26494,0.15466371072019894
2026-03-30 13:00:00+00:00,DMU50_001,3600.0,1080.0,1800.0,1781.239,4,3,1,9.92805,8.67766,0.73421,0.51618,5.74033,0.7,1.0105325562712246,0.75,0.5305295920423929,0.25,1.9134433333333334,3.30935,0.1259451755379959
2026-03-30 14:00:00+00:00,DMU50_001,3600.0,1200.0,540.0,536.282,1,1,0,8.64486,7.28911,0.4202,0.93555,2.23749,0.6666666666666666,1.0069329196206473,1.0,0.6712886130804315,0.0,2.23749,8.64486,0.15682729390643688
2026-03-30 15:00:00+00:00,DMU50_001,3600.0,660.0,720.0,709.703,2,1,1,9.23007,7.73466,1.32456,0.17085,1.51755,0.8166666666666667,1.0145088861115144,0.5,0.4142577951622017,0.5,1.51755,9.23007,0.16201502263796483
2026-03-30 16:00:00+00:00,DMU50_001,3600.0,960.0,900.0,941.374,2,1,1,9.26512,7.03017,1.70648,0.52847,1.75908,0.7333333333333333,0.9560493491428487,0.5,0.3505514280190445,0.5,1.75908,9.26512,0.24122191617593727
2026-03-30 17:00:00+00:00,DMU50_001,3600.0,360.0,1860.0,1911.538,4,3,1,11.87643,11.08421,0.67405,0.11817,6.32702,0.9,0.9730384643151222,0.75,0.6568009634127074,0.25,2.1090066666666667,3.95881,0.06670523044382866
2026-03-30 18:00:00+00:00,DMU50_001,3600.0,900.0,2160.0,2184.153,5,3,2,10.88122,9.36767,1.11331,0.40024,5.99074,0.75,0.9889417087539197,0.6,0.4450237689392639,0.4,1.9969133333333333,3.627073333333333,0.13909745414576674
2026-03-30 19:00:00+00:00,DMU50_001,3600.0,660.0,840.0,878.028,2,2,0,10.2309,8.96853,0.96468,0.29769,3.98787,0.8166666666666667,0.9566893083136301,1.0,0.7812962684561312,0.0,1.993935,5.11545,0.12338797173269214
2026-03-30 20:00:00+00:00,DMU50_001,3600.0,600.0,2160.0,2201.554,5,3,2,11.64528,10.31105,1.16181,0.17242,5.7719,0.8333333333333334,0.9811251506890133,0.6,0.49056257534450665,0.4,1.9239666666666666,3.88176,0.11457259937073218
2026-03-30 21:00:00+00:00,DMU50_001,3600.0,840.0,1380.0,1387.077,3,2,1,10.24699,8.27738,1.56774,0.40187,3.71697,0.7666666666666667,0.9948979040096548,0.6666666666666666,0.5085033731604902,0.3333333333333333,1.858485,5.123495,0.1922135183112309
2026-03-30 22:00:00+00:00,DMU50_001,3600.0,600.0,2040.0,1987.146,4,3,1,11.41809,10.51531,0.55942,0.34336,6.43111,0.8333333333333334,1.0265979449924667,0.75,0.6416237156202916,0.25,2.1437033333333333,3.80603,0.07906576318806385
2026-03-30 23:00:00+00:00,DMU50_001,3600.0,120.0,1380.0,1400.206,3,2,1,11.4659,10.50431,0.96159,0.0,3.99745,0.9666666666666667,0.9855692662365395,0.6666666666666666,0.6351446382413254,0.3333333333333333,1.998725,5.73295,0.08386520028955424
2026-03-31 00:00:00+00:00,DMU50_001,3600.0,1080.0,840.0,815.603,2,1,1,8.68165,6.20205,1.95004,0.52956,2.00143,0.7,1.0299128374956934,0.5,0.3604694931234927,0.5,2.00143,8.68165,0.28561390979825263
2026-03-31 01:00:00+00:00,DMU50_001,3600.0,540.0,1680.0,1682.761,4,3,1,11.18715,10.28862,0.89853,0.0,5.48721,0.85,0.9983592441231999,0.75,0.63645401812854,0.25,1.82907,3.72905,0.08031804346951636
2026-03-31 02:00:00+00:00,DMU50_001,3600.0,600.0,1920.0,1949.768,4,2,2,10.99246,9.82626,0.99787,0.16833,4.78711,0.8333333333333334,0.9847325425383943,0.5,0.4103052260576643,0.5,2.393555,5.49623,0.10609090230940117
2026-03-31 03:00:00+00:00,DMU50_001,3600.0,300.0,360.0,345.749,1,1,0,9.68238,8.78261,0.89977,0.0,1.46673,0.9166666666666666,1.0412177620181113,1.0,0.9544496151832688,0.0,1.46673,9.68238,0.09292859813392988
2026-03-31 04:00:00+00:00,DMU50_001,3600.0,1320.0,1320.0,1369.907,3,2,1,9.02665,7.19899,1.30318,0.52448,4.01179,0.6333333333333333,0.9635690597974899,0.6666666666666666,0.4068402696922735,0.3333333333333333,2.005895,4.513325,0.2024737859560302
2026-03-31 05:00:00+00:00,DMU50_001,3600.0,960.0,840.0,881.596,2,1,1,9.74284,8.41736,1.21108,0.1144,1.68634,0.7333333333333333,0.9528173902785403,0.5,0.34936637643546475,0.5,1.68634,9.74284,0.13604657368898596
